HIERARCHY
ROOT BEC
{
	OFFSET 0 0 0
	CHANNELS 6 Xposition Yposition Zposition Zrotation Xrotation Yrotation
	JOINT ULW
	{
		OFFSET 0 67.309 48.741
		CHANNELS 3 Zrotation Xrotation Yrotation
		JOINT OLW
		{
			OFFSET 0 -36.7625 98.427
			CHANNELS 3 Zrotation Xrotation Yrotation
			JOINT UBW
			{
				OFFSET 0 20.1596 118.586
				CHANNELS 3 Zrotation Xrotation Yrotation
				JOINT OBW
				{
					OFFSET 0 43.7583 145.861
					CHANNELS 3 Zrotation Xrotation Yrotation
					JOINT UHW
					{
						OFFSET 0 22.5408 128.073
						CHANNELS 3 Zrotation Xrotation Yrotation
						JOINT BRK
						{
							OFFSET 0 -14.8338 65.376
							CHANNELS 3 Zrotation Xrotation Yrotation
							JOINT SB.R
							{
								OFFSET -25 -102.186 0
								CHANNELS 3 Zrotation Xrotation Yrotation
								JOINT OA.R
								{
									OFFSET -156.584 62 -27.6101
									CHANNELS 3 Zrotation Xrotation Yrotation
									JOINT UA.R
									{
										OFFSET -288.549 0 -50.8789
										CHANNELS 3 Zrotation Xrotation Yrotation
										JOINT HA.R
										{
											OFFSET -286.244 0 -50.4726
											CHANNELS 3 Zrotation Xrotation Yrotation
											JOINT FI.R
											{
												OFFSET -104.724 0 -18.4657
												CHANNELS 3 Zrotation Xrotation Yrotation
												End Site
												{
													OFFSET -116.359 0 -20.5172
												}
											}
										}
									}
								}
							}
							JOINT SB.L
							{
								OFFSET 25 -102.186 0
								CHANNELS 3 Zrotation Xrotation Yrotation
								JOINT OA.L
								{
									OFFSET 156.584 62 -27.6101
									CHANNELS 3 Zrotation Xrotation Yrotation
									JOINT UA.L
									{
										OFFSET 288.549 0 -50.8789
										CHANNELS 3 Zrotation Xrotation Yrotation
										JOINT HA.L
										{
											OFFSET 286.244 0 -50.4726
											CHANNELS 3 Zrotation Xrotation Yrotation
											JOINT FI.L
											{
												OFFSET 104.724 0 -18.4657
												CHANNELS 3 Zrotation Xrotation Yrotation
												End Site
												{
													OFFSET 116.359 0 -20.5172
												}
											}
										}
									}
								}
							}
						}
						JOINT OHW
						{
							OFFSET 0 -37.281 164.96
							CHANNELS 3 Zrotation Xrotation Yrotation
							JOINT KO
							{
								OFFSET 0 -24.3035 83.632
								CHANNELS 3 Zrotation Xrotation Yrotation
								JOINT SEH
								{
									OFFSET 0 -111.809 39.7332
									CHANNELS 3 Zrotation Xrotation Yrotation
									End Site
									{
										OFFSET 0 -476.858 -150.353
									}
								}
							}
						}
					}
				}
			}
		}
	}
	JOINT OS.R
	{
		OFFSET -94 0 0
		CHANNELS 3 Zrotation Xrotation Yrotation
		JOINT US.R
		{
			OFFSET 0 0 -476.386
			CHANNELS 3 Zrotation Xrotation Yrotation
			JOINT FU.R
			{
				OFFSET 0 0 -468.613
				CHANNELS 3 Zrotation Xrotation Yrotation
				JOINT FB.R
				{
					OFFSET 0 -167.938 -79.953
					CHANNELS 3 Zrotation Xrotation Yrotation
					End Site
					{
						OFFSET 0 -82.786 0
					}
				}
			}
		}
	}
	JOINT OS.L
	{
		OFFSET 94 0 0
		CHANNELS 3 Zrotation Xrotation Yrotation
		JOINT US.L
		{
			OFFSET 0 0 -476.386
			CHANNELS 3 Zrotation Xrotation Yrotation
			JOINT FU.L
			{
				OFFSET 0 0 -468.613
				CHANNELS 3 Zrotation Xrotation Yrotation
				JOINT FB.L
				{
					OFFSET 0 -167.938 -79.953
					CHANNELS 3 Zrotation Xrotation Yrotation
					End Site
					{
						OFFSET 0 -82.786 0
					}
				}
			}
		}
	}
}
MOTION
Frames: 1136
Frame Time: 0.4
1475.79 2480.4 918.097 -91.001 3.72436 3.758 -0 -7.95139e-16 0.0572958 -0 -0.0572958 0.0572958 -0.973983 1.80805 -1.8603 -2.58089 3.0511 -1.5258 -3.5743 -6.40869 -1.26056 1.20591e-15 -3.18055e-15 -7.45443e-16 -4.18259 -3.18055e-15 2.52101 42.0735 16.0479 -65.0408 24.5334 -4.18744 0.910847 2.38542e-15 9.54166e-15 6.36111e-15 2.38542e-15 9.54166e-15 6.36111e-15 16.2605 0.0561247 1.60429 -23.1507 9.76449 65.9718 -29.2465 -4.92375 -1.28541 -9.54166e-15 -7.95139e-16 9.54166e-15 -9.54166e-15 -7.95139e-16 9.54166e-15 5.21602 -2.44894 -1.61759 7.27594 1.08346 -1.46682 1.18028e-16 -1.04362e-15 1.19271e-15 -3.38971 -4.6358 -2.16833 -5.15237 8.21771 0.738404 -1.02226e-16 13.5218 0.171887 1.98785e-15 -6.36111e-15 -7.95139e-16 -0.803199 -4.30996 -3.21194 8.97076 4.86746 -0.767413 -6.8162e-17 -4.35448 1.44536e-15 9.54334e-16 0.0572958 1.3418e-15
1477.58 2472.07 929.969 -89.1058 1.04073 0.591 1.53748e-16 0 0.0572958 1.7549e-16 -1.98785e-16 -0.114592 -1.77724 2.01327 -0.22416 -3.619 4.14596 -0.197286 -2.8748 -4.82968 -0.930652 1.00945e-16 -0.0572958 -5.96354e-16 -0.171887 7.95139e-16 0.114592 33.4415 12.0016 -65.7421 19.0932 -3.30103 0.555312 8.74653e-15 5.96354e-15 -1.27222e-14 8.74653e-15 5.96354e-15 -1.27222e-14 9.83786 -0.167101 3.5524 -22.4807 8.79825 63.6079 -26.454 -4.54936 -1.05618 -1.59028e-14 -7.95139e-16 1.59028e-14 -1.59028e-14 -7.95139e-16 1.59028e-14 10.2096 2.68195 -0.94856 14.313 4.57939 -1.52169 4.37326e-15 6.36111e-15 -3.97569e-15 4.76385 -3.51645 1.27026 -19.1974 15.1385 5.19561 -3.7007e-15 -6.41713 0.229183 -2.98181e-15 -0.286479 -7.95149e-16 -9.93818 -4.36661 0.689782 12.9775 9.99935 -2.29148 5.33409e-15 6.58901 0.0572958 4.76462e-15 3.18055e-15 -7.01958e-16
1485.57 2479.5 932.844 -89.812 3.23354 2.01 -0.0303987 0.189666 0.0181617 -0.000455492 0.010733 -0.0161802 -1.31087 1.68203 -0.766325 -2.78425 3.3642 -0.633678 -2.45933 -5.90274 -1.02733 0.000730497 -0.0973488 0.000287804 -1.07179 -0.00191419 1.39275 33.1875 12.9608 -67.211 20.7374 -3.42141 0.703882 0.00351091 0.0199114 -6.10055e-07 6.55186e-11 3.71533e-10 6.36111e-15 9.38667 0.0595016 4.58823 -20.8726 10.1381 63.1146 -27.7031 -4.872 -1.24054 0.00023271 -0.00131977 2.68015e-09 -1.1546e-10 6.54808e-10 -3.18055e-15 9.66272 2.09368 -3.10292 13.5825 4.08083 -2.98493 0.00592888 -0.0669901 0.00106789 2.62078 -6.07745 -0.246409 -19.7552 12.5935 4.32826 0.0155423 -7.39023 1.03118 -0.00164119 -0.339318 -0.000176509 3.00225 -8.01032 -1.50619 5.59404 12.2872 -0.629309 -0.0510019 0.919394 0.146873 -0.00182842 0.0518644 0.00510026
1488.27 2481.03 937.548 -89.9075 3.92006 1.97 -0.016157 0.218005 0.023442 -0.00105742 -0.0057136 0.0157634 -1.08369 1.61163 -0.728038 -2.24828 3.12436 -0.601836 -1.9034 -6.2342 -0.964431 0.000507209 -0.0868948 0.00361834 -0.810751 -0.00385708 2.58304 32.5592 12.5524 -69.185 20.0382 -2.97822 0.760509 0.00159531 0.00904744 -1.25956e-07 -2.93838e-10 -1.6664e-09 6.36111e-15 7.48262 0.177353 6.49146 -19.3775 11.1119 61.5656 -28.119 -5.07427 -1.29942 0.000813223 -0.00461202 3.27301e-08 -1.42966e-10 8.10805e-10 -1.27222e-14 10.2206 3.24051 -3.93018 14.3614 4.79658 -3.72035 0.00247947 -0.0146022 0.0010376 4.87269 -6.63903 0.0245006 -23.1923 11.6289 4.48959 -0.0152784 -10.3638 0.744104 -0.00269101 -0.465501 -0.0100094 8.23334 -10.2095 -1.38761 1.61656 14.9506 0.093993 -0.0693685 -1.92474 0.225365 -0.00164514 0.0477316 0.00457523
1488.39 2481.67 940.747 -90.201 4.55982 1.76 0.0015036 0.164769 0.058979 -0.00134404 -0.0463409 0.0548168 -0.710076 1.61469 -0.677312 -1.43673 2.89052 -0.558095 -1.24423 -6.55874 -0.767835 -0.000334307 -0.00920501 0.00733318 -0.866504 -0.00483249 4.67632 34.3085 11.96 -71.8992 19.1347 -2.5235 0.794443 0.000630294 0.00357457 -1.96614e-08 1.58585e-10 8.99397e-10 1.27222e-14 5.93274 0.257047 8.4778 -17.8097 12.1897 59.8721 -28.8727 -5.32389 -1.38906 0.00187748 -0.0106477 1.74453e-07 -1.19656e-10 6.7867e-10 -0 10.0395 4.59512 -4.17791 14.1284 5.72853 -3.98653 -0.000412893 0.0172668 0.000525155 7.9338 -6.5311 0.584159 -25.4499 9.84007 4.11314 -0.0043226 -10.6375 0.618397 -0.0019016 -0.578174 -0.011386 12.9701 -12.0805 -1.11568 -2.65358 17.4156 1.27886 -0.0696216 -6.08683 0.220034 -0.00113452 0.0300982 0.00293805
1487 2481.46 942.381 -90.5969 4.81213 1.141 0.00585359 0.0694404 0.112269 -0.000262093 -0.0550641 0.0655025 -0.262755 1.71445 -0.430366 -0.443471 2.86146 -0.342903 -0.405307 -6.6067 -0.355481 -0.00147245 0.115648 0.00860873 -0.941538 -0.00756148 7.11024 36.9421 10.5364 -74.8753 17.9801 -2.13688 0.709007 -6.28869e-05 -0.00035665 -1.95741e-10 -8.8454e-10 -5.01652e-09 -1.27222e-14 4.25064 0.231611 9.78936 -16.3219 12.8341 58.5907 -29.7029 -5.55676 -1.51231 0.00296712 -0.0168274 4.3571e-07 -3.75964e-10 2.13211e-09 1.90833e-14 9.3995 6.42769 -3.93449 13.2479 7.04568 -3.86613 -0.000741006 0.00201356 0.000640307 11.3734 -5.79078 1.46684 -27.3223 8.3278 3.8823 -0.00693068 -11.0267 0.447011 -0.000717176 -0.663093 -0.0053381 16.8932 -13.6476 -0.716287 -7.15095 20.301 3.19423 -0.0517935 -9.67608 0.0465933 -0.00102016 0.0107274 0.000915337
1485.5 2482 942.167 -91.1466 4.73417 0.459 0.00314996 0.00103185 0.158807 0.00151299 0.0567659 0.0287742 0.259516 1.89591 -0.0802939 0.724105 3.08424 -0.0212818 0.597839 -6.35217 0.20192 -0.00143843 0.228289 0.00692215 -1.13874 -0.00866339 9.39786 38.7593 8.54398 -77.3833 17.2834 -1.96854 0.576429 -0.000447784 -0.00253951 -9.92352e-09 -1.14595e-09 -6.49901e-09 6.36111e-15 2.45547 0.13506 9.7888 -14.9148 12.7571 58.4004 -30.6911 -5.75187 -1.66406 0.00364191 -0.0206543 6.56427e-07 -8.11646e-10 4.6031e-09 -1.90833e-14 8.38318 8.22874 -3.60485 11.8173 8.35829 -3.58569 0.00127417 -0.0407061 0.00103028 13.9244 -4.86167 2.15464 -28.5716 7.34387 3.76259 -0.0150166 -12.8515 0.307146 0.000376146 -0.694064 0.000625767 21.2076 -15.4378 -0.488179 -12.7399 23.8096 6.12813 -0.0530779 -12.6795 0.0147899 -0.00144256 0.00825936 -0.000567619
1483.62 2483.34 940.728 -91.599 4.25321 -0.117 0.00012571 -0.0148126 0.17645 0.00222422 0.350259 -0.0627021 0.776408 2.19222 0.301281 1.90517 3.61308 0.333666 1.64826 -5.782 0.780814 -0.00041639 0.301996 0.00463818 -1.35657 -0.00191883 11.0481 38.1224 6.55455 -79.0136 17.2334 -1.96243 0.537225 -0.00123215 -0.00698789 -7.51378e-08 -5.67646e-10 -3.21927e-09 6.36111e-15 0.660661 0.0289464 8.48804 -13.6771 11.9192 59.4003 -31.7491 -5.89811 -1.77857 0.00234238 -0.0132843 2.71545e-07 -1.08742e-09 6.16703e-09 -1.27222e-14 7.31405 9.55704 -3.32073 10.2837 9.34186 -3.2598 0.00348758 -0.102792 0.000595301 15.5521 -3.72124 2.48795 -29.5024 6.78964 3.65374 -0.0297326 -16.0749 0.189503 0.00118148 -0.673629 0.00255685 25.0814 -17.4176 -0.658284 -19.2745 27.4539 9.98364 -0.0403108 -15.378 0.170256 -0.00161496 0.0184759 -0.00056435
1480.76 2484.23 939.096 -91.5869 3.45629 -0.57 -0.000914499 0.0227782 0.142276 0.00270042 0.804361 -0.191093 1.17876 2.60419 0.686241 2.84949 4.36114 0.673614 2.54804 -4.99226 1.31582 0.000608291 0.349769 0.00350494 -1.34329 0.0172576 11.6613 34.5945 5.14656 -79.7335 17.7599 -2.02681 0.629016 -0.00254475 -0.014432 -3.20492e-07 3.22986e-10 1.83175e-09 -6.36111e-15 -0.73571 -0.0416096 6.30886 -12.9564 10.5766 61.216 -32.5161 -5.98678 -1.77825 -0.00264552 0.0150035 3.46378e-07 3.72977e-10 -2.11532e-09 1.27222e-14 6.37215 10.1184 -3.01266 8.92419 9.79764 -2.89009 0.00665841 -0.193342 0.000252444 16.7461 -2.17725 2.58172 -30.6299 6.13913 3.35393 -0.0356815 -19.0794 0.0956796 0.00146763 -0.62182 0.00214098 27.2407 -19.2358 -1.29259 -25.5817 30.2031 14.0221 -0.00897169 -17.9699 0.278472 -0.00146402 0.0237553 0.000865523
1477.37 2482.97 938.231 -90.7958 2.62633 -1.011 -0.000601925 0.102324 0.0398578 0.00391225 1.30087 -0.326359 1.38132 3.07413 1.11302 3.33398 5.15232 1.02773 3.09909 -4.12959 1.84714 0.00198149 0.388785 0.00247403 -0.858811 0.0447984 11.1164 28.921 4.39212 -79.6819 18.744 -2.13544 0.785231 -0.00384927 -0.0218303 -7.33305e-07 2.09056e-09 1.18562e-08 1.27222e-14 -1.44858 -0.0745443 3.77529 -12.8819 9.06699 63.2585 -32.6821 -6.02028 -1.67494 -0.0107476 0.0609528 5.71681e-06 1.14611e-08 -6.49991e-08 -1.27222e-14 5.42012 9.86645 -2.51488 7.56559 9.69384 -2.3703 0.0081998 -0.299861 -8.75714e-05 17.9041 -0.267486 2.70706 -32.5103 4.98993 2.75839 -0.0304505 -20.2923 0.0538029 0.00111451 -0.564086 0.000947133 27.2796 -20.518 -2.05237 -29.5443 31.3493 16.5772 -0.0679535 -19.9624 0.188551 -0.00210259 0.0112899 0.00226814
1474.65 2478.88 938.596 -89.1632 2.07967 -1.519 0.00157697 0.206567 -0.127008 0.00400784 1.6952 -0.45113 1.39135 3.52606 1.62102 3.35335 5.8377 1.4527 3.248 -3.33126 2.45062 0.00493787 0.416028 3.20944e-05 0.0315962 0.0606345 9.60174 22.2887 3.94782 -79.0559 20.0746 -2.2398 0.914413 -0.00399749 -0.0226709 -7.90867e-07 3.75603e-09 2.13015e-08 9.54166e-15 -1.71957 -0.0948772 1.20648 -13.2205 7.70364 65.1705 -32.2116 -5.9804 -1.54942 -0.0195229 0.11072 1.88633e-05 2.13245e-08 -1.20937e-07 -3.18055e-15 4.15985 8.95493 -1.80044 5.78112 9.11347 -1.66702 0.0033076 -0.349942 -0.00497077 18.7887 1.59747 3.04324 -35.0347 3.50606 1.99836 -0.0309936 -19.4336 0.0530227 0.000577829 -0.521327 -0.000204911 26.2135 -21.1945 -2.29808 -29.3193 30.9086 15.9021 -0.359839 -20.6417 0.110591 -0.00329827 -0.0158739 0.00365442
1473.05 2472.85 940.027 -86.9521 1.97908 -2.01 0.00288486 0.309834 -0.324217 0.00214201 1.92303 -0.579641 1.32487 3.87301 2.1621 3.15217 6.32207 1.92549 3.1315 -2.72516 3.0807 0.00917082 0.416742 -0.00325617 0.87174 0.0380985 7.56318 15.9403 3.502 -78.099 21.5402 -2.30847 0.959621 -0.00226947 -0.0128708 -2.54904e-07 2.58647e-09 1.46687e-08 1.27222e-14 -2.20513 -0.112731 -1.26942 -13.8623 6.80328 67.0137 -31.1056 -5.74514 -1.48146 -0.0248893 0.141154 3.06587e-05 -7.15526e-09 4.05795e-08 6.36111e-15 2.55018 7.7416 -1.11446 3.49751 8.27503 -0.990563 -0.00331707 -0.263797 -0.0107629 18.8929 2.9188 3.54354 -37.53 2.23809 1.38097 -0.0309784 -17.6318 0.068544 0.000372114 -0.50305 -0.000575018 25.5972 -21.4758 -1.68152 -25.1042 28.7463 12.0009 -0.759093 -19.8252 0.210618 -0.00387284 -0.0488033 0.00824609
1471.68 2466.58 941.596 -84.4943 2.30948 -2.305 -0.0020918 0.390659 -0.501463 0.000306239 2.01274 -0.741728 1.30083 4.04334 2.63647 3.00016 6.56885 2.35073 2.94228 -2.40921 3.59834 0.0120919 0.379583 -0.00586462 1.02884 -0.0155691 5.56042 11.0212 2.93878 -77.109 22.8501 -2.4057 0.938016 0.00113096 0.00641401 -6.33031e-08 -2.97887e-10 -1.68933e-09 -0 -3.2946 -0.0906448 -3.73842 -15.3127 6.47114 69.122 -29.2392 -5.12389 -1.52648 -0.0236543 0.13415 2.76917e-05 4.24e-08 -2.40462e-07 9.54166e-15 0.923641 6.60161 -0.740521 1.18695 7.45258 -0.601093 -0.00452276 -0.068541 -0.0078494 17.9647 3.38802 3.98677 -39.4103 1.6523 1.17945 -0.00811526 -16.4587 0.0911178 0.000181155 -0.49844 -0.000282204 26.1622 -21.6423 -0.45899 -19.1941 24.5915 7.10313 -0.894952 -17.8007 0.282059 -0.00338304 -0.0794526 0.0118028
1468.67 2460.94 942.321 -82.0902 2.89938 -2.283 -0.0103221 0.442577 -0.625549 -0.000408617 2.02996 -0.953101 1.36794 4.03761 2.96214 3.02873 6.61172 2.64284 2.84564 -2.37416 3.90523 0.0113645 0.309146 -0.00653905 0.167008 -0.0571584 3.96861 8.42833 2.3151 -76.2079 23.808 -2.67634 0.924733 0.00652877 0.0370265 -2.10956e-06 -1.60784e-08 -9.1185e-08 -9.54166e-15 -4.75765 -0.00230423 -6.31665 -18.5261 6.31022 71.7663 -26.2448 -4.02965 -1.64973 -0.0203891 0.115632 2.05743e-05 4.22646e-07 -2.39694e-06 1.90833e-14 -0.222468 5.68064 -0.765715 -0.441979 6.78974 -0.572916 -0.00246 0.108992 -0.00132951 16.1846 3.11439 4.13668 -40.4469 1.8415 1.4803 0.0215249 -16.5756 0.111499 -0.000776564 -0.485717 3.17055e-05 27.2235 -21.8554 0.703934 -13.773 19.2398 3.55574 -0.655286 -15.19 0.0261765 -0.00248665 -0.103857 0.00726127
1462.3 2455 941.834 -80.0786 3.49549 -1.942 -0.0118178 0.46384 -0.698207 -0.000480899 2.02486 -1.18731 1.50273 3.92637 3.11085 3.20536 6.5498 2.77934 2.89724 -2.48689 3.99827 0.00757744 0.228488 -0.00485684 -1.45625 -0.0585014 2.93151 8.62988 1.72323 -75.2926 24.5259 -3.22485 0.976614 0.0153819 0.0872349 -1.17097e-05 -9.00846e-08 -5.10895e-07 -3.18055e-15 -5.92437 0.113588 -8.80815 -23.8816 5.66105 74.708 -22.0092 -2.68239 -1.65541 -0.0228993 0.129868 2.5952e-05 8.6462e-07 -4.9035e-06 4.45278e-14 -0.587713 4.83911 -1.09554 -0.962067 6.20508 -0.819677 -0.00132216 0.173576 -0.00137381 14.1909 2.57148 3.90742 -40.8012 2.60691 2.1853 0.020126 -17.5626 0.116928 -0.00242871 -0.448626 0.00047878 27.3895 -22.1132 1.14025 -9.39037 14.2668 1.81463 -0.314965 -12.9524 -0.517097 -0.00153156 -0.120575 0.00170388
1451.79 2446.9 940.484 -78.76 3.84685 -1.365 -0.00286996 0.452132 -0.746698 -1.36013e-05 2.01167 -1.3897 1.6305 3.82259 3.1336 3.38841 6.52517 2.80845 3.01589 -2.55376 3.97043 0.00299628 0.159509 -0.00229402 -3.10086 -0.0303722 2.22352 11.1281 1.23258 -74.1006 25.476 -3.89315 1.05395 0.0276194 0.156637 -3.77534e-05 -2.72642e-07 -1.54623e-06 -1.27222e-14 -6.17506 0.19562 -10.7814 -30.5289 4.3585 77.1921 -17.2666 -1.59951 -1.35298 -0.0282962 0.160475 3.96264e-05 7.40382e-07 -4.19891e-06 2.06736e-14 -0.294385 3.86759 -1.57599 -0.530241 5.53818 -1.21327 -0.000909566 0.141108 -0.00326078 12.5822 2.26223 3.4336 -40.5015 3.77868 3.13758 -0.0145639 -18.7089 0.105809 -0.00350382 -0.389381 0.00131958 25.8643 -22.2383 0.540259 -5.80288 10.7748 1.0472 -0.105559 -11.8478 -1.00537 -0.00060683 -0.1259 -0.00011351
1437.27 2435.46 939.083 -78.244 3.82074 -0.645 0.00963344 0.401621 -0.796582 0.0010876 1.98578 -1.53344 1.69012 3.79255 3.12996 3.44902 6.62204 2.8184 3.07505 -2.44968 3.96347 -0.00108226 0.107693 -0.000826771 -4.00269 0.0106987 1.30663 14.5824 0.932031 -72.4052 26.9969 -4.33575 1.12672 0.0374028 0.212121 -6.92365e-05 -4.86129e-07 -2.75698e-06 -2.8625e-14 -5.47601 0.221263 -11.8018 -36.981 3.19651 78.5873 -13.1807 -1.24112 -0.834749 -0.0249272 0.141369 3.07521e-05 2.83296e-07 -1.60665e-06 7.95139e-15 0.283196 2.80826 -2.16542 0.3248 4.80326 -1.69441 -0.000692038 0.0806592 -0.00215632 11.5631 2.45317 2.90091 -39.4248 5.31261 4.21823 -0.0476691 -19.6356 0.0986916 -0.00298228 -0.329131 0.00148753 23.0111 -22.0189 -0.899887 -2.89104 9.13525 0.516435 -0.0329474 -12.1527 -1.21021 9.01875e-05 -0.121533 0.000144587
1419.52 2420.65 938.054 -78.139 3.45342 0.082 0.0154617 0.310583 -0.856277 0.00228851 1.9412 -1.63281 1.63458 3.82638 3.19356 3.28139 6.8251 2.90968 2.93432 -2.17934 4.07934 -0.00392352 0.0783187 -0.00105131 -3.86051 0.05682 -0.14701 17.6329 0.835445 -70.4092 28.9099 -4.39693 1.24187 0.0361273 0.204887 -6.45951e-05 -3.79424e-07 -2.15182e-06 -1.27222e-14 -4.38059 0.195875 -11.7107 -41.7543 3.28367 78.9202 -10.7318 -1.55758 -0.401809 -0.0119344 0.0676833 7.04903e-06 9.00113e-08 -5.10479e-07 3.97569e-15 0.805648 1.92057 -2.90092 1.1095 4.17681 -2.26642 -0.00108371 0.0494576 -0.000363274 11.0428 3.21221 2.42288 -37.9251 7.05986 5.31633 -0.0691896 -20.3771 0.121221 -0.00134721 -0.289038 0.000288307 19.834 -21.4915 -2.52944 -0.826861 9.37047 0.0889032 -0.0263846 -13.4751 -1.18009 0.00050832 -0.11558 0.000834503
1399.54 2402.92 937.26 -77.704 2.86386 0.643 0.0103469 0.198881 -0.917821 0.00285988 1.87861 -1.70513 1.4662 3.89429 3.35619 2.88693 7.07426 3.12924 2.58188 -1.82042 4.32593 -0.00364804 0.092203 -0.00163788 -3.0226 0.0808276 -1.99394 19.3781 0.78732 -68.6526 30.6196 -4.21021 1.41495 0.0229635 0.130232 -2.60977e-05 -1.24233e-07 -7.0456e-07 3.18055e-15 -3.72299 0.132215 -10.7195 -43.6576 4.98608 78.5971 -10.2771 -2.00042 -0.281316 0.000784734 -0.00445045 3.04771e-08 1.13382e-09 -6.43017e-09 -5.1684e-15 1.03578 1.4877 -3.6764 1.47163 3.86695 -2.84416 -0.00172366 0.0433431 2.76858e-05 10.7298 4.48165 2.05445 -36.9133 8.71284 6.37618 -0.138781 -20.7128 0.14871 -0.000355417 -0.271528 -0.0015521 17.1543 -20.9506 -3.65749 0.239786 11.3201 -0.0661464 -0.071248 -14.7093 -1.08767 0.000746221 -0.116511 0.000843195
1377.97 2382.56 936.558 -76.538 2.13041 0.927 -0.00173564 0.100596 -0.963918 0.00272544 1.81991 -1.73674 1.28245 3.98321 3.56731 2.49534 7.33678 3.40254 2.23057 -1.44421 4.60129 0.000190889 0.142126 -0.00120619 -2.30773 0.0594349 -3.65661 19.6928 0.611402 -67.6035 31.4662 -3.94714 1.56105 0.00742854 0.0421293 -2.73109e-06 -2.11676e-08 -1.20048e-07 -3.18055e-15 -4.16601 0.0864546 -9.21625 -42.8207 7.59926 77.8681 -11.2772 -2.29816 -0.405125 0.00792741 -0.0449586 3.11022e-06 -1.09297e-08 6.19852e-08 7.55382e-15 0.833526 1.62251 -4.19491 1.18812 3.97504 -3.2081 -0.00165112 0.0300784 9.7757e-05 10.3601 6.07886 1.85259 -37.2982 10.0646 7.5 -0.323843 -19.8716 0.0422352 -0.00195688 -0.255954 -0.00433478 15.3468 -20.5359 -3.94413 0.440244 14.5291 0.0689355 -0.146271 -14.9805 -1.00896 0.00106523 -0.132858 0.00031182
1355.1 2359.66 936.217 -74.976 1.21976 0.934 -0.0130684 0.0354794 -0.981651 0.00228908 1.81808 -1.69394 1.21791 4.1164 3.74495 2.43538 7.64421 3.58784 2.16125 -1.06379 4.76346 0.00309614 0.173247 -0.000392829 -2.42519 0.0251124 -4.54313 19.1308 0.357354 -67.3335 31.3752 -3.66917 1.61295 -0.00254491 -0.0144329 -3.20533e-07 4.81135e-10 2.72869e-09 3.18055e-15 -5.78311 0.124761 -7.81792 -40.5413 9.80329 77.0502 -12.7544 -2.51647 -0.53759 0.00908429 -0.0515195 4.08423e-06 -1.80996e-08 1.02648e-07 6.75868e-15 0.217824 2.17495 -4.18496 0.289799 4.40048 -3.16 -0.00107101 0.00977876 0.000114962 9.67645 7.668 2.00461 -38.9672 11.3846 8.88476 -0.577413 -17.3091 -0.242168 -0.00628083 -0.215438 -0.00917571 14.4337 -19.9135 -3.50645 0.0153555 18.1578 0.314229 -0.184025 -14.3553 -0.970032 0.00152647 -0.173604 0.00161165
1331.21 2334.97 936.734 -73.79 0.106466 0.77 -0.0181883 -0.0153155 -0.959836 0.00161583 1.93004 -1.5629 1.36235 4.31379 3.83376 2.8796 8.00966 3.60026 2.53674 -0.68262 4.77197 0.00222227 0.16369 0.000130297 -3.49562 0.0162302 -4.57029 18.4289 0.308148 -67.4932 30.957 -3.40428 1.59044 -0.00592751 -0.0336166 -1.7389e-06 2.42416e-09 1.37481e-08 -3.18055e-15 -8.0738 0.224227 -7.3184 -38.3085 10.5377 76.7534 -13.9471 -2.63264 -0.546834 0.00446598 -0.0253278 9.87102e-07 -1.29354e-08 7.33606e-08 -3.57812e-15 -0.664975 2.82052 -3.69915 -0.978744 4.88748 -2.73747 -0.000603552 -0.00465465 8.34097e-05 8.40084 8.72684 2.80444 -40.7021 13.3504 10.7024 -0.745019 -13.1134 -0.441408 -0.0113422 -0.137274 -0.0131122 14.0551 -18.5797 -2.84643 -0.694522 21.2353 0.527491 -0.157 -13.6878 -0.98995 0.00189691 -0.248299 0.00669083
1307.02 2309.3 938.381 -73.402 -1.11767 0.486 -0.0218015 -0.100679 -0.886616 0.0015036 2.16888 -1.36632 1.66937 4.58447 3.84278 3.65509 8.41617 3.49554 3.24066 -0.301496 4.71444 0.000702911 0.142316 0.000267604 -5.05963 0.0221574 -4.13757 18.0307 0.643123 -67.624 30.9543 -3.215 1.5508 -0.0040009 -0.0226902 -7.92216e-07 2.26406e-09 1.28401e-08 -9.54166e-15 -10.3351 0.287842 -8.21092 -37.1374 9.57259 77.3605 -14.6261 -2.63012 -0.478413 -0.00388995 0.022061 7.48889e-07 -7.60379e-09 4.31233e-08 -1.07344e-14 -1.58747 3.10512 -3.07032 -2.27913 5.09447 -2.19916 -0.000386998 -0.00789685 3.73231e-05 6.46932 8.73646 4.47738 -41.1547 16.5293 12.9652 -0.727176 -7.87929 -0.239 -0.0142782 -0.0286599 -0.0105046 13.6611 -16.2663 -2.27589 -1.20433 23.0096 0.642032 -0.095692 -13.8562 -1.05051 0.00198702 -0.359347 0.0119245
1283.84 2283.07 941.131 -73.589 -2.30461 0.019 -0.0301244 -0.253721 -0.765655 0.00298389 2.49528 -1.14991 2.00044 4.93437 3.84733 4.35747 8.87206 3.42563 3.95989 0.12534 4.7355 0.00092044 0.123969 -0.000408911 -6.43804 0.0175671 -3.74701 17.7175 1.19024 -67.544 31.7814 -3.16348 1.5695 -0.000127348 -0.000722226 -8.02635e-10 1.19975e-09 6.80402e-09 -3.18055e-15 -12.2073 0.241322 -10.2496 -36.6999 7.49887 78.4404 -15.1421 -2.64578 -0.435162 -0.0130397 0.0739515 8.41513e-06 -1.29348e-08 7.33569e-08 -1.59028e-15 -2.37146 2.70676 -2.62867 -3.37351 4.80636 -1.80942 -0.000461868 0.00503218 -0.000232331 4.14261 7.31815 6.91805 -39.8132 21.1998 15.4938 -0.57133 -2.57655 0.266221 -0.0130263 0.0876316 -0.00165997 12.9298 -13.0501 -1.58306 -1.03987 23.2228 0.536441 -0.0353284 -15.0207 -1.15896 0.00189301 -0.494653 0.0111626
1262.7 2257.02 944.69 -74.027 -3.33626 -0.655 -0.0391358 -0.45809 -0.622716 0.00483394 2.84457 -0.960952 2.27172 5.32462 3.94579 4.72029 9.36257 3.49443 4.49494 0.611135 4.96178 0.00115965 0.0988048 -0.00122989 -7.26349 0.00252332 -3.59473 17.1225 1.54411 -67.4698 33.1599 -3.24245 1.67238 0.00180626 0.0102438 -1.61468e-07 2.62246e-10 1.48734e-09 3.18055e-15 -13.7419 0.0899607 -12.427 -35.7025 5.45364 79.0113 -16.1328 -2.7784 -0.506483 -0.0258472 0.146587 3.3064e-05 -7.87839e-08 4.46806e-07 -6.36111e-15 -3.0534 1.77504 -2.55412 -4.32663 4.14732 -1.69407 -0.00119084 0.0526716 -0.00167353 2.07336 4.35674 9.59392 -37.3161 27.2907 18.0328 -0.369284 1.61471 0.609372 -0.00858467 0.188768 0.00639645 12.0438 -9.22221 -0.49318 0.057351 21.9809 0.105244 -0.00333725 -16.7005 -1.3103 0.00173466 -0.631973 0.0050576
1243.63 2232.53 948.799 -74.907 -4.19126 -1.444 -0.0388575 -0.674622 -0.48788 0.00435515 3.15799 -0.833335 2.50763 5.69495 4.18635 4.84677 9.83309 3.67882 4.90264 1.09881 5.39744 8.02632e-05 0.0750936 -0.001811 -7.57964 -0.0120713 -3.50645 16.4048 1.37997 -67.6489 34.5326 -3.40033 1.80457 0.00229877 0.013037 -2.6153e-07 3.13945e-10 1.78047e-09 -2.22639e-14 -15.0598 -0.103385 -13.5742 -32.8989 4.32767 78.2704 -18.124 -2.91816 -0.755003 -0.0502965 0.285243 0.000125199 -4.77352e-07 2.7072e-06 1.03368e-14 -3.73227 0.886154 -2.819 -5.28074 3.52706 -1.82524 -0.00312852 0.14364 -0.00402016 1.17341 0.149198 11.8349 -34.4978 34.4154 20.2828 -0.28237 3.12836 0.318166 -0.00382066 0.260863 0.00940092 11.5537 -4.96295 0.846008 1.89463 19.3264 -0.4667 -0.00697753 -18.0248 -1.44378 0.00141806 -0.749052 0.000851399
1225.7 2211.59 953.066 -76.826 -4.89671 -2.149 -0.0263328 -0.881353 -0.376749 0.00129839 3.40293 -0.776581 2.80401 5.99694 4.52622 5.08848 10.2089 3.88327 5.40083 1.50244 5.92531 -0.000490497 0.0821865 -0.00305279 -7.56007 -0.0235195 -3.33338 16.0551 0.791761 -67.9833 35.9475 -3.64585 1.93731 0.00488294 0.0276925 -1.18002e-06 1.57395e-09 8.92646e-09 1.27222e-14 -16.0412 -0.277478 -13.1694 -28.1838 3.99676 75.8743 -21.2533 -3.05717 -1.0944 -0.0860925 0.488243 0.000366818 -2.4696e-06 1.40058e-05 2.97382e-13 -4.43182 0.583512 -3.33774 -6.282 3.32529 -2.13645 -0.00732465 0.258708 -0.00422233 2.07777 -4.69082 13.0603 -31.3285 41.8858 21.5628 -0.626088 0.714841 -0.672032 -0.000428898 0.302356 0.0126082 11.9139 -0.402869 1.89987 3.85462 15.4519 -0.764394 -0.0279612 -18.1558 -1.57019 0.00089832 -0.833691 0.00150527
1207.47 2195.24 956.714 -80.0991 -5.49932 -2.638 -0.0127603 -1.0753 -0.290392 -0.00120594 3.57137 -0.783868 3.22883 6.21346 4.88729 5.74928 10.4503 4.0499 6.16733 1.76989 6.42924 0.00113619 0.128175 -0.0041562 -7.31703 -0.0294138 -3.26634 16.3944 0.313312 -68.0071 38.0097 -4.07711 2.11121 0.010549 0.0598261 -5.50741e-06 5.91203e-09 3.35288e-08 -0 -16.3609 -0.400494 -11.5536 -23.0652 3.5541 72.0561 -25.1402 -3.46268 -1.37106 -0.117319 0.66532 0.000681164 -6.70753e-06 3.80403e-05 2.21685e-12 -5.13755 0.97215 -4.06615 -7.31811 3.61824 -2.58979 -0.0140722 0.347891 -0.000872054 4.63057 -9.28671 13.0401 -26.7182 48.3122 20.3988 -1.4844 -5.12039 -1.73255 0.00209189 0.324872 0.021315 13.2122 4.32391 2.34886 5.56929 10.7888 -0.638387 -0.0549613 -16.6759 -1.74815 0.000494289 -0.882337 0.00309451
1187.96 2182.21 959.245 -84.307 -6.07575 -3.035 -0.0101389 -1.24512 -0.219167 -0.00147623 3.67423 -0.847409 3.75776 6.3642 5.23154 6.89718 10.6191 4.18467 7.16556 1.96178 6.85941 0.00348414 0.184994 -0.00330181 -6.8263 -0.0278712 -3.65916 17.1461 0.506348 -67.2707 41.3235 -4.78592 2.41719 0.0144827 0.0821355 -1.03807e-05 7.56016e-09 4.28758e-08 -9.54166e-15 -16.0619 -0.462041 -9.5102 -19.4929 2.36459 67.6311 -28.972 -4.31902 -1.55107 -0.127302 0.721928 0.000802017 -8.53752e-06 4.84187e-05 3.60516e-12 -5.87323 1.78888 -4.87995 -8.39446 4.22246 -3.09532 -0.0196325 0.359256 0.00263147 7.77963 -12.8089 12.0808 -20.2849 51.6253 16.2311 -2.14855 -12.0435 -1.96706 0.00394099 0.341434 0.0270348 15.0833 9.06958 2.49443 7.15863 5.90088 -0.246657 -0.0893392 -13.475 -1.90256 0.000169426 -0.896052 0.00288914
1167.23 2170.46 960.758 -88.5626 -6.62963 -3.601 -0.017267 -1.35356 -0.140273 -0.000575664 3.73182 -0.947048 4.33899 6.47547 5.59116 8.38191 10.8156 4.31985 8.22134 2.1775 7.25994 0.00409084 0.219258 -0.00150505 -6.1704 -0.0199527 -4.6538 17.6315 1.51465 -65.8374 45.9079 -5.70936 2.93245 0.0112063 0.0635538 -6.21511e-06 -7.94506e-10 -4.5059e-09 -3.18055e-15 -15.6868 -0.465521 -7.77777 -18.656 0.664592 63.3415 -32.0382 -5.42813 -1.70254 -0.121081 0.68665 0.000725543 -5.07329e-06 2.8772e-05 1.26586e-12 -6.76932 2.66525 -5.6139 -9.65709 4.87796 -3.52796 -0.0189492 0.283379 0.00448067 10.0399 -14.9466 10.7089 -14.4846 50.4401 11.6717 -1.83261 -17.368 -1.2518 0.00450526 0.358938 0.0181644 17.0096 13.4933 2.86213 8.59163 1.54795 0.223509 -0.118017 -8.94658 -1.93426 -0.000237325 -0.881724 0.00161881
1146.12 2159 961.879 -92.2829 -7.04696 -4.487 -0.0201084 -1.37424 -0.0228098 0.000269668 3.76506 -1.04748 4.97052 6.57955 6.01294 9.99325 11.0892 4.48386 9.23867 2.45385 7.69522 0.00299474 0.223076 -0.00101472 -5.59438 -0.00997041 -6.13056 17.577 2.91046 -64.007 50.9422 -6.66296 3.60191 0.00506231 0.0287098 -1.26831e-06 -2.97767e-09 -1.68872e-08 -0 -15.7007 -0.439582 -6.65528 -20.4 -0.966899 59.3444 -34.3412 -6.40357 -1.83613 -0.118324 0.67102 0.000692886 2.28673e-07 -1.29687e-06 -0 -7.82255 3.33852 -6.15844 -11.1066 5.39644 -3.80883 -0.0120254 0.15824 0.00460828 10.5138 -15.9917 9.28507 -10.9056 45.4447 8.66911 -1.07778 -20.0888 -0.408477 0.00545779 0.3833 0.004462 18.7013 17.1853 3.70376 9.60243 -1.68904 0.621084 -0.0959897 -3.79301 -1.93902 5.53446e-05 -0.844733 -0.000825172
1125.64 2148.29 963.254 -95.5311 -7.21729 -5.57 -0.0125868 -1.3316 0.153694 0.000284205 3.80417 -1.11958 5.68118 6.70659 6.46283 11.6031 11.4243 4.65693 10.2512 2.78551 8.14352 0.00136201 0.206923 -0.00141623 -5.22965 -0.00365213 -7.84635 17.2732 4.02631 -61.8867 55.3906 -7.49466 4.27127 0.00602961 0.0341956 -1.79932e-06 -5.42e-09 -3.07384e-08 -6.36111e-15 -16.0603 -0.427258 -5.78935 -23.7588 -2.26283 55.2591 -36.3575 -7.04541 -1.93403 -0.130207 0.7384 0.000839035 4.07161e-06 -2.30913e-05 8.23764e-13 -8.80077 3.64988 -6.6007 -12.4472 5.66208 -4.02495 -0.00486424 0.0410651 0.00301807 9.46168 -16.487 7.775 -8.3375 38.4539 6.3947 -0.793825 -21.0781 0.00490879 0.0100209 0.427074 -0.00659042 20.1006 19.8067 4.8664 9.85095 -3.40873 0.743414 0.0199644 1.31647 -2.07292 0.0018469 -0.78831 -0.00585056
1105.94 2139.35 964.711 -98.632 -7.14883 -6.538 -0.00328362 -1.28958 0.377421 -0.00135143 3.88004 -1.15224 6.46313 6.85837 6.8431 13.14 11.7593 4.80072 11.3321 3.14974 8.5414 0.000243869 0.190424 -0.00135698 -5.00793 -0.00410869 -9.55152 17.0081 4.50179 -59.5092 58.7715 -8.13358 4.82637 0.0148409 0.0841668 -1.09005e-05 -1.29507e-08 -7.34472e-08 -3.18055e-15 -16.2723 -0.459919 -4.57059 -27.8869 -3.26884 50.5791 -38.3283 -7.34953 -2.07224 -0.142756 0.809557 0.00100855 3.50365e-06 -1.98702e-05 6.07486e-13 -9.47678 3.42962 -7.32904 -13.3914 5.57773 -4.49123 -0.00169887 -0.0648163 0.000770858 8.1797 -16.6496 5.99666 -5.82028 30.9513 4.08986 -0.88528 -21.3318 0.0998309 0.016792 0.504813 -0.010835 21.3149 21.309 5.94682 9.17921 -3.44219 0.469311 0.159262 5.51678 -2.24263 0.00395939 -0.717591 -0.0112738
1086.25 2132.2 965.351 -101.599 -6.96139 -7.138 0.00266167 -1.30406 0.603097 -0.00400236 3.99888 -1.14937 7.21037 6.99152 7.05283 14.4812 12.0126 4.88093 12.4188 3.51691 8.81836 0.000319202 0.191971 -0.000903197 -4.72812 -0.00859436 -11.0129 16.7636 4.38537 -57.0063 61.2506 -8.57281 5.24945 0.0227035 0.128758 -2.55102e-05 -6.24931e-10 -3.54408e-09 -0 -15.8397 -0.532787 -2.71905 -32.2487 -4.15067 45.3215 -39.9872 -7.40521 -2.2876 -0.13305 0.754521 0.000876074 -3.67652e-08 2.08506e-07 -9.54166e-15 -9.81128 2.61436 -8.68377 -13.8954 5.12229 -5.47124 -0.00398594 -0.147052 -0.00023903 8.44681 -16.3446 4.17878 -3.85167 23.7679 2.04583 -0.780834 -21.0014 0.188791 0.0184528 0.614886 -0.00523164 22.1715 22.0173 6.74032 8.27889 -2.15758 0.0161498 0.198164 8.07695 -2.27413 0.0042641 -0.637958 -0.0119126
1065.34 2125.62 964.381 -103.975 -6.81523 -7.355 0.00423699 -1.37802 0.78033 -0.00481049 4.1315 -1.12695 7.75792 7.0559 7.05109 15.453 12.1407 4.84887 13.2629 3.83213 8.9133 0.00153893 0.214245 -0.000648855 -4.35324 -0.00863086 -11.993 16.452 3.77642 -54.717 63.0985 -8.88494 5.56449 0.0216713 0.122904 -2.32432e-05 2.61009e-08 1.48025e-07 -1.27222e-14 -14.6344 -0.597948 -0.543374 -36.439 -5.05622 40.2506 -41.0722 -7.31447 -2.4783 -0.100146 0.567935 0.000496342 -1.14643e-06 6.50175e-06 6.67916e-14 -10.0333 1.42689 -10.5028 -14.2555 4.43087 -6.82349 -0.0136611 -0.138264 -0.000272728 11.1383 -15.6309 2.90023 -3.15585 17.6708 0.852547 -0.409184 -19.8303 0.416753 0.0121705 0.726987 0.000678261 22.427 22.4165 7.3031 7.96493 -0.218664 -0.312483 0.145362 8.71419 -2.20007 0.00237692 -0.558275 -0.00628811
1042.36 2118.3 961.899 -105.289 -6.77338 -7.444 0.00127724 -1.474 0.881829 -0.00270455 4.2395 -1.11472 8.01537 7.07162 6.89937 15.9171 12.1872 4.7046 13.6505 4.03927 8.82797 0.0020537 0.235677 -0.000564709 -4.11219 7.08732e-05 -12.4468 16.2494 2.63151 -52.8684 64.3193 -9.19987 5.76395 0.0124356 0.0705258 -7.65354e-06 1.35122e-08 7.66316e-08 6.36111e-15 -12.9225 -0.587648 1.1591 -39.8808 -6.19624 36.5155 -41.9806 -7.19685 -2.62407 -0.0619204 0.351163 0.000189754 -6.04097e-07 3.426e-06 2.22639e-14 -10.3812 0.274508 -12.042 -14.7756 3.74238 -7.97166 -0.0209261 -0.0594295 -0.000620278 15.0393 -14.8987 2.5223 -3.35497 13.6654 0.529209 -0.0984642 -17.8619 0.64673 0.00415605 0.797748 0.000923353 22.3931 22.9121 7.73389 8.19196 1.81945 -0.446402 0.0912447 7.74488 -2.13877 -0.000109724 -0.487028 0.000921338
1017.37 2109.79 959.029 -105.551 -6.80103 -7.701 -0.00356034 -1.56226 0.910882 0.000147904 4.30909 -1.14197 8.0323 7.11365 6.67681 15.9163 12.253 4.48523 13.6156 4.1599 8.58983 -0.0012782 0.22307 -0.000798814 -4.12928 0.00679486 -12.6056 16.4339 0.83736 -51.2009 64.7457 -9.59182 5.81392 0.00122757 0.0069619 -7.45799e-08 3.53634e-09 2.00556e-08 1.27222e-14 -11.2092 -0.456075 1.85676 -41.9832 -7.783 34.7767 -43.4927 -7.20749 -2.85264 -0.0344651 0.195461 5.87878e-05 -1.9225e-07 1.09031e-06 3.18055e-15 -10.7975 -0.566825 -12.3446 -15.3447 3.18491 -8.21904 -0.0207889 0.0268463 -0.000466767 17.0301 -14.4067 2.81743 -2.87358 12.2132 0.309693 0.0261506 -15.8018 0.704881 -0.000823703 0.806428 0.00306252 22.6317 23.5383 8.04597 8.26274 3.94615 -0.500262 0.0679067 6.12712 -2.04732 -0.00133853 -0.429436 0.00416463
990.774 2100.58 957.174 -105.189 -6.90836 -8.278 -0.00837907 -1.63579 0.886674 0.00194579 4.35002 -1.21483 7.94848 7.24999 6.42384 15.7148 12.438 4.21961 13.433 4.2809 8.23743 -0.00958275 0.154252 -0.00235719 -4.29146 -0.00295973 -12.8119 16.9168 -1.55586 -49.2627 64.4129 -10.0524 5.72307 -0.00391221 -0.0221872 -7.57483e-07 1.10295e-08 6.25512e-08 3.18055e-15 -10.1146 -0.215212 1.88616 -42.8145 -9.55869 34.4767 -45.8326 -7.45466 -3.20448 -0.025855 0.14663 3.30838e-05 -8.24318e-08 4.67494e-07 -6.36111e-15 -11.0539 -1.1268 -10.9925 -15.6625 2.68714 -7.27588 -0.0321937 0.177983 0.00309571 14.1901 -14.0877 3.20392 0.0388465 12.6305 -0.594193 0.0389792 -14.7923 0.696987 -0.00284259 0.767531 0.0116369 23.557 24.109 8.09686 7.42109 6.59027 -0.558366 0.0622048 4.70626 -1.88526 -0.00118515 -0.393667 0.00328586
963.062 2091.48 956.938 -104.621 -7.13134 -9.115 -0.0113132 -1.69678 0.837071 0.00235311 4.37797 -1.30565 7.88422 7.48078 6.1435 15.6152 12.7502 3.91838 13.4237 4.45355 7.82578 -0.0184662 0.0443517 -0.00551605 -4.45435 -0.0205664 -13.2844 17.2505 -4.11808 -46.83 63.8381 -10.5261 5.59375 0.00235619 0.0133626 -2.74756e-07 6.71887e-09 3.81046e-08 -0 -10.0562 0.0451161 2.13988 -43.4169 -10.8256 34.1239 -48.2278 -7.88707 -3.60728 -0.036218 0.205402 6.49198e-05 -1.06316e-07 6.0295e-07 -0 -10.9816 -1.51798 -8.52727 -15.5925 2.21747 -5.52158 -0.0408085 0.383336 0.00401862 6.44921 -13.8212 3.38373 5.60028 13.8823 -2.1968 0.00380823 -15.8156 0.748034 -0.00301638 0.715549 0.0182251 25.0547 24.3885 7.80685 5.81547 10.0668 -0.614215 0.0756354 3.73764 -1.74508 -0.000757039 -0.385575 0.00113326
934.794 2082.72 957.894 -103.992 -7.45158 -9.978 -0.00958946 -1.7522 0.805371 0.00177077 4.40446 -1.3769 7.89199 7.70794 5.80601 15.7674 13.0512 3.52302 13.7374 4.62463 7.37415 -0.0243146 -0.0764391 -0.00990742 -4.74445 -0.0102138 -13.7604 17.1685 -6.30335 -44.2677 63.4525 -10.9019 5.51218 0.0148376 0.0841484 -1.08958e-05 2.39755e-08 1.35972e-07 3.18055e-15 -10.9806 0.222481 3.47784 -45.162 -10.8606 32.3251 -49.5111 -8.26924 -3.97361 -0.0522705 0.296438 0.000135219 -1.792e-08 1.0163e-07 -1.90833e-14 -10.6416 -1.60741 -6.01376 -15.2928 1.9844 -3.70283 -0.0254998 0.441814 -0.00411029 -2.85097 -13.5283 3.70257 11.9436 15.3969 -3.93511 -0.0188536 -19.101 0.662467 -0.00255984 0.686372 0.0158833 26.619 24.052 7.19132 4.36819 14.5156 -0.634657 0.105424 3.00316 -1.69936 -0.000515285 -0.402288 -0.000699924
906.793 2073.65 959.235 -103.26 -7.77712 -10.663 -0.00408242 -1.81217 0.837647 0.000812433 4.44018 -1.42495 7.98515 7.82048 5.39491 16.1186 13.167 2.95944 14.3071 4.68924 6.8691 -0.0292802 -0.212578 -0.0148153 -5.61284 0.0487863 -13.5138 16.8262 -7.79751 -42.4799 63.2414 -11.0389 5.47799 0.0216716 0.122905 -2.32439e-05 3.6452e-08 2.06729e-07 -3.18055e-15 -12.4963 0.288056 6.22814 -48.4301 -9.34802 28.9062 -49.1797 -8.34696 -4.11341 -0.0542083 0.307427 0.000145431 1.51503e-07 -8.59219e-07 -3.18055e-15 -10.3193 -1.18888 -4.20672 -15.1039 2.18618 -2.35404 -0.00769145 0.295053 -0.00948735 -9.64584 -13.2451 4.6797 16.7081 17.1501 -5.36621 -0.0210236 -23.5975 0.340525 -0.00228321 0.694728 0.00935705 27.982 22.7556 6.28589 3.50467 20.0884 -0.650709 0.111109 2.07982 -1.7078 -0.000438208 -0.435791 -0.000927276
880.41 2063.88 960.491 -102.393 -7.97329 -11.095 0.000290784 -1.87799 0.955482 -0.000157225 4.48818 -1.47909 8.13136 7.78262 4.90932 16.4884 13.0498 2.23599 14.9271 4.62204 6.27925 -0.0340525 -0.377523 -0.0168985 -7.30791 0.134907 -11.9146 16.5768 -8.70452 -42.1972 63.0213 -10.8859 5.45192 0.016423 0.0931394 -1.33485e-05 1.39112e-08 7.88943e-08 1.59028e-14 -14.045 0.282075 9.99904 -52.3776 -6.87393 25.0171 -47.6157 -8.09536 -3.86983 -0.0374183 0.212209 6.92939e-05 1.0647e-07 -6.0382e-07 -4.77083e-15 -10.2063 -0.330844 -3.00895 -15.1218 2.7335 -1.41988 -0.00164819 0.134047 -0.00495507 -12.4351 -13.0942 6.25493 19.0343 19.2979 -6.44379 -0.0248222 -27.3852 0.0958007 -0.00244445 0.72698 0.00404394 28.9761 20.1613 5.27836 2.84295 26.8433 -0.693934 0.0327583 0.808653 -1.67978 -0.000786346 -0.478162 0.00133878
856.944 2054.33 961.768 -101.47 -7.96195 -11.257 -0.000384485 -1.92599 1.13507 -0.000939469 4.53304 -1.56394 8.28119 7.64247 4.34623 16.7541 12.8037 1.42997 15.377 4.48714 5.56186 -0.033184 -0.543264 -0.0135744 -9.51446 0.19388 -8.85383 16.6121 -9.66457 -43.5814 62.4431 -10.5439 5.35533 0.00660309 0.037448 -2.15786e-06 2.59274e-09 1.4704e-08 1.59028e-14 -15.2866 0.253917 13.9916 -55.9652 -4.62726 21.8577 -45.4967 -7.69386 -3.38191 -0.0144052 0.0816958 1.02699e-05 4.25269e-08 -2.41182e-07 7.95139e-15 -10.2334 0.63164 -1.79169 -15.1013 3.3303 -0.483809 -0.00265689 0.0890416 -0.000246645 -12.2596 -13.0961 7.89743 19.6276 21.6989 -7.31754 -0.000961983 -29.0102 0.148624 -0.00229719 0.752423 0.000970053 29.4247 16.2343 4.33839 1.84978 34.2032 -0.584651 -0.15717 -0.727177 -1.63946 -0.00143033 -0.523541 0.00486865
837.076 2047 963.253 -100.703 -7.75034 -11.108 -0.00791024 -1.90461 1.30964 -0.000711512 4.5399 -1.66102 8.4163 7.50199 3.72231 16.9736 12.5945 0.636125 15.5749 4.36764 4.74547 -0.0227924 -0.659817 -0.00731054 -11.5684 0.176043 -4.85366 16.6261 -11.4248 -46.2952 61.2061 -10.1998 5.12535 0.00587006 0.0332908 -1.70535e-06 -2.4204e-09 -1.37268e-08 4.77083e-15 -16.3965 0.232376 17.4497 -58.5553 -3.52953 19.692 -43.3408 -7.28895 -2.93347 0.00320149 -0.0181565 5.07261e-07 3.67033e-09 -2.08156e-08 2.38542e-14 -10.1534 1.18789 -0.243914 -14.7279 3.61406 0.629135 -0.00327806 0.104748 -0.000616514 -10.7982 -13.2317 8.98198 19.3158 24.0929 -7.97029 0.0351767 -28.3537 0.29548 -0.00116149 0.739572 0.00243772 29.1184 11.5736 3.50967 1.01284 40.522 -0.427247 -0.493515 -2.57772 -1.72775 -0.00131925 -0.562169 0.00794734
820.528 2043.6 964.896 -100.339 -7.4259 -10.586 -0.0185762 -1.76227 1.40777 0.00164628 4.46851 -1.70871 8.56517 7.45217 3.07636 17.2915 12.5293 -0.104456 15.6506 4.35168 3.93975 -0.00937794 -0.716727 -0.002691 -12.8851 0.0987309 -0.739416 15.9541 -14.2585 -49.8028 59.1683 -9.98496 4.75195 0.0182794 0.103667 -1.65368e-05 -3.18614e-08 -1.80695e-07 -3.18055e-15 -17.7916 0.221502 19.9135 -60.1832 -3.67324 18.0415 -41.2224 -6.88574 -2.64606 0.0123053 -0.0697868 7.49399e-06 -1.5213e-08 8.62773e-08 -0 -9.71264 0.912667 1.3112 -13.8237 3.3449 1.65819 -0.00374063 0.068734 -0.00419112 -8.75569 -13.3498 9.09056 17.9235 26.3845 -8.01343 0.0202424 -26.5125 0.323344 0.00104248 0.686697 0.0103519 27.6349 7.26757 2.67646 2.39974 43.6445 -1.32382 -1.06436 -4.92327 -2.01105 0.000452935 -0.581139 0.0113496
806.214 2043.93 966.37 -100.555 -7.14806 -9.677 -0.0225559 -1.48232 1.40418 0.00495522 4.31278 -1.66108 8.80156 7.52282 2.44221 17.8359 12.6063 -0.84114 15.8696 4.49708 3.22075 -0.00101645 -0.743066 -0.000995795 -13.2299 0.0220542 2.90676 14.0419 -17.8064 -53.5968 56.2787 -9.84454 4.27057 0.0317076 0.179822 -4.97571e-05 -1.4374e-07 -8.15193e-07 -1.43125e-14 -19.7777 0.196203 21.3477 -61.3389 -4.71543 16.4528 -38.7826 -6.46636 -2.33026 0.0103154 -0.0585016 5.26625e-06 -4.76984e-09 2.70512e-08 1.27222e-14 -8.97684 -0.280962 2.32114 -12.6255 2.50186 2.25568 -0.00860811 -0.0282063 -0.00360343 -5.96368 -13.175 8.19501 14.8702 28.5539 -7.0426 -0.0339679 -24.7502 0.284367 0.0032875 0.620206 0.0191978 24.6153 4.34997 1.6218 7.20137 42.1796 -3.74387 -1.60633 -7.69952 -2.33468 0.00276463 -0.574106 0.0156411
793.174 2045.57 967.292 -101.384 -7.04572 -8.524 -0.0160831 -1.10012 1.33439 0.00675096 4.09691 -1.52457 9.13798 7.68883 1.8517 18.6106 12.7951 -1.60957 16.4066 4.80693 2.58833 0.00190924 -0.759734 -0.000761018 -12.6391 -0.0281259 5.71997 10.9054 -21.3623 -56.9743 52.8032 -9.64754 3.7713 0.0300136 0.170215 -4.45825e-05 -1.89095e-07 -1.07241e-06 3.18055e-15 -22.3522 0.12168 22.0539 -62.3656 -6.80896 14.8961 -35.3534 -6.05119 -1.64216 -0.00855681 0.048528 3.6237e-06 3.19887e-07 -1.81417e-06 1.90833e-14 -8.43853 -2.19492 2.61099 -11.813 1.19096 2.38671 -0.00825486 -0.020338 -0.00139822 -2.44275 -12.6422 6.68468 10.6686 30.3657 -5.28744 -0.0661062 -23.3335 0.248192 0.00383391 0.565967 0.0210675 20.0049 3.25533 0.500674 13.4837 36.4918 -5.89968 -1.47775 -10.3064 -2.46576 0.00291614 -0.550146 0.0147925
781.006 2045.62 967.573 -102.566 -7.1142 -7.389 -0.00694552 -0.704405 1.27373 0.0062991 3.85375 -1.3504 9.46922 7.88869 1.33106 19.4266 13.0878 -2.33256 17.1372 5.20846 1.9915 0.00255123 -0.769159 -0.000665907 -11.3713 -0.0566662 7.35018 7.4918 -24.4766 -58.9719 49.1433 -9.35802 3.32392 0.0138789 0.0787111 -9.53319e-06 -7.03758e-08 -3.99121e-07 -3.33958e-14 -25.1698 -0.0256736 22.3133 -63.2375 -10.4629 13.6874 -30.58 -5.55362 -0.548413 -0.0368457 0.208962 6.71895e-05 9.26726e-07 -5.25572e-06 3.33958e-14 -8.62928 -4.45057 2.4953 -12.0376 -0.368224 2.3042 -0.00107956 0.191346 -0.0085696 1.24034 -11.8869 5.22266 7.2904 31.4083 -3.77029 -0.0470687 -21.7757 0.190735 0.00270662 0.535304 0.0147963 14.5026 3.59147 -0.266337 18.8171 28.6963 -6.59671 -0.776673 -11.9536 -2.44271 0.00147443 -0.530981 0.0106418
769.895 2042.79 967.405 -103.667 -7.19113 -6.441 -0.00325547 -0.407863 1.28041 0.00485092 3.62187 -1.20036 9.69157 8.06767 0.89942 20.038 13.4596 -2.87 17.7499 5.55495 1.41799 0.00253281 -0.770715 -0.000285906 -9.86231 -0.0610272 7.6673 5.04713 -27.0971 -59.0552 45.7079 -9.04158 2.96334 -0.001459 -0.00827441 -1.05351e-07 -1.25057e-08 -7.09234e-08 3.18055e-15 -27.7906 -0.245051 22.2278 -63.5552 -15.7014 13.2444 -25.1909 -4.84575 0.387941 -0.0504226 0.285958 0.000125828 1.53248e-06 -8.6911e-06 1.17681e-13 -9.69805 -6.68928 2.30341 -13.4797 -1.93742 2.18623 0.00153204 0.415412 -0.0093824 4.25653 -11.1884 4.29735 6.34244 31.7328 -3.3954 -0.00806959 -20.0244 -0.000755333 0.00125597 0.514114 0.00550663 9.74269 4.42482 -0.620938 21.8847 21.2313 -6.27215 -0.177876 -12.2016 -2.43726 0.000648337 -0.525565 0.00893224
760.165 2037.97 967.322 -104.303 -7.08242 -5.708 -0.00458347 -0.278209 1.32924 0.00333728 3.42646 -1.10371 9.79146 8.23113 0.605751 20.2711 13.8656 -3.12653 18.0477 5.75334 0.982155 0.00179103 -0.7637 0.000390342 -8.53657 -0.0391515 6.9971 3.83424 -29.1086 -57.9163 43.1697 -8.81303 2.73189 -0.00602198 -0.0341523 -1.79476e-06 -3.0709e-09 -1.74159e-08 -1.59028e-14 -29.8553 -0.478487 21.7258 -63.1234 -21.3401 13.6863 -20.6381 -4.05521 0.554163 -0.0390816 0.221641 7.55911e-05 1.26556e-06 -7.17732e-06 6.67916e-14 -11.2563 -8.72029 2.15393 -15.6072 -3.38114 2.04797 0.000251108 0.425042 0.00516724 5.99178 -10.8515 4.03035 7.56428 31.8232 -4.09241 0.00530155 -18.7888 -0.367058 0.000531491 0.479196 -0.000665674 7.15725 4.94411 -0.888994 22.4225 15.6634 -5.55742 0.02718 -11.1098 -2.40022 0.000231518 -0.51469 0.00886513
751.745 2032.92 967.889 -104.281 -6.74454 -5.144 -0.00645904 -0.292089 1.3309 0.00177068 3.29786 -1.05656 9.83307 8.41634 0.48053 20.1462 14.2683 -3.14629 18.0774 5.84575 0.794598 0.00106996 -0.732714 0.0016981 -7.74051 -0.00901797 6.14022 3.07417 -30.1718 -57.0387 42.2743 -8.74958 2.66582 -0.0039608 -0.0224628 -7.76414e-07 -1.53014e-09 -8.67773e-09 -1.59028e-14 -31.1295 -0.635524 20.7723 -62.6807 -25.2825 14.4711 -17.9009 -3.48782 0.135497 -0.0181035 0.10267 1.62201e-05 5.81152e-07 -3.29588e-06 9.54166e-15 -12.6834 -10.5773 2.08939 -17.5297 -4.71305 1.9159 0.00111679 0.280692 0.0101098 6.42307 -10.8903 4.20659 9.3995 31.9938 -5.1027 -0.0121087 -18.6856 -0.714008 0.000873829 0.428922 -0.000468067 7.03574 4.78053 -1.36132 21.1362 12.5924 -4.76173 0.0097765 -9.04248 -2.28315 -8.45938e-05 -0.461381 0.00918677
744.578 2028.58 969.062 -103.848 -6.25964 -4.684 -0.00667805 -0.358705 1.20673 0.000558442 3.26603 -1.04397 9.90842 8.63699 0.515513 19.9419 14.6207 -3.06916 18.0545 5.92033 0.889857 0.00104567 -0.655906 0.00344614 -7.63674 0.00966959 5.99055 1.90438 -29.9573 -57.5752 43.3318 -8.84912 2.74738 -0.00141706 -0.00803654 -9.93811e-08 -5.68034e-10 -3.22141e-09 -3.18055e-15 -31.654 -0.675867 19.6114 -63.3396 -26.3254 14.7618 -16.6405 -3.23392 -0.282963 -0.00444137 0.0251883 9.76254e-07 1.20465e-07 -6.8319e-07 -3.18055e-15 -13.71 -12.3458 2.05185 -18.8615 -5.97916 1.78886 0.00160896 0.15842 0.00352831 6.10696 -11.1179 4.44474 10.458 32.2102 -5.70462 -0.0395694 -19.349 -0.885681 0.00141809 0.384326 0.00275342 8.45847 3.87866 -1.95882 19.1698 11.9149 -4.19908 -0.0122379 -6.28521 -2.26496 0.00132256 -0.340205 0.00505474
738.789 2024.25 970.334 -103.529 -5.71042 -4.343 -0.00433893 -0.382207 0.953825 0.000267388 3.32348 -1.04938 10.0287 8.8435 0.698845 19.9448 14.854 -2.96331 18.1186 6.01294 1.24597 0.000805981 -0.528233 0.00361603 -8.14639 0.0113554 6.94057 0.37864 -28.4784 -59.6268 45.8202 -9.02377 2.95195 0.000533625 0.00302634 -1.40929e-08 5.93367e-10 3.36514e-09 2.22639e-14 -31.776 -0.633818 18.5044 -65.0402 -25.2582 14.4633 -15.8852 -3.1756 -0.469828 -0.00198829 0.0112762 1.95654e-07 4.52291e-09 -2.56506e-08 9.54166e-15 -14.4905 -13.8895 1.89896 -19.8392 -7.07475 1.59554 -0.000384493 0.113946 0.000193323 5.71346 -11.3949 4.59066 10.5992 32.2217 -5.77887 -0.0581747 -19.6913 -0.99046 0.00155605 0.365865 0.00349628 9.81429 2.40392 -2.29531 17.6368 13.019 -4.22253 0.0121144 -2.94485 -2.42981 0.00365955 -0.164412 -0.00563982
734.262 2018.94 971.123 -103.577 -5.15189 -4.159 0.000994871 -0.322696 0.665738 0.000525754 3.4306 -1.0573 10.1206 8.9295 0.99583 20.1901 14.8877 -2.78223 18.1977 6.06895 1.74342 -0.00128712 -0.366807 0.000631107 -9.00814 0.00471877 8.60764 -0.696856 -26.3582 -62.3951 48.4604 -9.14966 3.25196 0.00390303 0.0221352 -7.53932e-07 -1.38233e-10 -7.83911e-10 3.18055e-15 -31.9584 -0.560875 17.4381 -66.2787 -24.3454 14.419 -15.1025 -3.20484 -0.453127 -0.00552249 0.0313196 1.50938e-06 -8.70149e-10 4.93482e-09 -0 -15.2264 -14.8446 1.46179 -20.7726 -7.73214 1.22827 -0.00178354 0.110944 0.000503802 5.52178 -11.6773 4.7112 10.3483 31.9233 -5.59611 -0.0555375 -19.0562 -1.16395 0.00177196 0.36706 0.00110217 9.97584 0.701277 -2.17703 17.4383 14.9206 -4.84097 0.0188527 0.720426 -2.55588 0.00348261 0.0153401 -0.0130664
730.506 2012.67 971.065 -103.826 -4.60463 -4.15 0.00851187 -0.209081 0.449037 0.00067915 3.53241 -1.05419 10.1126 8.82402 1.37409 20.436 14.6695 -2.43109 18.1289 5.96862 2.27605 -0.00471104 -0.19806 -0.00390775 -9.74138 0.00627135 10.1529 -1.23549 -24.517 -65.2625 50.0815 -9.17383 3.52278 0.00925064 0.052463 -4.23519e-06 -1.72091e-09 -9.75988e-09 1.11319e-14 -32.4651 -0.480245 16.1175 -65.3604 -25.6272 15.6466 -14.4335 -3.28499 -0.406586 -0.00748029 0.0424228 2.76927e-06 -2.6562e-09 1.50641e-08 1.59028e-14 -15.8067 -14.7545 0.680618 -21.5283 -7.61248 0.67899 -0.00179632 0.0916719 0.000945673 5.39773 -11.9319 4.92601 9.92625 31.4385 -5.31068 -0.0324334 -17.722 -1.38277 0.00248566 0.354399 -0.00209688 8.70618 -0.87789 -1.63829 19.0648 16.6413 -5.89776 -0.032868 3.88339 -2.46487 0.00120384 0.143714 -0.0104286
726.881 2006.07 970.291 -103.824 -4.08129 -4.335 0.0151146 -0.0996015 0.344194 0.000771795 3.59738 -1.03441 9.93483 8.53895 1.79223 20.3283 14.2514 -1.87728 17.7712 5.67821 2.7771 -0.0065083 -0.0456208 -0.00629597 -9.86993 0.0230161 10.8858 -1.90035 -23.5016 -67.9972 50.4125 -9.10279 3.62344 0.0116003 0.0657884 -6.65986e-06 -3.88606e-09 -2.2039e-08 7.95139e-15 -33.2138 -0.411988 14.2332 -61.4409 -29.2566 18.7651 -14.4854 -3.42829 -0.524554 -0.00468043 0.026544 1.08418e-06 -3.86612e-10 2.1925e-09 9.54166e-15 -15.8563 -13.5269 -0.230766 -21.6107 -6.6641 0.12729 -0.00394486 0.0566707 0.000395667 5.1185 -11.98 5.37909 9.42853 30.708 -4.97113 -3.89963e-05 -16.5186 -1.54179 0.00361542 0.298313 -0.00503329 6.25376 -2.14622 -0.738569 22.2631 17.6715 -7.26644 -0.119477 5.42677 -2.25735 -0.000803939 0.200849 -0.00356272
723.079 1999.74 969.225 -103.254 -3.60201 -4.657 0.018404 -0.0304417 0.321024 0.00117176 3.63678 -1.00461 9.57272 8.14281 2.18664 19.7198 13.7478 -1.21678 17.1041 5.27045 3.17402 -0.00514914 0.0729804 -0.00496174 -9.24332 0.0378251 10.5538 -3.08481 -23.2426 -70.3092 50.0602 -8.93859 3.61505 0.00453769 0.0257345 -1.01906e-06 4.02277e-11 2.28113e-10 1.59028e-14 -33.9742 -0.386347 11.8913 -54.7137 -33.7119 23.8189 -15.6939 -3.66213 -0.799288 -0.000113062 0.000641204 6.32644e-10 3.1075e-09 -1.76235e-08 -3.18055e-15 -15.17 -11.5658 -0.9221 -20.7468 -5.22244 -0.226594 -0.00881335 0.0588665 0.000616137 4.61232 -11.6475 6.07933 9.08188 29.5715 -4.65861 0.0307663 -16.0421 -1.58826 0.00412273 0.206192 -0.00708976 2.96374 -3.08658 0.383912 25.9665 18.0471 -8.70696 -0.201511 4.608 -2.05374 -0.00178224 0.204562 0.00100923
719.498 1993.4 968.333 -102.302 -3.1528 -5.044 0.0187818 0.0126027 0.309709 0.00209535 3.68205 -0.971163 9.07919 7.71742 2.5167 18.7395 13.2361 -0.584349 16.2245 4.8098 3.46222 -0.00154219 0.156234 -0.0020048 -7.90465 0.0197656 9.37997 -4.65106 -23.3036 -71.9024 49.9031 -8.74277 3.6461 -0.00954761 -0.0541472 -4.51147e-06 9.73142e-09 5.51896e-08 1.74931e-14 -34.6384 -0.412725 9.55237 -45.9611 -37.3659 30.2629 -18.0016 -4.00741 -1.10348 0.00310625 -0.0176164 4.77531e-07 7.46796e-09 -4.23527e-08 -7.95139e-15 -13.8658 -9.33398 -1.11345 -19.0876 -3.65994 -0.251428 -0.0141761 0.113817 0.00209551 3.64705 -11.1692 6.95149 9.60017 28.1781 -4.71849 0.0581849 -16.1058 -1.52374 0.00347309 0.122428 -0.00633825 -0.844535 -3.83991 1.57651 28.8609 18.2831 -9.95134 -0.258402 1.4725 -1.79732 -0.00187911 0.184953 0.00323484
716.879 1986.28 967.952 -101.349 -2.71186 -5.434 0.0160388 0.0655296 0.255569 0.00310725 3.75722 -0.930241 8.50729 7.30943 2.73818 17.5812 12.7383 -0.0789391 15.2466 4.33103 3.6482 0.00268646 0.21239 0.000620012 -5.88675 -0.0419264 7.78491 -6.21543 -23.3675 -72.5118 50.4542 -8.61053 3.77685 -0.0219161 -0.124292 -2.37713e-05 4.97346e-08 2.82059e-07 -1.27222e-14 -35.1633 -0.478718 7.59579 -36.2088 -39.5149 37.25 -21.1239 -4.46304 -1.3466 0.00456839 -0.0259086 1.03289e-06 1.30638e-08 -7.40886e-08 -1.90833e-14 -12.1988 -7.098 -0.715636 -16.9535 -2.15824 0.107097 -0.0162926 0.182336 0.00273611 1.80785 -11.0872 7.92999 11.7558 26.9403 -5.56915 0.0925344 -16.071 -1.38912 0.00328654 0.0942714 -0.0025891 -4.53365 -4.65019 2.69441 30.189 19.0139 -10.8884 -0.249241 -3.23639 -1.56771 -0.00129334 0.164595 0.00421334
715.515 1978.66 968.006 -100.594 -2.29048 -5.73 0.009931 0.142744 0.136581 0.00331728 3.86219 -0.87352 7.91115 6.92882 2.79923 16.368 12.2282 0.265314 14.2539 3.81379 3.70744 0.00573358 0.236077 0.00277274 -3.28629 -0.112517 5.99371 -7.59608 -23.3758 -72.0727 51.7687 -8.57299 4.0085 -0.0278422 -0.157901 -3.8365e-05 1.05189e-07 5.96557e-07 -2.22639e-14 -35.3551 -0.56903 6.06205 -26.5178 -40.1699 44.1285 -24.7143 -4.98714 -1.47651 0.0045078 -0.025565 1.00567e-06 1.38471e-08 -7.85308e-08 -1.43125e-14 -10.3257 -4.82749 0.165844 -14.514 -0.648757 0.796937 -0.0130093 0.240403 0.00183182 -0.885182 -11.6779 8.81612 15.2505 26.132 -7.12227 0.126954 -15.4383 -1.26673 0.00419617 0.140503 0.000181425 -7.22056 -5.61907 3.57162 29.8976 20.5521 -11.4926 -0.157989 -8.67245 -1.56695 -0.000482872 0.153649 0.00391865
715.098 1971.62 968.036 -100.091 -1.89536 -5.84 0.00245572 0.222052 -0.0314302 0.00223112 3.97984 -0.800333 7.31912 6.56434 2.69026 15.1164 11.6657 0.492115 13.2749 3.20255 3.64373 0.00694711 0.221108 0.00524037 -0.512098 -0.135144 4.05918 -8.5133 -23.4029 -70.7499 53.6555 -8.62538 4.28845 -0.0242743 -0.137666 -2.91622e-05 1.20774e-07 6.84941e-07 -4.77083e-15 -34.9814 -0.661004 4.71002 -17.7824 -39.4082 50.468 -28.6194 -5.56217 -1.54196 0.00344615 -0.0195441 5.87755e-07 1.01118e-08 -5.73472e-08 -6.36111e-15 -8.33059 -2.38207 1.24732 -11.83 1.01779 1.60321 -0.00593798 0.260709 0.000346752 -3.67899 -12.6877 9.3687 18.7953 25.708 -8.76207 0.128938 -14.4257 -1.226 0.00405047 0.242353 -0.000406702 -8.32063 -6.62773 4.12177 28.3161 22.7177 -11.6951 -0.0313184 -14.1476 -1.7533 -0.000250586 0.159223 0.00228714
714.876 1966.43 967.782 -99.898 -1.54238 -5.66 -0.00038594 0.264589 -0.192172 0.00045393 4.08701 -0.729053 6.73663 6.21353 2.44714 13.8345 11.0491 0.648305 12.2997 2.49471 3.46928 0.00729514 0.17853 0.00690977 1.56694 -0.0866656 1.99058 -8.09848 -23.6084 -68.6496 55.708 -8.77561 4.53311 -0.00868931 -0.0492795 -3.73679e-06 5.3408e-08 3.02892e-07 -1.59028e-15 -34.0515 -0.731566 3.46389 -10.5537 -37.343 55.7536 -32.9381 -6.21008 -1.72647 0.0028348 -0.0160769 3.97715e-07 4.99601e-09 -2.83335e-08 -1.11319e-14 -6.36478 0.17945 2.19518 -9.09349 2.81671 2.25439 0.000383077 0.234737 -4.33942e-05 -5.2383 -13.4725 9.44534 20.7021 25.5827 -9.64172 0.102115 -13.9117 -1.239 0.00174618 0.357197 -0.00195856 -8.10473 -7.34612 4.27494 25.976 24.7173 -11.3528 0.0907012 -19.2124 -1.88435 -0.00118821 0.19006 -0.000468236
714.035 1963.52 967.565 -100.191 -1.28259 -5.139 0.00701438 0.251502 -0.301941 -0.000760255 4.16949 -0.697475 6.17497 5.91288 2.13192 12.5753 10.4326 0.737505 11.2985 1.7663 3.1923 0.00815224 0.144351 0.00559544 2.10122 -0.00305518 -0.140173 -5.29867 -24.1271 -65.7676 57.3386 -8.99534 4.67796 0.0130209 0.0738449 -8.39088e-06 3.53025e-08 2.0021e-07 9.54166e-15 -32.8814 -0.794173 2.67317 -4.5892 -34.3738 59.5597 -37.7946 -6.91654 -2.17935 0.00403717 -0.0228959 8.06645e-07 1.9038e-09 -1.07969e-08 1.59028e-15 -4.55209 2.63596 2.94501 -6.52241 4.56244 2.6954 0.00422339 0.202572 3.537e-05 -4.69989 -13.6099 9.06809 20.0908 25.8533 -9.34794 0.0893047 -14.6368 -1.21069 -0.000706951 0.448975 -0.00284645 -7.67846 -7.43204 4.00161 23.7757 25.5822 -10.5214 0.187437 -23.4692 -1.90714 -0.0022581 0.250238 -0.0033247
712.332 1961.84 967.91 -101.062 -1.17816 -4.366 0.0192959 0.197503 -0.357134 -0.0012352 4.23432 -0.741919 5.62783 5.70169 1.80923 11.3753 9.92003 0.73518 10.2584 1.16064 2.84253 0.0091725 0.140646 0.00280589 1.02303 0.0625954 -2.06352 0.154333 -24.8235 -62.2386 58.1581 -9.18128 4.72792 0.0282973 0.160482 -3.96296e-05 7.68667e-08 4.35933e-07 8.74653e-15 -31.9037 -0.905091 2.63329 0.985166 -31.0805 61.9796 -43.136 -7.60353 -2.86363 0.00595716 -0.0337847 1.75633e-06 -8.07352e-11 4.57906e-10 4.77083e-15 -2.92076 4.69457 3.65923 -4.19717 6.02131 3.05931 0.00671203 0.196585 -6.83685e-05 -2.60184 -13.3095 8.40128 17.6288 26.58 -8.24021 0.106736 -16.6753 -1.10347 -0.00230384 0.516718 -0.00425654 -7.86588 -6.76141 3.4729 22.8817 24.7818 -9.66942 0.229651 -26.14 -1.84837 -0.00167901 0.334439 -0.00218179
710.121 1960.46 969.115 -102.125 -1.24981 -3.529 0.0244255 0.130593 -0.372407 -0.00126032 4.29916 -0.871512 5.1057 5.57953 1.52225 10.2846 9.62254 0.628338 9.21856 0.820214 2.48758 0.00817958 0.14506 0.00059524 -0.811882 0.0741873 -3.56989 6.91307 -25.3185 -58.5182 58.3738 -9.24993 4.74122 0.0295958 0.167846 -4.33499e-05 4.56324e-08 2.58794e-07 -8.74653e-15 -31.406 -1.12314 3.01867 6.73026 -28.1082 63.715 -48.2745 -8.14811 -3.57738 0.0046161 -0.0261792 1.05458e-06 1.08021e-09 -6.12603e-09 7.15625e-15 -1.37988 6.09448 4.39092 -1.99779 7.02124 3.40137 0.00832781 0.20195 -0.00037206 -0.24652 -12.8874 7.66505 14.4253 27.4865 -6.81384 0.133739 -19.4075 -1.00689 -0.0036022 0.587938 -0.00713141 -8.53582 -5.5389 2.97919 24.1476 22.485 -9.38826 0.25499 -26.4848 -1.52905 0.000974392 0.432591 0.00656358
707.953 1959.03 970.895 -102.747 -1.39843 -2.838 0.0186486 0.0616365 -0.351152 -0.000807718 4.36918 -1.0594 4.65373 5.50147 1.2856 9.38969 9.54996 0.450612 8.26473 0.751743 2.22224 0.00500426 0.155 -0.000817062 -2.12515 0.0388038 -4.77898 12.8019 -25.2694 -54.9637 58.5228 -9.23366 4.77025 0.0212203 0.120346 -2.2286e-05 3.39719e-09 1.92665e-08 6.36111e-15 -31.389 -1.46938 3.02857 12.5976 -25.8562 65.8099 -52.1111 -8.48609 -4.09066 -0.00281021 0.0159375 3.90847e-07 -6.29889e-09 3.57229e-08 -7.15625e-15 0.218189 6.80746 4.96608 0.279588 7.56778 3.60702 0.00737232 0.186252 -0.00325649 1.33672 -12.4334 7.0998 11.3647 28.0242 -5.40657 0.138032 -21.925 -1.04005 -0.00363826 0.674383 -0.00904161 -9.06285 -4.31531 2.69886 27.3921 19.5981 -9.77128 0.297802 -24.4168 -1.0052 0.00411436 0.532228 0.017447
706.126 1957.55 972.546 -102.641 -1.48427 -2.358 0.00929445 -0.0170029 -0.283194 -3.51869e-05 4.42673 -1.25211 4.30384 5.41666 1.08105 8.75318 9.58306 0.234843 7.47883 0.813632 2.06792 0.00193258 0.214355 -0.00057541 -2.03573 -0.00785462 -5.85502 16.4694 -24.5216 -51.6853 58.8539 -9.17842 4.85136 0.00913041 0.0517811 -4.12581e-06 -3.2864e-10 -1.86384e-09 -8.74653e-15 -31.5812 -1.92438 2.20719 18.2702 -24.2324 68.9127 -54.074 -8.63322 -4.29941 -0.0141581 0.0802943 9.92057e-06 -4.39352e-08 2.49169e-07 -8.74653e-15 1.85518 7.07657 5.15593 2.5953 7.82451 3.54117 0.00180341 0.123453 -0.00752524 2.01041 -11.9283 6.78791 9.08201 27.8473 -4.30241 0.101494 -23.347 -1.17839 -0.0017813 0.751355 -0.00858723 -9.09908 -3.56817 2.53391 31.2862 17.1747 -10.3891 0.264838 -20.7653 -0.881962 0.00530359 0.618977 0.020728
704.553 1955.97 973.657 -102.101 -1.46727 -1.966 0.00315615 -0.108142 -0.185976 0.000686511 4.45086 -1.40574 4.04541 5.3229 0.855527 8.34951 9.57313 -0.0208489 6.886 0.849276 1.92286 0.0014993 0.345451 -0.000288029 -0.540184 -0.0583145 -6.68859 18.1954 -23.261 -48.7905 58.9494 -9.07348 4.95588 -0.00195361 -0.0110795 -1.88887e-07 -4.14353e-09 -2.34992e-08 -3.18055e-15 -31.5684 -2.44231 1.03304 23.4206 -22.9742 72.7226 -54.5862 -8.56665 -4.29991 -0.0191273 0.108476 1.81065e-05 -8.21122e-08 4.65681e-07 3.18055e-15 3.36846 7.26601 4.98132 4.70895 8.01352 3.25237 -0.00546001 0.0242397 -0.00668492 2.29997 -11.4119 6.56313 7.90863 27.1397 -3.6807 0.0593079 -23.0964 -1.27796 0.000135992 0.771574 -0.00883404 -8.94642 -3.40178 2.27583 34.3009 15.911 -10.9811 0.12887 -17.0924 -1.47346 0.00384465 0.686118 0.0149595
703.075 1953.84 974.199 -101.813 -1.39288 -1.493 0.000748924 -0.200668 -0.118136 0.000901155 4.4457 -1.51465 3.83346 5.24391 0.549707 8.06758 9.44915 -0.324922 6.49259 0.773423 1.63903 0.00340144 0.510036 -0.00180801 1.75649 -0.116399 -6.89612 19.3893 -21.8417 -46.4615 58.1115 -8.89365 4.9485 -0.00638395 -0.0362052 -2.01701e-06 -1.95341e-09 -1.10784e-08 -0 -31.0154 -2.94883 0.542335 27.4992 -21.9241 76.1355 -54.8697 -8.35359 -4.29757 -0.0121141 0.0687025 7.26292e-06 -6.60791e-08 3.74753e-07 3.18055e-15 4.60972 7.67782 4.80546 6.41862 8.32776 3.00824 -0.00814548 -0.0412206 -0.0019433 2.64269 -11.0782 6.23841 8.00472 26.4371 -3.6364 0.0536879 -21.2395 -1.32557 -2.65958e-05 0.707886 -0.00974871 -9.00562 -3.60256 1.82182 35.4423 15.9813 -11.5112 -0.0129037 -14.6607 -2.29831 0.00162281 0.739042 0.00559971
701.862 1951.26 974.508 -102.235 -1.31219 -0.889 -0.000310651 -0.266731 -0.13477 0.000451732 4.43826 -1.59789 3.65085 5.19293 0.169417 7.83103 9.26131 -0.666816 6.31566 0.609484 1.15609 0.00349512 0.636118 -0.00179156 4.10827 -0.148555 -6.20384 21.2213 -20.5791 -44.9717 56.09 -8.63933 4.69819 -0.000259152 -0.00146972 -3.32382e-09 6.39465e-09 3.62658e-08 -1.19271e-14 -29.8923 -3.34886 1.41021 29.5361 -21.2933 77.8634 -55.815 -8.26803 -4.3878 -0.00603245 0.0342117 1.80101e-06 -8.70316e-09 4.93579e-08 1.19271e-14 5.51912 8.38152 5.06388 7.66604 8.82449 3.10638 -0.00507538 -0.0231628 0.000489753 3.17225 -11.1377 5.75241 8.99535 26.206 -4.04602 0.0635981 -18.491 -1.44491 -0.0013801 0.586124 -0.00645782 -8.94057 -3.80746 1.17275 34.4545 16.9402 -11.6655 -0.0564839 -13.9771 -2.89371 0.00037511 0.786365 -0.00077584
701.365 1949.06 975.141 -103.302 -1.23393 -0.306 0.000335036 -0.268413 -0.228486 -1.67203e-05 4.45609 -1.67409 3.5484 5.1928 -0.194102 7.71011 9.13039 -1.00143 6.37397 0.4595 0.584764 0.000372823 0.663184 0.000218889 6.1171 -0.135672 -4.76009 23.732 -19.7617 -44.5352 53.2313 -8.34383 4.20227 0.0151482 0.0859095 -1.13566e-05 5.2443e-08 2.97419e-07 -1.11319e-14 -28.4988 -3.57991 3.46682 28.8533 -21.4081 77.2838 -57.373 -8.45049 -4.57795 -0.0139071 0.078871 9.57198e-06 6.8001e-08 -3.85653e-07 -3.18055e-15 6.18801 9.1296 5.98478 8.6162 9.36221 3.6911 0.0016837 0.046852 0.000690549 3.98092 -11.6208 5.22196 10.0158 26.5547 -4.55373 0.0545741 -15.9191 -1.64151 -0.00169021 0.447834 -0.000115593 -7.89819 -3.83134 0.501549 31.9758 18.0131 -11.1811 0.0147843 -14.8364 -3.39362 0.000111346 0.82671 -0.00242127
701.814 1948.01 976.312 -104.626 -1.12806 0.042 0.00458902 -0.186741 -0.325805 5.67646e-05 4.51043 -1.74133 3.59029 5.2445 -0.430608 7.79422 9.14001 -1.25867 6.63414 0.394982 0.114784 -0.00199438 0.600849 0.000613169 7.9941 -0.0991579 -3.08769 25.9987 -19.6124 -45.1116 50.12 -8.05208 3.61125 0.0303481 0.172112 -4.55816e-05 1.6858e-07 9.56063e-07 -0 -27.1808 -3.64829 5.95656 25.6982 -22.0509 74.6848 -59.2539 -8.75188 -4.85014 -0.0287073 0.162807 4.07862e-05 2.08453e-07 -1.1822e-06 7.15625e-15 6.72287 9.51734 7.47242 9.43725 9.69338 4.68935 0.0114242 0.0969932 9.46105e-05 5.23952 -12.3668 4.87275 10.5048 27.2281 -4.87018 0.0303407 -14.325 -1.81674 -0.000964161 0.31632 0.00229504 -5.40426 -3.72365 0.0316075 28.975 18.5651 -10.1964 0.0957994 -16.3753 -3.94926 0.000375618 0.844248 -0.00300891
703.098 1948.12 977.715 -105.759 -0.950183 0.091 0.00988491 -0.0426574 -0.350381 0.000294429 4.58464 -1.78361 3.75001 5.30082 -0.498671 7.98735 9.25684 -1.3883 6.93897 0.406396 -0.14293 -0.0017562 0.514241 -0.000204295 10.1698 -0.0617372 -1.84682 27.1746 -20.2177 -46.3212 47.0665 -7.79098 3.09429 0.0359366 0.203806 -6.39148e-05 2.1263e-07 1.20588e-06 3.18055e-15 -25.9722 -3.61004 8.09146 21.2524 -22.6046 71.1002 -61.2653 -8.93552 -5.1328 -0.0324704 0.184148 5.21797e-05 2.24849e-07 -1.27518e-06 -4.77083e-15 7.14015 9.3384 9.17972 10.1184 9.67119 5.86897 0.0164075 0.0744161 -0.000704893 6.82402 -13.1895 4.85653 10.7761 27.8591 -5.09048 0.00131117 -13.9131 -1.95588 -0.000849473 0.193295 -0.00173305 -1.74768 -3.6426 -0.191947 26.2508 18.4508 -9.05743 0.103539 -17.4676 -4.33734 0.00106493 0.820337 -0.00664548
704.981 1948.62 978.603 -106.385 -0.666045 -0.029 0.0106449 0.10556 -0.285199 0.000211304 4.64713 -1.79913 3.89609 5.30221 -0.471089 8.04673 9.35003 -1.39438 7.0769 0.415143 -0.22683 -0.000840535 0.44404 3.25443e-05 12.8395 -0.0257993 -1.43365 27.0893 -21.4702 -47.662 44.106 -7.5618 2.69806 0.0303345 0.172035 -4.55409e-05 1.27258e-07 7.21717e-07 9.54166e-15 -24.6549 -3.52003 9.47886 16.9287 -22.7017 67.791 -63.1243 -8.94047 -5.37731 -0.0206462 0.11709 2.10965e-05 8.01634e-08 -4.54629e-07 -5.56597e-15 7.44873 8.72832 10.6789 10.6235 9.35003 6.92913 0.00788278 -0.0023435 -0.000296164 8.17638 -13.9923 5.1299 11.6187 28.2372 -5.57319 -0.0300982 -14.4538 -2.08085 -0.0020086 0.0666266 -0.00762623 2.05035 -3.79179 -0.311227 24.3019 18.0763 -8.12504 0.0660356 -17.1135 -4.38812 0.00150489 0.750574 -0.0112234
707.257 1948.8 978.209 -106.269 -0.266016 -0.116 0.00616695 0.19687 -0.179315 3.90531e-05 4.67934 -1.80185 3.89322 5.20183 -0.466204 7.77351 9.28306 -1.33553 6.90843 0.311699 -0.271025 -0.000416903 0.394315 0.000843992 15.6637 0.00296197 -1.92898 26.2835 -23.0303 -48.6353 41.2777 -7.32347 2.38748 0.0186186 0.105591 -1.71562e-05 3.59576e-08 2.03926e-07 -0 -23.1488 -3.42069 10.1963 13.5355 -22.5099 65.4607 -64.3131 -8.85664 -5.56564 -0.00357953 0.0203005 6.34133e-07 9.37811e-09 -5.31859e-08 -2.06736e-14 7.70406 8.07627 11.5475 11.0172 8.96212 7.54676 -0.00689201 -0.0651182 0.000123892 8.6718 -14.7555 5.47551 13.2074 28.3251 -6.39701 -0.0528257 -15.5002 -2.16778 -0.00326054 -0.0627326 -0.00932096 4.66387 -4.31778 -0.485434 23.3804 17.8748 -7.65709 0.0417214 -15.2106 -4.2702 0.000985987 0.655855 -0.0122622
709.644 1948.65 976.609 -105.311 0.234685 -0.086 0.0016062 0.20796 -0.0983937 7.76671e-05 4.68148 -1.79679 3.69614 5.00275 -0.528971 7.1862 8.99256 -1.27048 6.44252 0.0203229 -0.353438 -0.000588171 0.368312 0.00114326 17.8604 0.00472005 -3.30188 25.8493 -24.415 -48.765 38.5909 -7.0474 2.14046 0.00826742 0.0468868 -3.38274e-06 5.19331e-09 2.94526e-08 4.77083e-15 -21.6373 -3.35718 10.5129 11.2307 -22.3531 64.0848 -64.3155 -8.77146 -5.61499 0.00746051 -0.0423106 2.75464e-06 3.85944e-09 -2.18881e-08 1.59028e-14 8.01936 7.86005 11.5442 11.4742 8.83135 7.51864 -0.0171578 -0.0987827 9.56024e-06 8.13554 -15.4273 5.69671 14.7427 28.1681 -7.16336 -0.0547929 -16.5077 -2.20159 -0.00326328 -0.178254 -0.00584959 5.08318 -5.20413 -0.714279 23.67 17.9521 -7.77832 0.0263744 -12.8499 -4.2183 0.00060591 0.573977 -0.00914278
711.637 1948.71 974.741 -103.684 0.784249 -0.024 0.00105189 0.157478 -0.0736479 0.000186864 4.66907 -1.76772 3.3872 4.75213 -0.59748 6.513 8.5261 -1.19656 5.84633 -0.458376 -0.417701 -0.00162607 0.379276 0.00131445 18.7995 -0.0270879 -5.43902 26.7076 -25.1288 -47.802 36.0968 -6.751 1.984 0.00176708 0.0100216 -1.5454e-07 -9.49539e-10 -5.38497e-09 -3.10104e-14 -20.4368 -3.36453 10.669 9.70794 -22.1257 63.2174 -63.5141 -8.72587 -5.54266 0.0104987 -0.0595412 5.45509e-06 6.60108e-09 -3.74366e-08 -2.94201e-14 8.44214 8.2992 10.7358 12.0761 9.11421 6.87415 -0.0209883 -0.121488 0.000501652 7.03164 -15.8684 5.7588 15.1956 27.8131 -7.35256 -0.0418109 -16.8422 -2.22763 -0.00221124 -0.257211 -0.00173834 3.07875 -6.24172 -0.913967 24.9194 18.245 -8.37823 -0.00388783 -11.4061 -4.23992 0.0012097 0.531363 -0.00483877
712.8 1949.28 973.522 -101.907 1.28866 -0.053 0.00340852 0.0890438 -0.0868263 0.000354245 4.66587 -1.70092 3.12119 4.4978 -0.567677 6.01187 8.00862 -1.07223 5.35758 -1.04195 -0.334255 -0.00323169 0.428726 0.00180784 18.4654 -0.070391 -8.11085 29.13 -24.7621 -45.7742 33.9752 -6.46326 1.89666 -0.00189102 -0.0107245 -1.76979e-07 -2.38343e-09 -1.35172e-08 3.97569e-15 -19.7899 -3.44311 10.7705 8.65447 -21.2801 62.5429 -63.3016 -8.74703 -5.54825 0.0158299 -0.0897756 1.24018e-05 5.16691e-08 -2.9303e-07 -1.19271e-14 8.84897 9.18119 9.38423 12.638 9.65605 5.81382 -0.0155777 -0.106306 0.00126564 5.89515 -16.036 5.73731 14.5402 27.3518 -6.96035 -0.0248807 -16.2231 -2.28538 -0.00103616 -0.282878 -0.000870465 -0.402706 -7.14374 -0.98723 26.4288 18.6507 -9.13241 -0.0293174 -11.6047 -4.22048 0.00171286 0.52493 -0.00142049
713.152 1949.82 973.214 -100.617 1.66491 -0.226 0.00501651 0.0410368 -0.0971277 0.000529146 4.6777 -1.61101 2.99644 4.28483 -0.387428 5.82525 7.55999 -0.864682 5.13871 -1.58661 -0.0107209 -0.00415071 0.495097 0.00203213 17.4995 -0.0820776 -10.8811 32.4821 -23.2701 -43.1692 32.5371 -6.23058 1.79237 -0.00264862 -0.0150211 -3.47192e-07 -5.24253e-09 -2.97319e-08 2.38542e-14 -19.7465 -3.55411 10.7809 8.06704 -19.4255 62.1056 -64.9019 -8.86911 -5.8218 0.0340312 -0.193 5.73168e-05 1.97953e-07 -1.12264e-06 7.95139e-16 9.06045 10.0432 7.80326 12.8845 10.1491 4.60804 -0.00480351 -0.0449138 0.000887913 4.81829 -16.0964 5.72746 13.8898 26.9922 -6.58298 -0.00838955 -15.0648 -2.34285 5.51344e-05 -0.262373 -0.00194066 -3.72447 -7.7507 -0.821555 27.4086 19.1087 -9.69796 -0.0206894 -13.1307 -4.17844 0.00146945 0.532915 0.00107341
713.113 1949.49 973.423 -100.043 1.89815 -0.525 0.00455959 0.0213468 -0.0793687 4.29289e-05 4.6764 -1.5465 3.00141 4.1428 -0.0889161 5.9385 7.25593 -0.574699 5.20161 -1.95771 0.516723 -0.00398355 0.563957 0.00208721 16.7978 -0.0467021 -13.2027 35.2038 -21.2889 -40.8953 32.1949 -6.10558 1.69109 -0.00154372 -0.00875486 -1.17941e-07 -4.79869e-09 -2.72147e-08 -2.38542e-14 -20.211 -3.64941 10.6915 7.91416 -16.8482 62.0094 -68.3106 -9.05863 -6.39791 0.0593991 -0.336865 0.000174616 4.71977e-07 -2.67671e-06 1.51076e-14 8.99879 10.526 6.22481 12.7202 10.3824 3.46087 0.00252914 0.0197346 -2.18653e-05 3.59109 -16.2284 5.82715 14.196 26.8996 -6.70949 -0.0030626 -14.196 -2.35881 0.000772068 -0.222024 -0.00227401 -5.78188 -8.09018 -0.369962 27.5019 19.5636 -9.91542 0.00661536 -15.0738 -4.19874 0.000868101 0.539498 0.00227086
712.932 1948.12 973.673 -99.8415 2.02044 -0.896 0.00288494 0.0112185 -0.0385421 -0.00149861 4.61605 -1.55682 3.04176 4.08855 0.258059 6.17538 7.13045 -0.231809 5.3916 -2.09489 1.10992 -0.00355039 0.636381 0.0025411 16.8841 0.00143802 -14.7278 35.8883 -19.987 -39.7535 32.9392 -6.10491 1.73983 -0.00105734 -0.00599648 -5.53297e-08 -4.40984e-10 -2.501e-09 -4.77083e-15 -20.9498 -3.70718 10.5119 7.98456 -14.4193 62.1771 -72.1647 -9.27477 -7.06624 0.0662064 -0.37547 0.000216932 4.84035e-07 -2.7451e-06 2.0276e-14 8.75572 10.5176 4.84089 12.312 10.3069 2.5037 0.00440171 0.0549911 -0.000183005 2.05952 -16.4068 6.0894 15.4145 27.0066 -7.28985 -0.00784751 -14.3265 -2.32692 0.000773963 -0.189716 -0.00153805 -6.51154 -8.23157 0.306704 27.0072 19.8443 -9.83541 0.0221945 -16.768 -4.28841 0.000232164 0.547565 0.00237723
712.44 1946.5 973.822 -99.3677 2.06528 -1.292 0.00115404 -0.0149385 -0.00462855 -0.00304106 4.4695 -1.63773 2.99133 4.13066 0.60413 6.2374 7.17762 0.145352 5.41444 -2.02018 1.63087 -0.00342006 0.708383 0.00279565 17.6446 0.0287914 -15.47 34.2049 -20.3642 -40.1744 34.11 -6.1874 1.93268 -0.0010713 -0.00607565 -5.68004e-08 9.1162e-09 5.17006e-08 4.29375e-14 -21.6854 -3.7421 10.204 8.05887 -12.8889 62.2581 -74.9383 -9.51626 -7.55876 0.0432393 -0.245221 9.25303e-05 2.14935e-07 -1.21896e-06 7.15625e-15 8.54934 10.0377 3.86538 11.9881 9.94222 1.85183 0.00462199 0.0576138 -5.72879e-05 0.300843 -16.4003 6.49667 16.6106 27.0373 -7.81884 -0.00522885 -15.3786 -2.26459 0.00045392 -0.180778 -0.000617694 -6.60034 -8.25614 1.03234 26.2928 19.8499 -9.55872 0.0220271 -18.0663 -4.39382 -0.000302802 0.570002 0.00254804
711.506 1945.51 973.854 -98.248 2.05088 -1.671 0.000226425 -0.0701123 -0.000505102 -0.00340608 4.25706 -1.73665 2.78859 4.24593 0.933852 5.89913 7.35372 0.53393 5.05277 -1.81373 2.01034 -0.00330677 0.765384 0.00205731 18.7076 0.0365472 -15.7113 30.6737 -22.4857 -42.1681 35.0549 -6.25164 2.07658 0.000628742 0.00356577 -1.95647e-08 1.85876e-08 1.05416e-07 -6.36111e-15 -22.3428 -3.77247 9.69007 8.20387 -12.2621 61.9762 -76.2819 -9.72079 -7.81506 0.013563 -0.0769197 9.1042e-06 5.96055e-08 -3.3804e-07 -2.38542e-15 8.53535 9.18389 3.42006 11.9661 9.34324 1.56097 0.00600295 0.0428184 -3.84242e-05 -1.37953 -16.0351 6.98399 16.8482 26.8448 -7.84077 0.00917829 -16.7733 -2.19422 0.00045032 -0.196783 -2.72777e-06 -6.77498 -8.27508 1.63233 25.5389 19.7315 -9.21206 0.0167501 -19.2513 -4.47026 -0.000531474 0.615766 0.00254175
710.427 1945.01 973.664 -96.7721 2.00046 -2.014 -1.67679e-05 -0.155978 -0.0125984 -0.00259341 4.05289 -1.80152 2.46551 4.38429 1.24167 5.17308 7.58585 0.893066 4.32975 -1.55999 2.26444 -0.00275132 0.79948 0.00105248 19.9431 0.0363551 -15.6287 26.2623 -25.3497 -45.3188 35.6858 -6.19254 2.09502 0.00229627 0.0130228 -2.60961e-07 2.27974e-08 1.29291e-07 -6.36111e-15 -23.0993 -3.78838 8.83323 8.88899 -11.9573 61.5445 -76.9326 -9.85103 -7.93941 -0.00608861 0.0345302 1.8347e-06 2.07492e-09 -1.17674e-08 1.74931e-14 8.71886 8.04098 3.46728 12.2502 8.55678 1.60042 0.00740478 0.0265702 -6.21797e-05 -2.6389 -15.4805 7.47594 16.0448 26.622 -7.39073 0.0360036 -18.304 -2.11848 0.000993507 -0.236055 0.000661414 -7.30501 -8.38368 2.08112 24.8265 19.7744 -8.95054 0.00968216 -20.7094 -4.49594 -0.000401749 0.683127 0.000799725
709.8 1944.06 973.108 -95.6092 1.97907 -2.348 -0.000208609 -0.2818 -0.00067551 -0.000861978 3.95427 -1.82301 2.11358 4.47759 1.52065 4.30911 7.78393 1.19976 3.49798 -1.33396 2.44305 -0.00172938 0.816826 0.000855711 21.5175 0.0247832 -15.0558 21.849 -27.5873 -48.993 36.4808 -6.06939 2.09511 0.000817592 0.00463679 -3.30827e-08 1.43354e-08 8.13001e-08 -7.15625e-15 -24.1456 -3.75144 7.55937 10.673 -11.236 61.6462 -77.9078 -9.92959 -8.1106 -0.0195393 0.110813 1.88951e-05 1.94313e-08 -1.10201e-07 -7.95139e-16 9.00923 6.74736 3.8071 12.7142 7.67515 1.84413 0.00752098 0.0226722 -0.000188019 -3.22597 -15.168 7.98504 14.7291 26.6931 -6.7979 0.0783573 -20.0928 -2.03815 0.0016768 -0.297848 0.00153968 -8.18826 -8.62494 2.47338 24.4492 20.0415 -8.91409 -9.92569e-05 -22.4295 -4.49235 8.20835e-05 0.764096 -0.00147373
709.823 1942.13 972.09 -95.2997 2.04428 -2.696 -0.000616829 -0.470835 0.0676846 0.000987966 4.01603 -1.82926 1.86913 4.48252 1.7463 3.68063 7.89286 1.42697 2.93884 -1.18617 2.57202 -0.000757187 0.819875 0.00118695 23.5295 -0.0029569 -13.7288 17.732 -28.2671 -52.6266 38.1151 -6.09191 2.15266 -0.00189532 -0.0107489 -1.77784e-07 4.6075e-09 2.61303e-08 -1.03368e-14 -25.5143 -3.64554 6.04263 13.5527 -9.60155 62.811 -79.7442 -9.96013 -8.47537 -0.035656 0.202214 6.29204e-05 8.09411e-08 -4.5904e-07 4.37326e-15 9.22562 5.54365 4.26597 13.0902 6.86809 2.19182 0.00644138 0.0262477 -5.32811e-05 -3.06083 -15.3957 8.57075 13.6721 27.2044 -6.4374 0.121831 -22.0684 -1.98271 0.00144644 -0.376211 0.00146157 -9.2261 -8.90387 2.86709 25.0128 20.1969 -9.17849 0.0024878 -23.8105 -4.4793 0.00099664 0.851008 -0.000710598
709.907 1940 970.528 -95.8882 2.14982 -2.997 -0.000271713 -0.744745 0.18386 0.00131226 4.22515 -1.83488 1.8374 4.44023 1.87459 3.53694 7.94469 1.53352 2.89216 -1.09175 2.63767 -0.00041533 0.799974 0.000974654 25.6203 -0.028566 -11.6599 14.0979 -27.1519 -55.7837 40.9816 -6.38091 2.29696 -0.000846109 -0.00479852 -3.54308e-08 -2.36328e-09 -1.34028e-08 -9.54166e-15 -27.1039 -3.5259 4.71305 16.8652 -7.15483 64.7815 -82.3063 -9.88338 -9.02081 -0.0526817 0.29877 0.000137355 1.66269e-07 -9.42957e-07 -1.74931e-14 9.142 4.5481 4.81811 13.0312 6.21806 2.64794 0.00419953 0.0254516 0.000100384 -2.32583 -16.0023 9.14671 13.5054 27.9435 -6.54217 0.151825 -23.6611 -1.96484 -1.93212e-05 -0.456545 -0.000239852 -10.0016 -9.01034 3.17425 26.6467 19.8523 -9.62478 0.0381717 -24.0601 -4.42225 0.0020292 0.933733 0.00341367
709.343 1938.92 968.473 -97.0106 2.17065 -3.14 0.00237411 -1.09013 0.305873 -0.000228749 4.51062 -1.83268 2.04395 4.45293 1.88759 3.90457 8.03427 1.49656 3.34169 -0.958246 2.60937 -0.0005685 0.755138 -0.000468341 27.1317 -0.0344266 -9.35597 11.41 -24.6455 -57.8837 44.9489 -6.86828 2.58877 0.00946937 0.0537034 -4.43783e-06 -2.5719e-08 -1.4586e-07 -2.38542e-15 -28.8047 -3.47135 3.98398 19.885 -4.45121 66.8001 -85.281 -9.63965 -9.59418 -0.0560497 0.31787 0.000155479 2.1442e-07 -1.21604e-06 -9.54166e-15 8.56534 3.68675 5.45992 12.2407 5.6604 3.22678 0.00179798 0.0294093 -0.000963942 -1.31069 -16.5411 9.49275 14.1812 28.6024 -7.04488 0.160333 -24.1774 -1.97257 -0.00158481 -0.520971 -0.00214179 -10.0455 -8.7978 3.2488 28.6412 19.0537 -9.99544 0.0875327 -22.8419 -4.33286 0.00255897 1.00227 0.00726452
708.223 1939.83 966.489 -98.2195 2.03573 -3.087 0.00524913 -1.4367 0.396651 -0.00168785 4.77348 -1.82025 2.46561 4.60839 1.8309 4.69062 8.25734 1.35082 4.14713 -0.681623 2.51604 6.7329e-05 0.701537 -0.00316339 27.7016 -0.0259317 -7.76935 9.95613 -21.5867 -58.0851 49.5207 -7.40095 3.08221 0.0288996 0.163898 -4.13345e-05 -1.15656e-07 -6.5592e-07 -3.97569e-15 -30.5602 -3.51223 3.97199 22.047 -2.13312 68.1878 -88.4139 -9.1289 -10.0936 -0.0151176 0.0857359 1.13108e-05 2.19345e-07 -1.24397e-06 -4.37326e-15 7.46874 2.68429 6.1877 10.6773 4.99047 3.92845 0.00120183 0.0348499 -0.00196249 -0.254646 -16.7446 9.43932 14.753 29.1573 -7.50439 0.124595 -23.6535 -2.02552 -0.00194115 -0.557169 -0.00269188 -8.94042 -8.35107 3.03564 29.8165 18.3822 -10.0976 0.10644 -20.5816 -4.29521 0.00230624 1.05205 0.00797042
707.447 1942.97 965.429 -99.1944 1.84064 -2.921 0.00444617 -1.69763 0.447979 -0.00155336 4.95109 -1.79913 3.0327 4.89455 1.8004 5.69282 8.62654 1.21212 5.11101 -0.254998 2.45092 0.00259278 0.657876 -0.00633229 27.6799 -0.0115649 -7.74705 9.31873 -18.7063 -55.9212 54.2519 -7.83757 3.75472 0.0468278 0.265572 -0.000108526 -2.40673e-07 -1.36493e-06 -1.35174e-14 -32.2439 -3.61001 4.46644 23.1367 -0.609991 68.675 -91.4343 -9.40207 -10.5402 -0.101742 0.576986 0.000512289 5.61439e-08 -3.18408e-07 1.27222e-14 6.05966 1.2285 7.02296 8.65077 3.99189 4.74071 0.00216312 0.00975148 -0.000279675 0.80276 -16.7084 8.98173 13.7563 29.8042 -7.20713 0.0481191 -22.9198 -2.11264 -0.00104421 -0.570906 -0.00150319 -6.60702 -7.94361 2.60834 29.208 18.3425 -9.83569 0.0851726 -18.2426 -4.32962 0.00160378 1.08706 0.00636054
707.693 1947.86 965.753 -99.8168 1.75494 -2.759 0.00153668 -1.82637 0.470108 -0.000643472 5.03858 -1.75814 3.64029 5.20846 1.8619 6.65582 9.06151 1.1871 6.04519 0.214188 2.48614 0.00596229 0.612729 -0.00872498 28.0487 0.0183076 -9.38502 8.32867 -16.2683 -51.9375 59.0326 -8.11829 4.51839 0.0533224 0.302403 -0.000140716 -2.91167e-07 -1.65129e-06 1.11319e-14 -33.68 -3.70049 5.11766 23.4078 0.126164 68.4255 -93.983 -8.77098 -10.9415 -0.0189671 0.107568 1.78046e-05 1.18868e-07 -6.74132e-07 5.56597e-15 4.65874 -0.700597 8.0095 6.63268 2.65277 5.63628 0.00162163 -0.0524979 0.00219556 1.97272 -16.6552 8.29196 10.4505 30.5619 -5.72378 -0.0116966 -22.6717 -2.18867 0.000642937 -0.588323 0.00123591 -3.49247 -7.74161 2.1269 26.8366 18.7826 -9.18244 0.0582215 -16.6454 -4.36622 0.000812012 1.12041 0.00443459
708.338 1953.68 967.11 -100.005 1.76675 -2.658 0.00128561 -1.82826 0.470765 -0.0001356 5.06485 -1.67878 4.1352 5.46607 1.99279 7.3383 9.48159 1.28091 6.78193 0.625505 2.62632 0.00786831 0.543939 -0.00868608 29.6907 0.0645826 -11.8469 5.79577 -14.2771 -47.6874 64.1235 -8.28133 5.37059 0.0525154 0.297827 -0.00013649 -2.54093e-07 -1.44103e-06 3.18055e-14 -34.6924 -3.75565 5.56012 23.2968 0.281849 67.9097 -95.6517 -8.47774 -11.2444 0.0169248 -0.0959853 1.41767e-05 8.6656e-08 -4.91451e-07 1.27222e-14 3.5474 -2.79424 9.08544 5.02149 1.1796 6.52161 -0.00336277 -0.10804 0.00231149 3.2793 -16.4534 7.58739 5.64068 30.9503 -3.34946 -0.0252844 -22.8667 -2.27228 0.00235899 -0.638126 0.00241812 -0.357168 -7.55529 1.70828 23.4452 19.1561 -8.15874 0.0523107 -16.139 -4.3894 0.000188028 1.16007 0.00293644
707.812 1958.8 968.619 -99.7123 1.63733 -2.588 0.00443984 -1.74377 0.453996 0.000107086 5.06441 -1.5651 4.33121 5.65712 2.10623 7.55871 9.86181 1.40008 7.14681 0.956407 2.78661 0.00682084 0.457911 -0.00588649 32.4998 0.0868447 -13.8844 1.67555 -12.5528 -44.7861 69.813 -8.35673 6.37097 0.0612601 0.347419 -0.000185729 2.59791e-08 1.47335e-07 1.59028e-14 -35.0513 -3.78323 5.38823 23.0958 0.13554 67.8783 -96.1508 -8.26214 -11.3417 0.0506802 -0.287419 0.000127117 1.73572e-07 -9.84374e-07 1.43125e-14 2.92657 -4.55052 9.95194 4.1064 -0.0709429 7.17464 -0.00959446 -0.117496 0.000878033 4.57535 -15.6581 7.04044 1.25733 30.4796 -1.07563 -0.019216 -23.0799 -2.36762 0.00274995 -0.734453 -0.00192326 1.99577 -7.03029 1.36984 19.9396 19.1577 -6.93004 0.0574005 -16.6993 -4.43405 2.92185e-05 1.19822 0.00188009
705.127 1961.42 969.809 -99.0666 1.15536 -2.503 0.00761713 -1.61643 0.428653 0.000333891 5.0541 -1.45928 4.16492 5.81935 2.13204 7.37105 10.2123 1.43453 7.11261 1.25831 2.86923 0.00411927 0.389406 -0.00255409 35.3895 0.0620764 -14.9139 -2.93051 -10.7858 -43.6096 75.99 -8.37341 7.50297 0.0989929 0.561399 -0.000484983 2.30131e-06 1.30514e-05 -2.8943e-13 -34.68 -3.79867 4.33177 22.7949 0.0675673 68.9793 -95.5461 -8.02175 -11.199 0.0953138 -0.540535 0.000449605 3.12292e-07 -1.77109e-06 -1.09332e-14 2.95522 -5.50039 10.3273 4.12772 -0.737644 7.42551 -0.0125693 -0.0983534 0.000897183 5.67101 -14.064 6.75229 -1.18506 29.2684 0.227426 -0.0118626 -23.038 -2.4216 0.00160736 -0.866581 -0.00908986 3.12059 -6.00415 1.13481 17.2985 18.833 -5.86628 0.0487574 -17.8315 -4.49639 0.00021875 1.21987 0.00113535
700.837 1961.42 970.939 -98.3301 0.392605 -2.402 0.00683699 -1.4815 0.40718 0.000427419 5.03582 -1.41046 3.77312 5.97146 2.09213 7.02557 10.5237 1.38957 6.84718 1.5688 2.8877 0.00187034 0.35286 -0.000684073 37.3119 0.0240491 -15.3921 -6.97639 -9.03949 -43.3946 82.1703 -8.2492 8.67168 0.145643 0.825922 -0.00104974 6.94112e-06 3.9365e-05 -2.38621e-12 -33.8597 -3.80121 2.48674 22.1792 0.341869 71.0736 -94.1643 -7.96166 -10.9506 0.106787 -0.605596 0.000564356 -2.70043e-05 0.000153149 3.60921e-11 3.6167 -5.48341 10.2272 5.065 -0.697387 7.31235 -0.0114825 -0.0676204 0.00358255 6.50747 -11.999 6.68339 -1.70545 27.7974 0.555107 -0.00394045 -22.7784 -2.42432 0.000260295 -1.0056 -0.011265 3.052 -4.62178 1.0634 16.3006 18.2174 -5.2723 0.0272331 -18.7731 -4.50647 0.000308395 1.21704 0.000546285
696.714 1960.05 972.407 -97.8412 -0.335012 -2.285 0.00168329 -1.36959 0.393867 0.000230654 5.01401 -1.42777 3.39485 6.08271 2.06153 6.76219 10.7353 1.36593 6.57071 1.8233 2.92533 0.000733759 0.333339 2.70319e-05 37.9985 0.00121851 -16.0855 -9.97444 -7.82557 -43.1839 87.5178 -8.21821 9.68405 0.213889 1.21284 -0.00226389 1.22409e-05 6.94218e-05 -7.41467e-12 -33.1618 -3.78472 0.360325 20.9715 0.893541 73.1563 -92.3809 -8.05719 -10.8397 0.0845846 -0.479692 0.000354082 -7.18711e-05 0.000407601 2.55655e-10 4.62207 -4.75291 9.8266 6.49767 -0.15578 6.95578 -0.00388376 -0.00246164 0.00551323 7.22781 -10.1901 6.68437 -1.23027 26.5539 0.376547 0.00564868 -22.2899 -2.38585 -0.000379878 -1.12254 -0.00716584 1.94565 -3.23049 1.1515 17.2927 17.1905 -5.20307 0.0129794 -18.8774 -4.41628 -0.000148676 1.18614 0.000697179
694.375 1958.93 974.067 -97.7594 -0.762126 -2.066 -0.00425401 -1.29991 0.378606 -0.000794035 5.00753 -1.47763 3.21129 6.1098 2.06358 6.68981 10.7771 1.41182 6.41255 1.91239 3.01584 0.00036397 0.313244 0.000498699 37.7653 -0.00852992 -17.2818 -11.5993 -7.66856 -42.5309 90.8898 -7.77194 10.3294 0.192532 1.09177 -0.00183441 1.57818e-05 8.9503e-05 -1.23636e-11 -33.1272 -3.76203 -1.38379 19.3045 1.43288 74.2107 -90.5865 -11.1438 -10.9033 -0.455843 2.58343 0.0102786 -0.000110184 0.000624882 6.00835e-10 5.53437 -3.79441 9.22045 7.78878 0.515321 6.42982 0.00767451 0.0889684 0.00378937 8.01897 -9.22014 6.52293 -0.537071 25.7992 0.0680083 0.018337 -21.1502 -2.28241 -0.000571712 -1.19326 -0.00109983 -0.00256855 -2.11872 1.22265 19.9571 15.6827 -5.48473 0.0122382 -18.0147 -4.2949 -0.00151485 1.1147 0.00296639
694.215 1958.79 975.122 -97.8131 -0.875075 -1.576 -0.0065697 -1.28296 0.344887 -0.00329562 5.04128 -1.52138 3.21516 6.03279 2.03469 6.7108 10.6302 1.46262 6.30751 1.7721 3.08032 0.000286315 0.29016 0.000844817 37.0553 -0.0159613 -18.6333 -11.5125 -8.61354 -41.5589 91.4555 -9.10934 10.5142 0.471536 2.67225 -0.0109982 2.69901e-05 0.000153069 -3.60289e-11 -33.8706 -3.74597 -2.4749 17.863 1.74104 74.2054 -88.8483 -15.9099 -10.7814 -1.2802 7.22131 0.080786 -0.000201317 0.00114173 2.00583e-09 5.94018 -2.98025 8.32392 8.35789 1.03969 5.71154 0.0185791 0.18734 0.000508348 8.67061 -9.13451 5.96477 0.0467424 25.4918 -0.184237 0.0216588 -19.008 -2.14549 -0.000788767 -1.20466 0.00511762 -2.50856 -1.45406 0.981303 23.193 14.1426 -5.89858 0.00978511 -16.8259 -4.24624 -0.00330815 0.986816 0.00748983
695.424 1958.91 974.795 -97.467 -0.862113 -0.742 -0.00240625 -1.31813 0.282793 -0.00632534 5.12604 -1.54307 3.24962 5.87705 1.90152 6.61669 10.3514 1.40052 6.0742 1.45071 2.98588 0.000155745 0.274624 0.000838902 36.2158 -0.0184804 -19.5874 -9.6869 -10.2322 -40.4545 89.2551 -7.16889 10.2534 0.187672 1.06421 -0.00174296 2.41136e-05 0.000136755 -2.87745e-11 -35.0354 -3.73584 -3.12849 17.2061 1.78219 74.1521 -86.8983 -12.263 -10.2947 -0.611262 3.46235 0.0184749 -5.10243e-05 0.000289373 1.28859e-10 5.71645 -2.34962 7.04843 8.04978 1.40282 4.76132 0.0234112 0.26712 0.000258914 8.72927 -9.46941 5.01598 0.415903 25.3447 -0.326416 0.00463452 -16.1404 -2.06163 -0.00121056 -1.16638 0.0107409 -5.10251 -1.25901 0.270125 25.7516 13.2678 -6.34224 -0.00137801 -16.0869 -4.26322 -0.00388259 0.807805 0.0101872
696.608 1958.43 973.061 -96.2783 -0.910503 0.258 0.00414707 -1.39342 0.192629 -0.00713677 5.24694 -1.55018 3.15399 5.69858 1.68179 6.23195 10.048 1.1992 5.57782 1.08966 2.69378 -0.000174796 0.280009 0.000459483 35.506 -0.0104765 -19.9386 -6.92089 -12.0073 -39.4178 85.5386 -7.0841 9.63808 0.227396 1.2894 -0.0025588 2.09093e-05 0.000118583 -2.16361e-11 -36.1966 -3.72792 -3.69184 17.4865 1.68714 75.0772 -84.8708 -11.194 -9.84425 -0.382605 2.16881 0.00724225 2.81176e-06 -1.59463e-05 3.93594e-13 5.15965 -1.67611 5.56472 7.28113 1.80378 3.68944 0.0180952 0.261681 0.00153058 7.84011 -9.60862 3.97301 0.565138 25.0434 -0.369368 -0.014209 -13.5687 -2.08022 -0.00164495 -1.1144 0.0142047 -7.19601 -1.38767 -0.739921 26.9976 13.2317 -6.71408 -0.0137472 -15.9053 -4.28043 -0.00266544 0.618441 0.00807438
696.907 1957.09 970.642 -94.1866 -1.0638 1.14 0.00490506 -1.49031 0.0787344 -0.00475092 5.36993 -1.55689 2.84151 5.55041 1.46832 5.46724 9.82284 0.977615 4.79984 0.821306 2.30757 -0.000754843 0.312393 -0.00036433 35.2074 0.00303188 -19.9431 -4.52865 -13.6132 -38.7206 81.9596 -5.99943 8.88208 0.0815481 0.462472 -0.000329116 8.4555e-06 4.79535e-05 -3.55268e-12 -37.1518 -3.72103 -4.28437 18.5943 1.6922 76.8667 -83.0221 -10.7847 -9.60799 -0.276393 1.56711 0.00378008 1.13152e-05 -6.41719e-05 6.33427e-12 4.78722 -0.828377 4.21557 6.75899 2.35915 2.71543 0.00924105 0.177708 0.00111188 5.86407 -9.29915 3.17516 0.577552 24.6504 -0.35764 -0.0101518 -12.6738 -2.17653 -0.00167027 -1.09769 0.0141456 -8.60795 -1.7313 -1.69533 27.0317 13.7412 -6.94645 -0.0222993 -15.6963 -4.26271 -0.00122445 0.469752 0.00468581
696.412 1954.92 968.521 -91.4758 -1.29335 1.709 -0.000476118 -1.57349 -0.049218 -0.00139089 5.46592 -1.56784 2.31945 5.47806 1.32968 4.36774 9.75129 0.873994 3.80923 0.729501 1.98576 -0.00148558 0.372689 -0.00132416 35.3777 0.0104244 -19.9197 -3.15286 -15.0434 -38.5319 79.3226 -5.26353 8.24131 -0.013116 -0.0743847 -8.514e-06 1.02003e-07 5.78489e-07 3.18055e-15 -37.7766 -3.70808 -4.54744 19.9735 1.85305 78.2776 -82.0097 -10.3163 -9.41294 -0.180688 1.02462 0.00161567 7.7313e-06 -4.38464e-05 2.95076e-12 5.05029 0.0246462 3.2801 7.10087 2.93905 2.00246 0.00459265 0.130241 0.000511939 3.27121 -8.7083 2.81061 0.500727 24.569 -0.304383 0.0139857 -14.1215 -2.316 -0.00109891 -1.13994 0.00990455 -9.66032 -2.14212 -2.30311 26.2921 14.3008 -7.00646 -0.0296053 -14.7288 -4.23409 -0.00070851 0.379765 0.00343599
695.902 1952.38 967.217 -88.4667 -1.54069 1.94 -0.00423295 -1.59601 -0.175464 0.000651382 5.52378 -1.58138 1.6812 5.48962 1.27347 3.10616 9.83044 0.946338 2.7079 0.809082 1.8435 -0.00191854 0.456862 -0.00140697 35.6595 0.00257879 -19.9898 -2.5565 -16.4224 -38.9006 77.4823 -5.19328 7.81931 0.0079689 0.0451939 -3.14286e-06 -1.60975e-09 -9.12934e-09 -8.74653e-15 -37.9428 -3.67976 -4.04103 20.4045 1.9147 78.1148 -82.2158 -9.91577 -9.29675 -0.104257 0.591251 0.000537935 3.43449e-06 -1.9478e-05 5.78265e-13 6.01385 0.622658 2.82562 8.41309 3.34638 1.58237 0.00435962 0.179856 0.0008647 0.769336 -8.24043 2.84608 0.305315 25.231 -0.168228 0.0320441 -17.3399 -2.45277 -0.000334808 -1.22034 0.003661 -10.8479 -2.44811 -2.50392 25.0439 14.5198 -6.82223 -0.0349704 -12.7868 -4.26095 -0.000710836 0.329162 0.00370023
696.32 1950.32 966.53 -85.3464 -1.72262 1.92 -0.00116293 -1.52335 -0.282982 0.00122473 5.54975 -1.5979 1.04661 5.54843 1.29945 1.89069 9.97879 1.17255 1.60404 0.976317 1.92142 -0.00124921 0.551833 -0.000352182 35.5244 -0.0300476 -20.0945 -2.21089 -17.7628 -39.8324 76.1226 -5.02813 7.56528 0.013573 0.0769762 -9.11757e-06 -2.34717e-09 -1.33115e-08 1.59028e-15 -37.6163 -3.64623 -2.87136 18.7613 1.70876 76.1766 -83.3004 -9.93752 -9.51987 -0.0960504 0.544712 0.00045658 1.21507e-06 -6.89101e-06 6.76241e-14 7.31978 0.836106 2.69672 10.2193 3.49479 1.37875 0.00585682 0.244609 6.18171e-05 -1.25659 -8.21385 3.09563 -0.0565569 26.6723 0.0702808 0.0301173 -20.7899 -2.49755 -1.57605e-05 -1.29852 -0.000668403 -12.4672 -2.60658 -2.44804 23.286 14.2639 -6.31752 -0.0318906 -10.3567 -4.33809 -0.000543874 0.293466 0.0031513
697.857 1949.5 966.083 -82.1176 -1.8234 1.751 0.00529433 -1.36185 -0.362676 0.00124596 5.56228 -1.6302 0.48795 5.62484 1.42885 0.840391 10.124 1.48736 0.580726 1.16179 2.1873 0.00121436 0.635247 0.000449284 34.5885 -0.0853216 -20.0791 -1.85863 -18.9307 -41.4487 75.0932 -4.9102 7.41329 0.0192149 0.108973 -1.82727e-05 -9.43915e-09 -5.3532e-08 7.15625e-15 -36.889 -3.63212 -1.55354 15.2268 1.42638 73.1145 -84.5689 -10.2083 -9.90271 -0.140018 0.79403 0.000970233 2.15511e-06 -1.22222e-05 2.22862e-13 8.51893 0.753621 2.71846 11.8974 3.44795 1.31185 0.00688656 0.248839 -0.00132949 -2.64061 -8.49684 3.4583 -0.336268 28.2987 0.232611 0.0310911 -22.7791 -2.34589 -0.000165399 -1.34769 -0.00177307 -14.3927 -2.57542 -2.26854 21.1453 13.3972 -5.48771 -0.0190001 -8.15415 -4.4007 -0.000355647 0.268694 0.00142931
699.838 1950.33 965.68 -78.77 -1.90473 1.568 0.010207 -1.17551 -0.424689 0.00119327 5.57275 -1.70968 0.00508833 5.71783 1.65587 -0.0701111 10.2562 1.82273 -0.309419 1.34949 2.55016 0.00438395 0.675107 -0.000182591 32.8557 -0.131247 -19.7899 -1.68255 -19.7637 -43.9677 74.4266 -4.90282 7.35913 0.0305063 0.173009 -4.6058e-05 -3.47453e-08 -1.97051e-07 -0 -36.0099 -3.66133 -0.598183 10.7941 1.36351 69.8076 -85.4362 -10.3318 -10.1202 -0.165027 0.935829 0.00134775 2.20228e-06 -1.24898e-05 2.34566e-13 9.36959 0.601072 2.78628 13.1052 3.35467 1.31609 0.00604542 0.207447 -0.00152473 -3.32924 -8.65165 3.92695 0.309069 29.329 -0.181626 0.0459064 -22.6163 -1.99154 -0.000351064 -1.37187 -0.00127582 -16.4777 -2.34563 -2.09701 19.1591 12.068 -4.548 -0.0046357 -6.74398 -4.47127 -0.000180141 0.270655 0.000178919
701.17 1952.69 965.316 -75.402 -2.07034 1.544 0.0137409 -1.04284 -0.489593 0.00115795 5.57626 -1.85085 -0.447705 5.84644 1.90093 -0.92024 10.434 2.08814 -1.08347 1.57706 2.86587 0.005429 0.657822 -0.00117132 30.6982 -0.129258 -19.0355 -1.74454 -20.196 -47.2912 73.9438 -4.9184 7.36612 0.0385348 0.218541 -7.3491e-05 -5.81774e-08 -3.2994e-07 -3.4191e-14 -35.1324 -3.72279 -0.161167 6.4495 1.61021 66.9208 -85.828 -10.1509 -10.0457 -0.123462 0.700153 0.000754361 1.63597e-07 -9.27804e-07 -6.23687e-15 9.92073 0.498247 2.9116 13.9028 3.29311 1.38053 0.00478756 0.166643 -0.000822046 -2.92179 -8.21096 4.44178 2.73331 29.2622 -1.57192 0.0296972 -20.7784 -1.62342 -0.000308785 -1.39666 -0.0033181 -18.6501 -2.04974 -2.11429 17.9136 10.9568 -3.82718 0.00430238 -6.3064 -4.59409 0.000865447 0.315228 0.00124644
701.105 1956.18 965.092 -72.172 -2.38564 1.774 0.016679 -0.998076 -0.578132 0.00110633 5.5688 -2.00924 -0.906039 6.02425 2.06326 -1.74325 10.7129 2.1906 -1.84299 1.87774 2.9999 0.00358784 0.605546 -0.00126972 28.5903 -0.0816455 -17.7962 -1.46383 -20.2459 -50.6033 73.223 -4.77512 7.39498 0.0276802 0.156982 -3.79198e-05 -9.05333e-08 -5.13439e-07 7.95139e-16 -34.0212 -3.77421 0.0676183 2.8266 2.1172 64.7589 -86.2484 -9.86244 -9.83874 -0.0454525 0.257772 0.000102245 -4.74628e-07 2.69175e-06 1.65985e-14 10.337 0.336512 3.27412 14.5108 3.20168 1.62379 0.00675079 0.120645 -0.000971357 -0.719402 -6.99178 4.84888 7.02682 28.1563 -3.71687 -0.0462896 -18.4026 -1.52947 -0.000291279 -1.43794 -0.0102983 -20.616 -1.90506 -2.4364 17.5423 10.843 -3.5343 0.0307019 -6.4284 -4.72604 0.0029263 0.402255 0.00465531
699.885 1961.03 964.926 -69.328 -2.8119 2.187 0.0159298 -1.02498 -0.707188 0.000882152 5.56412 -2.09161 -1.35737 6.25252 2.1221 -2.5148 11.0901 2.15103 -2.6734 2.23601 2.94317 0.00142352 0.551141 -0.000743224 26.9045 -0.0295603 -16.4757 0.248618 -20.0987 -52.5827 71.9155 -4.45881 7.43422 0.0019713 0.0111798 -1.92325e-07 -2.14013e-07 -1.21373e-06 -1.59028e-14 -32.2781 -3.77207 0.334967 0.123602 2.91904 63.389 -87.2677 -9.74081 -9.7985 0.00294834 -0.0167209 4.30215e-07 -3.64917e-07 2.06955e-06 -7.90169e-15 10.7481 -0.204337 4.00547 15.1103 2.87767 2.15208 0.013533 0.0577046 -0.00124535 3.41042 -5.35039 4.92484 12.4217 26.6911 -5.98162 -0.123964 -16.7419 -1.81633 -0.000807655 -1.48657 -0.0198416 -22.1458 -2.08092 -3.06342 17.7319 12.0576 -3.74205 0.0897564 -6.42163 -4.80439 0.00470405 0.512735 0.00684178
698.298 1968.28 964.719 -67.058 -3.24693 2.649 0.011209 -1.09854 -0.874833 0.000786589 5.58097 -2.03258 -1.75707 6.53895 2.12695 -3.1822 11.5407 2.10221 -3.54427 2.62642 2.79388 0.00163294 0.496844 -0.00106277 25.838 -0.00287491 -15.6595 3.82697 -20.0134 -52.369 70.0965 -4.22729 7.36957 -0.014344 -0.0813486 -1.01828e-05 -3.10741e-07 -1.7623e-06 -1.74931e-14 -29.7025 -3.69204 0.695417 -1.79991 4.0098 62.5939 -89.1119 -9.74501 -10.0654 0.0112331 -0.063706 6.24491e-06 -5.84853e-07 3.31686e-06 4.06515e-14 11.2161 -1.48464 4.99998 15.785 2.07377 2.91534 0.0217575 0.0113788 -0.00035687 8.83583 -3.88796 4.51499 17.4499 25.6226 -7.86025 -0.13216 -16.2858 -2.20256 -0.00181851 -1.5278 -0.0269021 -23.2446 -2.48726 -3.94774 17.9176 14.091 -4.28174 0.124477 -5.92451 -4.85594 0.00488355 0.619001 0.00500559
696.949 1978.97 964.38 -65.33 -3.56062 3.095 0.00671821 -1.22167 -1.04489 0.00164365 5.59847 -1.88042 -2.05131 6.86701 2.12218 -3.69918 12.0372 2.16631 -4.2665 3.03739 2.65919 0.00544891 0.407257 -0.00541426 25.3642 0.00261242 -15.6518 8.17387 -19.9542 -50.3533 68.5105 -4.2726 7.05801 -0.0130987 -0.0742865 -8.49154e-06 -3.26482e-07 -1.85157e-06 1.74931e-14 -26.5613 -3.56584 1.32292 -3.20323 5.26233 61.7329 -91.6472 -10.568 -10.5119 -0.136042 0.771484 0.000915911 -1.56032e-06 8.84901e-06 1.16165e-13 11.694 -3.55377 5.93646 16.4531 0.732619 3.70235 0.0253549 0.017389 0.000894044 14.6859 -2.96348 3.63744 20.4561 25.0822 -9.00707 -0.0811002 -16.6639 -2.45997 -0.00247317 -1.56015 -0.0258402 -24.2653 -2.78648 -5.07804 17.6633 15.9203 -4.74423 0.0599298 -5.41074 -4.92761 0.00386241 0.700753 0.00155549
696.025 1993.21 963.692 -63.837 -3.65855 3.517 0.00415124 -1.40198 -1.17441 0.00327876 5.54586 -1.76079 -2.18254 7.18448 2.11958 -4.03268 12.5394 2.36416 -4.64273 3.46863 2.59349 0.0123775 0.261898 -0.0166235 25.2827 -0.00073478 -16.0741 11.312 -19.6988 -48.1582 68.0896 -4.5588 6.6551 -0.00624793 -0.0354338 -1.93197e-06 -1.63888e-07 -9.29454e-07 -0 -23.5475 -3.4634 2.37622 -4.45047 6.42589 60.1263 -94.3447 -10.1111 -10.919 -0.0529266 0.300159 0.000138635 -8.42646e-07 4.77888e-06 4.07384e-14 12.0077 -5.93885 6.46198 16.8685 -0.860059 4.23652 0.021113 0.0599646 0.00105226 20.3026 -2.53195 2.41495 20.4029 24.6776 -9.00339 -0.0222405 -17.2776 -2.61396 -0.00215373 -1.58492 -0.0159735 -25.8987 -2.74166 -6.42569 16.8953 16.9076 -4.83207 -0.0828195 -5.96231 -5.02843 0.00337546 0.757838 8.9734e-05
695.758 2009.82 962.717 -62.078 -3.51564 3.871 0.00148326 -1.60108 -1.26018 0.00278642 5.35457 -1.74811 -2.12119 7.44315 2.13034 -4.17869 12.9877 2.60619 -4.65991 3.91028 2.6244 0.019509 0.0898816 -0.0283314 25.2983 -0.0191148 -16.0789 11.7337 -19.1371 -47.6653 69.2452 -4.98281 6.52629 -0.000154987 -0.000878975 -1.18883e-09 -3.28728e-08 -1.86431e-07 4.77083e-15 -21.2847 -3.42571 3.72536 -5.98131 7.15317 57.7961 -96.5156 -10.1139 -11.2618 -0.031894 0.180879 5.03436e-05 -1.03632e-06 5.87728e-06 6.32508e-14 11.8894 -7.90665 6.40724 16.6734 -2.23139 4.32942 0.0114339 0.0757905 -4.27406e-06 24.9846 -2.3602 1.0841 17.7222 23.9724 -7.7954 0.0138057 -17.594 -2.74949 -0.00145978 -1.59091 -0.00384566 -28.4622 -2.48116 -7.81753 16.2324 17.0422 -4.70713 -0.216915 -8.22079 -5.30096 0.00443863 0.808846 0.000946827
696.951 2027.18 961.824 -59.673 -3.15366 4.025 -0.00073683 -1.74091 -1.34446 -0.00336222 5.0278 -1.79925 -1.90902 7.64011 2.20348 -4.15683 13.3304 2.8052 -4.46043 4.33994 2.80304 0.023644 -0.0465641 -0.0276773 25.0408 -0.0725487 -14.9932 9.41493 -18.2207 -49.816 71.6672 -5.45997 6.78706 0.00883611 0.0501121 -3.86412e-06 8.13701e-09 4.61473e-08 7.15625e-15 -20.0128 -3.45639 4.9023 -7.94086 7.21697 55.5367 -97.7542 -10.6488 -11.6232 -0.0949523 0.538485 0.0004462 -7.53791e-06 4.27496e-05 2.79095e-12 11.1814 -8.98468 5.75476 15.6536 -3.06029 3.91663 0.00282023 0.0339687 -0.00104761 27.6033 -2.22969 0.0498076 14.3968 22.692 -6.05985 0.0189244 -17.2927 -2.87745 -0.000913617 -1.56787 0.00341038 -31.8122 -2.32847 -8.95815 17.1467 16.4404 -4.8608 -0.297678 -11.6874 -5.8076 0.00594385 0.872488 0.00431077
700.715 2044.55 961.579 -56.583 -2.61914 3.873 6.13103e-05 -1.77397 -1.48541 -0.0133199 4.66888 -1.80405 -1.64679 7.83543 2.37642 -3.9871 13.5912 2.96119 -4.21174 4.75882 3.14168 0.0245024 -0.122075 -0.0146716 24.265 -0.151759 -12.6733 5.5859 -17.0148 -54.2645 74.5563 -5.88086 7.23715 0.0195468 0.110855 -1.89095e-05 2.41513e-08 1.36969e-07 1.82882e-14 -19.6361 -3.56038 5.45618 -10.0298 6.61164 54.0873 -98.1381 -11.4439 -11.9748 -0.207245 1.17518 0.00212546 -2.26252e-05 0.000128314 2.5364e-11 10.0541 -9.28938 4.60209 14.0313 -3.38709 3.08734 -0.000569825 -0.0349714 -0.00118294 27.0628 -2.11207 -0.317613 12.5988 21.0034 -4.74523 0.00980254 -16.1587 -3.0095 -0.000433117 -1.53589 0.00511136 -35.483 -2.48742 -9.64235 20.91 14.9571 -5.54298 -0.334536 -15.111 -6.21489 0.00658081 0.95714 0.0123204
707.518 2062.17 962.509 -53.102 -1.96663 3.479 0.00258053 -1.72229 -1.70054 -0.0227208 4.41884 -1.71661 -1.47171 8.07923 2.60624 -3.72914 13.8816 3.11568 -3.99615 5.19719 3.54718 0.0228129 -0.183944 -0.00263794 23.1128 -0.197508 -9.725 1.64203 -15.9867 -59.5773 77.2349 -6.11421 7.70874 0.0247188 0.140187 -3.02401e-05 6.53238e-08 3.7047e-07 1.03368e-14 -19.8085 -3.73392 5.47446 -11.6729 5.55352 53.4522 -98.0719 -11.8447 -12.1905 -0.257649 1.46088 0.00328485 -2.93077e-05 0.000166212 4.25211e-11 8.94121 -9.39832 3.26881 12.4001 -3.54977 2.12106 -0.000313593 -0.0578389 0.00140799 23.3565 -2.22571 0.0114673 13.0202 19.3407 -4.30873 0.00707949 -14.2495 -3.17298 -0.000476271 -1.54197 0.0058043 -38.3955 -2.95244 -9.86596 27.6496 12.3147 -6.4165 -0.34249 -17.5248 -6.22102 0.00672301 1.05924 0.025701
716.659 2080.62 964.801 -49.446 -1.27003 3.016 0.00328174 -1.64303 -1.94599 -0.0317076 4.35044 -1.60279 -1.47995 8.36234 2.78848 -3.52093 14.3214 3.29647 -3.84771 5.70356 3.84139 0.018264 -0.24793 0.0032373 22.0405 -0.181451 -7.2031 -1.94881 -15.8546 -64.0552 79.7261 -6.25831 8.17843 0.0472748 0.268107 -0.000110608 2.51821e-06 1.42815e-05 -3.06924e-13 -20.0813 -3.94379 5.45653 -12.5734 4.40334 52.9365 -97.8166 -11.5386 -12.1482 -0.177524 1.00669 0.00155959 -1.5327e-05 8.69236e-05 1.16364e-11 8.30473 -9.84185 2.26445 11.4299 -3.89279 1.39505 -0.00024792 0.0679523 0.0121425 17.9563 -2.76936 0.611421 14.435 18.0374 -4.43872 0.00650098 -12.1006 -3.3161 -0.000783169 -1.62253 0.00772719 -39.3452 -3.64466 -9.6831 35.8417 8.87211 -6.68102 -0.308786 -18.7897 -5.93315 0.00691621 1.15974 0.038745
726.656 2099.77 968.549 -45.496 -0.65327 2.61 0.00113237 -1.59889 -2.16288 -0.040889 4.46354 -1.54347 -1.63329 8.67622 2.82494 -3.51556 14.9748 3.49144 -3.79166 6.34059 3.87536 0.0129007 -0.250032 0.0094839 21.4585 -0.154781 -5.87123 -5.71695 -16.7823 -66.7468 82.7027 -6.481 8.66716 0.106507 0.604008 -0.000561399 1.62511e-05 9.21645e-05 -1.30951e-11 -20.112 -4.09143 5.68424 -13.0442 3.28421 51.9428 -97.0608 -10.7672 -11.8377 0.013679 -0.0775773 9.26053e-06 0.000161818 -0.000917714 1.29595e-09 8.51983 -10.7654 2.01414 11.6484 -4.53316 1.19569 -0.00349584 0.415854 0.0330517 12.6626 -3.54581 0.980475 15.0415 17.1625 -4.51124 0.00376699 -10.269 -3.3899 -0.000378041 -1.77648 0.00855573 -37.7387 -4.51297 -9.03416 42.9845 5.82403 -6.00174 -0.217624 -19.2359 -5.60407 0.00656839 1.23606 0.0430892
736.036 2118.43 973.712 -41.095 -0.270921 2.28 -0.00332582 -1.66047 -2.31263 -0.0482545 4.77472 -1.57934 -1.76536 9.03566 2.67238 -3.63879 15.8219 3.60453 -3.72149 7.14505 3.63229 0.0102203 -0.131976 0.0221513 21.2827 -0.177518 -5.76983 -10.1194 -18.1154 -67.6212 86.7675 -8.17788 9.22226 0.415912 2.3574 -0.00855746 3.73801e-05 0.000211993 -6.91373e-11 -19.8079 -4.00605 5.97985 -13.5722 1.87488 50.7279 -95.121 -8.63915 -11.3277 0.483706 -2.7411 0.0115728 0.00154818 -0.00878014 1.18623e-07 9.871 -11.9068 2.64505 13.4175 -5.29178 1.61102 -0.00654608 0.948062 0.0501221 8.35731 -4.07247 0.9753 13.9624 16.5097 -4.12929 0.00305239 -9.02388 -3.424 0.000483921 -1.96499 0.00743955 -33.8939 -5.3104 -7.78889 47.1724 4.08578 -4.93385 -0.0799179 -19.0506 -5.34175 0.00463677 1.2721 0.0343623
744.057 2135.2 979.846 -36.392 -0.204956 1.994 -0.00860019 -1.88393 -2.38154 -0.0531167 5.32542 -1.73865 -1.65889 9.43859 2.36713 -3.50965 16.7516 3.47579 -3.38134 8.05716 3.18166 0.0107421 0.0800755 0.0368188 20.8277 -0.244238 -6.17721 -14.9376 -18.7543 -67.3033 91.9352 0.407726 9.92846 -1.09875 -6.20652 -0.0595705 -1.90652e-05 -0.000108124 -1.79948e-11 -19.4647 -3.56339 5.95287 -14.2842 -0.200411 50.1417 -91.5585 -2.23955 -10.7055 1.73483 -9.74223 0.147858 0.00686624 -0.0389404 2.33328e-06 12.429 -12.8052 4.00718 16.879 -5.82584 2.55736 -0.00618018 1.45863 0.0324868 4.96847 -4.12256 0.765222 11.4999 15.974 -3.32351 0.00403218 -8.29027 -3.46907 0.000935766 -2.14059 0.00638974 -28.916 -5.52658 -6.04105 47.7429 3.65467 -4.14264 0.0638381 -18.1226 -5.20108 0.00118614 1.26695 0.0190528
750.76 2149.3 986.111 -31.875 -0.400267 1.752 -0.0114716 -2.27123 -2.37348 -0.0568178 6.09504 -2.04396 -1.22816 9.83094 2.01162 -2.78828 17.593 3.02074 -2.56795 8.90418 2.63918 0.0115634 0.292182 0.0431425 19.4264 -0.302556 -6.21901 -19.429 -17.7584 -66.5102 97.3836 -3.96137 10.8402 -0.372647 -2.11242 -0.0068703 7.25564e-06 4.11488e-05 -2.63429e-12 -19.5342 -2.77501 5.20647 -14.5239 -2.90075 51.1431 -86.9319 -40.8227 -10.2453 -5.35143 27.8756 1.329 0.0488243 -0.276894 0.000117977 15.8297 -13.1141 5.77536 21.6381 -5.87811 3.81545 -0.00655256 1.65984 -0.0204415 2.19576 -3.85498 0.564715 8.49793 15.717 -2.37899 0.00616804 -7.96599 -3.53427 0.00103545 -2.27758 0.00560044 -23.9576 -4.78828 -4.26201 45.4274 4.01635 -3.79544 0.195794 -16.1968 -5.18623 -0.00238874 1.23096 0.00650916
756.579 2160.76 991.41 -27.922 -0.713028 1.581 -0.0101125 -2.74136 -2.31894 -0.0588762 6.91524 -2.46166 -0.613011 10.1297 1.7162 -1.55872 18.1808 2.36006 -1.39462 9.51823 2.16054 0.0117474 0.415209 0.035083 17.0526 -0.311366 -5.54798 -22.5567 -15.1134 -65.584 102.315 -4.9012 11.946 -0.213182 -1.20883 -0.00224895 -6.2671e-07 -3.55425e-06 -5.80451e-14 -20.2015 -1.82114 3.45873 -12.9706 -5.4911 54.3657 -81.6959 -22.5162 -10.0224 -1.69824 9.54061 0.141729 0.0106597 -0.0604542 5.62367e-06 19.1723 -12.7919 7.5272 26.3939 -5.45078 5.05134 -0.00549415 1.43787 -0.0570774 -0.0324599 -3.48147 0.494632 5.64556 15.8106 -1.51644 0.0144756 -8.24159 -3.61889 0.00113679 -2.37399 0.00370497 -19.5513 -3.22203 -3.03006 41.3968 4.73856 -3.67333 0.329614 -12.9331 -5.22665 -0.0049716 1.16792 0.000744795
762.336 2170.01 994.845 -24.44 -1.01386 1.49 -0.00646727 -3.17183 -2.27884 -0.0583422 7.53655 -2.89192 -0.0688313 10.2883 1.55606 -0.340714 18.4595 1.77975 -0.299875 9.84605 1.87772 0.0125322 0.411885 0.0174154 14.361 -0.259638 -4.24746 -23.6815 -11.7299 -64.823 105.992 -4.98997 13.0497 -0.140024 -0.794061 -0.000970308 -7.33058e-06 -4.15738e-05 -2.65735e-12 -21.2988 -0.972175 0.818304 -8.6207 -6.77343 59.4028 -77.526 -17.834 -10.1441 -0.914393 5.17147 0.0412951 0.00406491 -0.0230533 8.17769e-07 21.5292 -12.1124 8.91277 29.7289 -4.80044 5.98686 -0.0041987 0.96697 -0.0466688 -2.07755 -3.01117 0.614982 3.68184 15.9349 -0.893823 0.0267974 -9.27703 -3.73007 0.00102472 -2.43839 0.000874288 -15.7758 -1.33167 -2.65526 36.5023 5.64814 -3.57949 0.453393 -8.10367 -5.24121 -0.0070926 1.07574 -0.000196266
769.008 2177.16 996.205 -21.101 -1.27541 1.468 -0.00329076 -3.49201 -2.29973 -0.0564775 7.82318 -3.25572 0.198444 10.3239 1.55035 0.330811 18.5127 1.51799 0.294611 9.94618 1.84833 0.0127489 0.31672 0.00309646 12.1896 -0.166401 -2.5385 -22.9356 -8.7863 -64.5241 108.012 -4.4007 13.8896 -0.145374 -0.824397 -0.00104587 -8.95158e-06 -5.0767e-05 -3.96615e-12 -22.4355 -0.402517 -2.08318 -1.75455 -6.03081 64.6711 -74.5677 -15.8705 -10.0191 -0.63663 3.60567 0.0200386 0.00153236 -0.00869043 1.16211e-07 22.7417 -11.4188 9.84968 31.432 -4.19406 6.57956 -0.0113298 0.563765 -0.0165461 -4.93299 -2.22673 0.959307 3.52917 15.428 -0.655301 0.026989 -10.6978 -3.8188 0.000672449 -2.47701 -0.000999624 -12.3689 0.357754 -3.15858 31.2985 6.86125 -3.41562 0.504805 -2.23987 -5.19113 -0.00882898 0.952536 -0.00117705
777.148 2182.31 996.033 -17.653 -1.54905 1.525 -0.00131161 -3.70499 -2.38867 -0.0546451 7.81379 -3.54084 0.154535 10.3022 1.67478 0.307457 18.4839 1.61227 0.275527 9.94395 2.02978 0.00989135 0.211133 -0.00113884 11.0122 -0.0583428 -0.783319 -20.8958 -7.04705 -64.5417 108.423 -3.88816 14.366 -0.13957 -0.79149 -0.000964033 -8.70574e-06 -4.93727e-05 -3.76578e-12 -23.3098 -0.12571 -4.29539 6.21232 -3.83276 68.284 -72.2087 -14.3531 -9.34777 -0.425324 2.41069 0.00894898 0.000564287 -0.00320023 1.5759e-08 23.3482 -10.9352 10.4933 32.2787 -3.77173 6.96554 -0.0180891 0.437695 0.00362954 -9.66238 -0.962522 1.56032 5.60611 13.7703 -0.775104 0.00742629 -11.5894 -3.83492 0.000334194 -2.49368 -0.00107355 -8.44433 1.45679 -4.47355 25.8322 8.67712 -3.0721 0.454731 3.21662 -5.14399 -0.00848516 0.803814 -0.0064748
786.568 2186.06 995.314 -13.917 -1.86393 1.672 0.000163973 -3.85089 -2.52184 -0.0533725 7.64426 -3.77613 -0.0872037 10.2944 1.88921 -0.180103 18.4867 1.94108 -0.157373 9.96351 2.32893 0.00524604 0.205259 0.00174518 10.8047 0.0324902 0.49819 -18.4267 -6.48086 -64.3863 107.671 -3.72902 14.5253 -0.0999812 -0.567003 -0.000494715 -4.79724e-06 -2.72065e-05 -1.12989e-12 -23.8417 -0.0347324 -5.13016 13.7219 -1.7002 69.4178 -69.8253 -13.5772 -8.62971 -0.327326 1.8557 0.0053012 0.000217349 -0.00123265 2.338e-09 23.9417 -10.7449 11.0827 33.106 -3.55741 7.33301 -0.0156126 0.569404 0.0127236 -16.2686 0.578715 2.44295 8.98741 11.1548 -1.02366 -0.0188556 -11.2385 -3.8366 0.00011906 -2.49452 -0.000427821 -2.97331 1.69058 -6.48855 20.0973 11.0393 -2.50953 0.363825 6.92204 -5.24729 -0.00490245 0.651701 -0.0141781
796.48 2189.37 994.892 -9.635 -2.20582 1.924 0.00132052 -3.94079 -2.64894 -0.0505354 7.41488 -3.99523 -0.372361 10.3284 2.1074 -0.753947 18.5714 2.3211 -0.703358 10.0735 2.63339 0.00675486 0.367156 0.00655091 11.1909 0.0835915 0.838788 -16.1342 -6.51799 -63.6096 105.965 -4.17436 14.5617 0.0388705 0.220444 -7.47769e-05 6.21624e-05 0.00035254 -1.91242e-10 -24.1107 -0.0548561 -4.5996 20.0338 -0.707776 68.58 -67.4522 -13.1062 -8.25943 -0.284685 1.61409 0.00401023 0.000113843 -0.000645638 6.41422e-10 24.6018 -10.764 11.7791 34.0371 -3.46978 7.80951 -0.0118985 0.744815 0.00750361 -23.1257 1.98686 3.40189 11.3869 8.58003 -1.09753 -0.0322882 -9.9057 -3.87236 -0.000392877 -2.48377 0.00018941 4.57024 0.807159 -8.96336 14.4359 13.3597 -1.9277 0.307117 8.41383 -5.62005 -0.000175083 0.52478 -0.0202204
806.561 2192.79 994.937 -4.491 -2.54296 2.314 0.00168596 -3.9145 -2.72687 -0.0425494 7.09428 -4.22272 -0.58773 10.3772 2.21788 -1.13084 18.7191 2.5912 -1.18903 10.2463 2.80387 0.0216062 0.624163 0.00516415 11.6804 0.0790568 0.251671 -14.0075 -6.5002 -62.197 102.863 -5.71392 14.6531 0.40183 2.27767 -0.00798803 0.00392969 0.0222864 -7.64268e-07 -24.3207 -0.290412 -3.12676 25.1766 -0.738016 66.5017 -65.4909 -12.578 -7.92094 -0.250404 1.41982 0.00310273 6.58908e-05 -0.000373685 2.14881e-10 24.8419 -10.802 12.5174 34.4122 -3.39233 8.35266 -0.0156276 0.724637 -0.00610838 -28.1691 3.04344 4.02274 10.7432 7.24524 -0.76701 -0.0143358 -8.78457 -3.92013 -0.00193582 -2.45848 0.00137561 13.5223 -1.32404 -11.3961 9.60436 14.9797 -1.63575 0.29372 7.91007 -6.22807 0.00336252 0.427278 -0.0310036
817.768 2196.11 994.899 1.498 -2.79643 2.882 0.000321289 -3.70784 -2.78426 -0.0299066 6.58787 -4.47681 -0.677352 10.3923 2.18414 -1.18772 18.8527 2.66105 -1.54884 10.3511 2.75926 0.045912 0.792215 -0.011466 11.7048 -0.0158053 -0.630831 -11.7467 -5.99769 -60.6202 97.9007 -9.1453 14.6797 1.09377 6.17866 -0.0590342 0.010697 0.0606655 -5.66304e-06 -24.6431 -0.911184 -1.133 29.1318 -1.03293 63.5968 -63.9331 -12.0856 -7.28591 -0.229358 1.30053 0.00260315 4.54546e-05 -0.000257786 1.02248e-10 24.2156 -10.7372 13.0514 33.5947 -3.29772 8.77481 -0.0193806 0.497831 -0.0106889 -30.4099 3.76023 4.11304 6.81116 7.57567 -0.010301 0.0349213 -9.00662 -3.98918 -0.00404616 -2.41504 0.00348214 22.0314 -4.35418 -13.166 6.69463 15.6745 -1.67922 0.303272 5.79499 -6.87383 0.00629997 0.33774 -0.0552131
831.699 2199.19 993.91 7.629 -2.81687 3.651 -0.00273447 -3.33924 -2.91703 -0.0205446 5.85084 -4.73875 -0.613048 10.3531 2.06845 -0.889948 18.8932 2.52827 -1.69151 10.2602 2.55312 0.060988 0.721917 -0.0321849 10.8026 -0.176291 -0.968785 -9.21956 -5.08687 -59.3675 91.8732 -22.6196 14.3373 3.5457 19.3278 -0.603965 0.0243122 0.137881 -2.92535e-05 -25.0931 -1.92196 1.12184 31.7943 -0.996113 60.2394 -62.2887 -11.8082 -6.42847 -0.235628 1.33607 0.0027474 4.77947e-05 -0.000271057 1.13021e-10 22.8174 -10.6759 13.2613 31.6633 -3.28253 8.98678 -0.00918292 0.27163 -0.00477793 -30.4658 4.15296 3.8609 1.20844 8.98773 0.893774 0.0753181 -10.5999 -4.06293 -0.00505182 -2.36243 0.00451233 28.4415 -7.4974 -13.9807 6.42908 15.7483 -1.96988 0.290184 2.414 -7.26341 0.00881066 0.22981 -0.0808374
849.395 2202.56 991.421 12.917 -2.47804 4.504 -0.00456677 -2.92827 -3.17701 -0.0236427 4.97537 -4.94632 -0.380494 10.2969 1.99575 -0.288296 18.8098 2.2914 -1.46488 9.99114 2.36152 0.05381 0.480487 -0.0328585 8.95028 -0.310588 -0.341098 -6.97118 -4.25087 -58.6892 83.2588 -4.77916 12.3371 0.169375 0.960482 -0.0014197 0.00965263 0.0547428 -4.61126e-06 -25.5707 -3.0725 3.34786 33.4685 -0.592761 57.1388 -60.175 -11.6342 -5.61238 -0.253503 1.43738 0.00317998 5.72164e-05 -0.00032449 1.62011e-10 21.2596 -10.9516 13.32 29.4295 -3.52328 9.11373 0.023376 0.258833 0.0036972 -29.9579 4.23607 3.64944 -3.91114 10.2794 1.54121 0.0593533 -12.3682 -4.10385 -0.00419384 -2.31822 0.00295697 32.2081 -9.97053 -13.9742 8.6026 15.4609 -2.52671 0.2006 -1.2765 -7.07068 0.00879942 0.102813 -0.0785887
870.691 2207.18 987.655 16.838 -1.8159 5.213 -0.00396218 -2.61491 -3.50366 -0.0363106 4.18657 -5.04761 -0.001808 10.2942 2.06431 0.51887 18.6715 2.08324 -0.773043 9.72886 2.34783 0.0338866 0.270807 -0.0126377 6.60465 -0.33135 0.932516 -5.82631 -3.91387 -58.6065 77.2897 -3.65549 10.0855 -0.208177 -1.18046 -0.00214461 0.0039047 0.0221447 -7.54579e-07 -25.9434 -4.00897 5.03511 34.5876 -0.136133 55.2034 -57.7336 -11.3501 -5.02788 -0.259177 1.46954 0.00332391 5.58409e-05 -0.00031669 1.5434e-10 20.2292 -11.9323 13.5419 27.8487 -4.2038 9.3647 0.070809 0.46096 0.00972503 -29.9017 4.1404 3.74613 -7.74875 10.3676 1.78901 -0.00580015 -12.8682 -4.1618 -0.00316924 -2.28715 -9.58001e-05 33.9554 -11.4785 -13.3809 12.0486 14.8358 -3.2256 0.0703824 -3.83531 -6.43129 0.00585248 -0.0125346 -0.0499041
894.675 2213.71 983.477 19.707 -1.03066 5.661 -0.00220545 -2.45213 -3.79235 -0.0479515 3.67765 -5.02134 0.432788 10.3731 2.25904 1.38716 18.6294 1.97559 0.224825 9.6821 2.5165 0.0179353 0.211404 0.00886445 4.53037 -0.231009 2.09948 -6.18398 -4.11433 -58.9538 72.7862 -4.68058 8.20566 -0.166558 -0.944511 -0.00137287 5.66163e-05 0.000321087 -1.58637e-10 -26.0355 -4.55795 5.71484 35.2266 0.19825 54.958 -55.4016 -10.9894 -4.7126 -0.25158 1.42648 0.00313193 4.22443e-05 -0.000239579 8.83272e-11 20.0294 -13.7305 14.0833 27.3533 -5.38029 9.84156 0.10636 0.677518 0.00406764 -30.271 4.08642 4.22008 -11.0235 9.01879 1.73609 -0.0650467 -11.4879 -4.23648 -0.00456491 -2.24528 -0.00367373 34.6955 -12.2371 -12.336 15.1595 14.047 -3.75664 -0.0505484 -4.60112 -5.83922 0.00254788 -0.0917821 -0.0210285
920.705 2221.65 979.872 22.422 -0.356474 5.886 -0.000627238 -2.41268 -3.98498 -0.0538738 3.48249 -4.87112 0.807349 10.517 2.47153 2.13395 18.7824 1.93899 1.1859 9.92016 2.73296 0.0130094 0.270687 0.017847 3.27936 -0.0900457 2.65713 -7.93089 -4.54212 -59.6089 68.9474 -5.43857 7.06484 -0.115368 -0.654255 -0.000658696 2.5288e-06 1.43416e-05 -3.08514e-13 -25.784 -4.80659 5.36522 35.3665 0.473065 56.1893 -53.4612 -10.6537 -4.54239 -0.234131 1.32758 0.0027126 2.54232e-05 -0.000144182 3.19614e-11 20.4927 -16.0621 14.8472 27.7283 -6.88413 10.4948 0.104544 0.708331 -0.0106109 -30.6985 4.432 5.08555 -14.5607 6.55789 1.36718 -0.0829458 -8.56185 -4.17451 -0.00834076 -2.15442 -0.00541474 35.0646 -12.6268 -10.9777 16.6083 13.623 -3.89753 -0.124323 -4.10122 -5.59271 0.000749421 -0.131366 -0.00591665
948.882 2230.05 977.502 25.677 0.0810329 5.979 -0.00106428 -2.44287 -4.08878 -0.0553393 3.49608 -4.64424 1.0666 10.6824 2.56543 2.67547 19.0882 1.85428 1.86968 10.3475 2.82768 0.013554 0.35583 0.0177023 2.85279 -0.000493522 2.90489 -10.4147 -4.82139 -60.6381 65.0641 -5.71416 6.42317 -0.101541 -0.575846 -0.000510266 2.10526e-06 1.19395e-05 -2.29e-13 -25.4627 -4.94927 4.59819 35.1356 0.746954 58.0639 -51.8792 -10.3004 -4.3269 -0.20459 1.16013 0.00207135 1.19993e-05 -6.80515e-05 7.12444e-12 21.1595 -18.3522 15.6582 28.3934 -8.35916 11.2053 0.068735 0.546397 -0.0154469 -31.0442 5.37669 6.29356 -18.4873 3.55271 0.65784 -0.0704672 -4.92959 -3.91247 -0.0104483 -2.00851 -0.00199442 35.2257 -12.8799 -9.43477 16.1219 14.1403 -3.76591 -0.121365 -3.64333 -5.61542 0.000303006 -0.142838 -0.00244252
979.611 2238.44 976.645 29.498 0.261366 5.983 -0.00520687 -2.49106 -4.12767 -0.0541175 3.58089 -4.413 1.2481 10.8169 2.47374 3.03074 19.3984 1.63115 2.27911 10.8058 2.71128 0.0134543 0.412488 0.0148657 2.83686 0.00469688 3.57851 -12.6238 -4.70689 -62.1142 60.8356 -5.85576 5.92654 -0.0819955 -0.465009 -0.000332737 2.14856e-06 1.21851e-05 -2.48083e-13 -25.4954 -5.07585 4.24794 34.684 0.917393 59.6919 -50.4005 -9.83908 -3.96782 -0.164656 0.933725 0.00134169 3.94942e-06 -2.23983e-05 7.85597e-13 21.6228 -19.9845 16.3773 28.8627 -9.40897 11.8318 0.0311703 0.347977 -0.00901136 -31.4726 6.64519 7.7343 -22.4297 0.734397 -0.217409 -0.0470266 -1.33906 -3.59508 -0.00705216 -1.86323 0.00506219 35.0171 -12.8242 -7.81109 14.3962 15.5564 -3.59895 -0.07276 -4.23848 -5.67969 -0.000224933 -0.137112 -0.00224071
1012.76 2246.78 977.268 33.397 0.208062 5.841 -0.0112712 -2.52869 -4.10075 -0.0515941 3.66459 -4.21684 1.43263 10.8904 2.24431 3.2933 19.563 1.29992 2.59522 11.1547 2.42432 0.0122288 0.423044 0.00981992 2.72292 -0.0262824 4.90659 -13.7063 -4.20402 -63.7357 56.6673 -6.06371 5.48708 -0.0487468 -0.276454 -0.000117603 9.67135e-07 5.48489e-06 -4.45278e-14 -26.0142 -5.1331 4.75218 33.9448 0.860005 60.6743 -48.7491 -9.27692 -3.50921 -0.122766 0.696207 0.000745882 1.43655e-07 -8.14705e-07 -9.54166e-15 21.6836 -20.5913 16.935 28.9083 -9.78601 12.281 0.0128115 0.20619 -0.00406176 -31.8001 7.77356 9.2707 -26.1485 -1.36362 -1.0614 -0.0153531 1.81159 -3.33743 -0.00085205 -1.80261 0.0102542 34.3402 -12.0337 -6.18195 12.3411 17.1206 -3.44816 -0.0251693 -5.8725 -5.6913 -0.00167671 -0.110116 -0.0020571
1047.22 2255.29 979.044 36.842 0.00237695 5.498 -0.0145994 -2.5546 -3.99512 -0.0501083 3.73731 -4.04435 1.66794 10.8784 1.96794 3.60674 19.5099 0.942252 2.98304 11.2862 2.06805 0.0108096 0.406996 0.00413089 2.29458 -0.0490214 6.3352 -13.3879 -3.62374 -64.768 53.0926 -6.37229 5.09215 -0.0108258 -0.0613964 -5.80032e-06 1.83359e-07 1.03988e-06 1.27222e-14 -26.7318 -5.09885 5.98367 32.6655 0.659415 61.1713 -46.8248 -8.79866 -3.10508 -0.0886198 0.502575 0.00038867 -7.51142e-07 4.25994e-06 3.81667e-14 21.2637 -20.169 17.2652 28.4252 -9.48731 12.4985 0.0076223 0.113462 -0.00258615 -31.2153 8.51563 10.5794 -29.5791 -2.51935 -1.70823 0.0241027 4.37913 -3.05319 0.00269073 -1.87697 0.00652424 33.2126 -10.2778 -4.58091 10.695 17.9313 -3.25014 0.00520529 -7.85978 -5.66299 -0.00381952 -0.0526052 -0.0023827
1081.29 2263.52 981.459 39.679 -0.259303 5.02 -0.013635 -2.58733 -3.81381 -0.0509268 3.80327 -3.87145 1.96534 10.7681 1.69331 4.08403 19.2691 0.592199 3.48927 11.1713 1.71941 0.00916388 0.407153 0.00258353 1.55523 -0.0749628 6.96798 -11.9387 -3.29389 -64.4614 50.3068 -6.59588 4.72222 0.0181246 0.102789 -1.62579e-05 3.89806e-08 2.2107e-07 1.27222e-14 -27.3013 -5.0303 7.48839 30.8913 0.492177 61.5494 -44.8087 -8.5338 -2.86946 -0.0606008 0.34368 0.000181753 -4.1283e-07 2.34127e-06 -9.54166e-15 20.3574 -18.972 17.3007 27.3816 -8.69723 12.4629 0.0059412 0.0529271 -0.00146271 -28.5235 9.11631 11.029 -32.2824 -2.92444 -1.82927 0.0485774 6.58763 -2.63384 0.00391588 -2.07582 -0.0141631 31.7638 -7.71369 -3.05254 9.6591 17.5255 -2.95683 0.0201488 -9.48922 -5.62732 -0.00555241 0.0394241 -0.00216989
1113.8 2270.21 983.898 42.225 -0.544 4.562 -0.0105741 -2.65227 -3.60049 -0.0529715 3.85462 -3.69823 2.32864 10.5743 1.41455 4.77585 18.9518 0.214394 4.08203 10.8901 1.3877 0.00768771 0.463602 0.00636265 0.364896 -0.130333 6.30076 -9.7636 -3.20641 -62.625 48.1854 -6.53377 4.40471 0.0297037 0.168457 -4.36665e-05 -5.63327e-08 -3.19479e-07 -6.36111e-15 -27.7351 -4.97101 8.90789 28.9969 0.344278 61.9215 -43.0196 -8.40283 -2.77188 -0.0326632 0.185242 5.28013e-05 -1.13982e-07 6.46427e-07 -3.18055e-15 18.9719 -17.3798 17.0143 25.7377 -7.69425 12.1904 0.00419994 0.0191059 -0.000385143 -22.5917 9.87319 9.72053 -33.562 -2.93086 -0.640061 0.00964327 8.97576 -2.14837 0.00743839 -2.34375 -0.0425928 30.2201 -4.6328 -1.67152 9.07952 15.9252 -2.64377 0.0195653 -10.3971 -5.59559 -0.00541781 0.153927 -0.000388045
1144.71 2274.28 985.706 45.072 -0.919687 4.289 -0.00647056 -2.74489 -3.42592 -0.05467 3.87345 -3.54613 2.7359 10.3425 1.11694 5.59506 18.6745 -0.223097 4.68367 10.5776 1.06674 0.0059896 0.606467 0.0131536 -1.38625 -0.211965 4.52118 -7.24062 -3.0703 -59.8163 46.4755 -6.22463 4.10594 0.0293433 0.166414 -4.26135e-05 -4.64691e-08 -2.63539e-07 -2.22639e-14 -28.2975 -4.92106 10.1802 27.1505 -0.0117584 61.9376 -41.6723 -8.2424 -2.6868 -0.00563886 0.0319795 1.57366e-06 -1.64815e-08 9.34713e-08 -1.59028e-14 17.1157 -15.7812 16.3095 23.4401 -6.77327 11.6415 0.00361564 0.0129706 8.83485e-06 -13.1133 10.0272 5.94663 -33.0106 -1.99892 2.91943 -0.0396301 11.766 -1.88844 0.0116906 -2.60282 -0.0507101 28.6835 -1.1392 -0.604418 8.74675 13.2986 -2.38165 0.00234564 -10.4019 -5.5494 -0.00302911 0.256187 0.000732894
1174.39 2275.33 986.202 48.7 -1.43168 4.323 -5.68266e-05 -2.81292 -3.34282 -0.0555541 3.85361 -3.43754 3.13891 10.1101 0.804624 6.3723 18.4505 -0.689498 5.25177 10.2944 0.796887 0.000113905 0.850006 0.0257905 -3.51008 -0.283222 2.16049 -4.61121 -2.59627 -56.9166 44.9772 -5.90106 3.88592 0.0280336 0.158986 -3.88944e-05 -1.58903e-08 -9.01182e-08 -1.90833e-14 -29.0297 -4.87702 11.2777 24.9017 -0.70295 61.1938 -40.6707 -8.01802 -2.53477 0.0144946 -0.082203 1.03978e-05 1.26636e-08 -7.18187e-08 1.27222e-14 14.7914 -14.3874 15.0281 20.4531 -6.10081 10.7002 0.00610839 0.0319644 -0.000154726 -1.08684 7.65628 0.319521 -31.3831 1.72297 8.64729 0.0644365 14.2639 -2.11046 0.0102798 -2.75676 -0.0241202 27.2497 2.64293 -0.152403 8.08834 10.0308 -2.00612 -0.0157503 -9.57697 -5.5147 0.000337807 0.310537 -0.00139334
1202.63 2274.22 984.726 53.222 -1.87624 4.672 0.006716 -2.81882 -3.36992 -0.055422 3.80864 -3.37317 3.48606 9.86032 0.520272 7.01803 18.141 -1.10412 5.8323 9.93961 0.639204 -0.00734982 1.16382 0.0408957 -5.64482 -0.301686 -0.202269 -1.75493 -1.60367 -54.649 43.3204 -5.64 4.01034 0.0205829 0.116731 -2.09673e-05 -8.45562e-08 -4.79542e-07 -1.90833e-14 -29.6455 -4.85798 11.9887 21.6938 -1.51998 59.8179 -39.6311 -7.88438 -2.35735 0.0248848 -0.141128 3.06475e-05 3.58321e-08 -2.03214e-07 -0 12.0113 -13.1392 13.0686 16.7897 -5.61156 9.26286 0.0103568 0.0588828 -0.000183559 10.9505 1.4331 -4.51407 -30.3128 9.30865 14.046 0.141599 15.3841 -2.5072 0.00107854 -2.75075 0.0123351 25.772 6.12709 -0.439034 6.68333 6.88541 -1.39411 -0.0233943 -8.23355 -5.52166 0.00274532 0.307007 -0.0048575
1228.67 2272.53 981.114 58.303 -1.90842 5.149 0.0108014 -2.78072 -3.49391 -0.0538217 3.75686 -3.32937 3.75873 9.5649 0.350111 7.5776 17.6077 -1.34814 6.49867 9.39167 0.653941 -0.00375681 1.44535 0.0416232 -7.38403 -0.250272 -2.06629 1.69016 -0.0915186 -53.3854 40.8007 -5.28233 4.59646 -0.00697555 -0.0395603 -2.40816e-06 -5.54755e-07 -3.14617e-06 -1.90833e-14 -29.8474 -4.89761 11.9287 17.8053 -2.14765 58.6602 -38.2741 -8.0147 -2.24278 0.0265106 -0.150349 3.47831e-05 2.36038e-08 -1.33864e-07 -9.54166e-15 8.92914 -11.8541 10.511 12.6468 -5.08726 7.38406 0.011305 0.0661137 0.000199452 20.3311 -7.12894 -5.94956 -29.5408 18.4953 16.3471 -0.237736 14.9541 -2.6491 -0.00872078 -2.62978 0.0259176 23.789 8.45865 -1.09529 4.71387 4.84576 -0.71062 -0.0183079 -6.84357 -5.53426 0.00310932 0.266577 -0.0055995
1252.18 2271.4 975.798 63.285 -1.37832 5.428 0.0148564 -2.74642 -3.66902 -0.0514297 3.70622 -3.27352 4.01148 9.23044 0.382534 8.20359 16.8778 -1.33664 7.28169 8.67299 0.830694 0.0136088 1.57021 0.0210575 -8.46946 -0.151557 -3.09644 5.86632 1.70947 -53.1201 36.9363 -4.80658 5.15875 -0.0412541 -0.233962 -8.42287e-05 -1.50893e-06 -8.55755e-06 -1.17681e-13 -29.6544 -5.0092 10.7112 14.3465 -2.55343 58.8629 -36.6565 -8.37341 -2.22782 0.0203699 -0.115523 2.05356e-05 4.35761e-08 -2.47132e-07 3.18055e-15 5.83896 -10.4483 7.71175 8.39629 -4.36438 5.35413 0.00712612 0.0425412 0.000384356 26.2242 -14.8954 -4.18251 -27.1943 25.1145 14.8539 -0.987505 13.8322 -2.60987 -0.00888879 -2.45531 0.0376303 21.1719 9.28123 -1.52154 2.41832 4.50393 -0.175993 0.00136863 -6.24757 -5.43572 0.00205638 0.223394 -0.00314457
1274.09 2271.03 969.405 67.623 -0.494766 5.289 0.0190972 -2.74826 -3.83142 -0.0504813 3.65691 -3.18049 4.30404 8.9226 0.639078 8.97333 16.1229 -1.08924 8.08247 7.91569 1.09019 0.0274668 1.48629 -0.0015762 -8.78321 -0.0263618 -3.29861 10.0512 3.37582 -53.5344 32.355 -4.35832 4.82351 -0.0487697 -0.276585 -0.000117714 -1.64193e-06 -9.31186e-06 -1.20861e-13 -29.3515 -5.13948 8.31817 12.25 -2.882 60.8021 -35.0042 -8.59787 -2.22437 0.0101928 -0.0578062 5.1418e-06 8.64274e-08 -4.90154e-07 -0 3.02761 -9.06861 5.11536 4.434 -3.5102 3.52313 0.00261966 0.0130594 0.000200788 29.0745 -20.1558 -1.25191 -22.8438 26.5824 10.9226 -1.60222 12.944 -2.53901 -0.000304863 -2.24766 0.0576528 18.4896 9.10866 -1.47499 -0.196729 5.57581 0.255344 0.0443491 -7.32817 -5.17767 0.000958653 0.193442 4.12844e-05
1296.16 2270.68 962.38 71.17 0.374541 4.815 0.0180516 -2.77188 -3.94388 -0.0514149 3.60988 -3.0526 4.61913 8.70088 1.03105 9.74776 15.4943 -0.697574 8.71388 7.24092 1.39228 0.0271263 1.28697 -0.00843388 -8.22813 0.0957686 -3.17767 12.8207 4.56575 -54.1254 28.6279 -3.95967 3.48021 -0.0281187 -0.159468 -3.91306e-05 -8.26817e-07 -4.68911e-06 -3.18055e-14 -29.1306 -5.21873 5.07951 11.1774 -3.04862 63.7881 -33.2889 -8.35739 -2.11865 0.00261419 -0.0148258 3.38223e-07 3.45535e-08 -1.95963e-07 -3.18055e-15 0.650136 -7.90276 3.02562 1.03604 -2.70587 2.09892 0.000489847 -0.00317055 6.96271e-05 30.2353 -23.1015 1.35823 -18.0194 23.2321 6.58417 -1.74781 12.7977 -2.36468 0.00591335 -2.01628 0.0708631 16.8077 8.76542 -1.31332 -3.52014 7.41538 0.874862 0.114645 -10.6053 -4.91831 0.000573818 0.16671 0.00180251
1320.11 2269.83 954.741 74.126 1.05236 4.227 0.013491 -2.79708 -4.01412 -0.0523478 3.57162 -2.91895 4.87207 8.53214 1.43508 10.2782 14.9867 -0.248429 9.04581 6.66178 1.77684 0.0202542 1.10096 -0.00569188 -6.89848 0.175361 -3.45756 13.1895 5.32033 -54.4245 26.8762 -3.62089 2.06087 -0.00247733 -0.0140496 -3.03735e-07 -1.73596e-07 -9.84509e-07 -2.8625e-14 -28.8739 -5.21308 1.5048 9.82253 -2.89973 66.811 -31.1288 -7.77662 -1.91461 -0.000954591 0.00541375 4.50986e-08 5.07702e-09 -2.8793e-08 -3.18055e-15 -1.25069 -6.96251 1.48567 -1.67648 -2.03924 1.08151 -0.000170755 -0.00981908 7.71529e-06 31.3851 -24.6872 3.50054 -14.206 17.4466 3.28709 -1.40826 13.5945 -2.10262 0.00324201 -1.7809 0.0703439 16.7563 8.71768 -1.46915 -7.87296 9.51821 1.88269 0.165999 -15.7142 -4.83996 0.000756008 0.128438 0.000889222
1347.37 2269.03 946.484 76.671 1.55488 3.649 0.0102697 -2.83159 -4.06424 -0.0527764 3.55021 -2.80679 4.97341 8.35349 1.77779 10.4095 14.5264 0.204797 9.0783 6.14278 2.32706 0.0130081 0.971717 -0.00248952 -5.10214 0.190661 -4.50471 11.3653 5.83113 -54.1725 27.0839 -3.469 1.34317 0.0156747 0.0888955 -1.21598e-05 -1.3279e-08 -7.5309e-08 1.59028e-14 -28.2593 -5.11604 -1.71591 7.48954 -2.50293 69.1513 -28.4655 -7.20883 -1.64215 -0.00413368 0.0234433 8.45674e-07 -4.77295e-09 2.70687e-08 -1.27222e-14 -2.64781 -6.17152 0.292932 -3.65237 -1.49337 0.304967 -0.000299301 -0.007727 -5.93737e-05 33.1329 -25.8034 5.40472 -11.494 12.1705 1.5505 -0.838952 15.1453 -1.97715 -0.0022593 -1.57026 0.0554949 17.8238 9.02388 -1.95805 -12.6299 11.62 3.16228 0.134003 -21.1944 -4.93327 0.00136099 0.0707124 -0.0012845
1379.11 2269.35 938.23 78.754 1.91781 3.059 0.00688734 -2.89242 -4.10172 -0.0533926 3.54632 -2.72119 4.9249 8.13247 2.05449 10.2146 14.0865 0.621377 8.94892 5.67918 3.01769 0.00627052 0.896584 -0.00106273 -3.33775 0.142369 -6.09958 8.59173 6.19437 -53.3079 28.5318 -3.56144 1.26146 0.0240617 0.13646 -2.86537e-05 5.8646e-08 3.32598e-07 -3.18055e-15 -27.0764 -4.96166 -3.8841 4.73759 -1.95421 70.5073 -25.9425 -6.8058 -1.30901 -0.0073614 0.0417486 2.68195e-06 -4.13349e-09 2.34421e-08 -3.18055e-15 -3.511 -5.39434 -0.702353 -4.86919 -0.964595 -0.345766 -0.000471101 0.00414727 -1.13029e-05 34.7447 -26.9206 6.93267 -9.17137 9.50831 0.991114 -0.328805 16.9616 -2.12241 -0.00355719 -1.41769 0.0323816 18.8944 9.6335 -2.4645 -16.7007 13.7186 4.46236 0.0155306 -25.3925 -5.06438 0.00262842 -0.00720823 -0.00161167
1416.01 2271.24 931.294 80.1855 2.10824 2.363 -0.0016467 -2.98654 -4.11047 -0.0549165 3.54774 -2.65124 4.82485 7.88677 2.30944 9.9231 13.6973 0.963467 8.81849 5.28242 3.6797 0.000996044 0.871832 -0.000740806 -2.108 0.0750719 -7.72792 6.20765 6.31004 -52.009 30.2043 -3.78114 1.39337 0.0230533 0.130741 -2.63022e-05 5.60816e-08 3.18054e-07 -6.36111e-15 -25.3936 -4.79515 -4.52433 2.09599 -1.21754 70.6996 -24.2032 -6.50939 -1.07 -0.00615402 0.0349012 1.87433e-06 1.81777e-11 -1.031e-10 4.77083e-15 -3.86003 -4.49965 -1.40864 -5.38007 -0.343903 -0.80663 -0.00100801 0.0252214 0.00021167 34.8268 -28.104 7.57861 -6.59864 10.0503 0.676244 0.0293688 18.656 -2.4145 -0.00326062 -1.3438 0.0134794 19.2629 10.5546 -2.67851 -19.584 15.9066 5.73295 -0.155825 -27.3346 -5.17881 0.00440349 -0.098455 0.000384468
1457.45 2273.99 927.124 80.8656 2.04525 1.54 -0.0141586 -3.0976 -4.08263 -0.0574309 3.5302 -2.59257 4.77 7.68754 2.57737 9.72433 13.4282 1.21379 8.76234 4.9866 4.11768 -0.00123199 0.891112 -0.000682981 -1.51808 0.0297675 -8.97442 4.58859 5.8229 -50.665 31.2575 -3.96634 1.51191 0.0140303 0.0795698 -9.74235e-06 1.04627e-08 5.93367e-08 -2.22639e-14 -23.5012 -4.64139 -3.671 -0.99573 -0.29184 69.6673 -23.1288 -6.28664 -1.09827 0.00112202 -0.00636332 6.23065e-08 -2.89433e-08 1.64145e-07 7.95139e-15 -3.86675 -3.49543 -1.59865 -5.42689 0.369804 -0.914279 -0.00163039 0.045562 0.000275321 32.647 -29.1503 6.96099 -3.66457 13.1548 0.0509847 0.192674 19.8851 -2.59654 -0.00524134 -1.34819 0.00668308 19.1682 11.5657 -2.62586 -21.7496 18.472 7.30257 -0.38003 -26.9045 -5.31854 0.00568096 -0.192712 0.00211032
1501.69 2276.68 926.287 80.977 1.71696 0.654 -0.0237049 -3.20376 -4.0407 -0.0598906 3.47463 -2.55861 4.78795 7.59239 2.85083 9.6925 13.3258 1.38434 8.75635 4.82937 4.2338 -0.0012063 0.927205 -0.000517966 -1.27901 0.00456023 -9.67795 3.09258 4.42829 -49.7008 31.5135 -4.02907 1.58377 0.00154456 0.00875963 -1.18069e-07 -2.2457e-08 -1.2736e-07 1.59028e-14 -21.6562 -4.51912 -1.93026 -5.45384 0.80268 67.8122 -22.0654 -6.11573 -1.3471 0.010699 -0.0606773 5.66524e-06 -9.08163e-08 5.15045e-07 -2.38542e-14 -3.84438 -2.58209 -1.15253 -5.41943 1.02966 -0.570264 -0.00140023 0.0466937 9.85125e-05 28.7209 -29.598 5.33114 -0.785191 17.5739 -0.734584 0.10062 20.129 -2.49667 -0.00777135 -1.4095 0.00792417 19.3494 12.0509 -2.61924 -24.1101 21.9385 9.75587 -0.638357 -24.4545 -5.43727 0.00526431 -0.274372 0.00177628
1546.83 2279.19 927.936 80.8832 1.20244 -0.182 -0.0256381 -3.30629 -4.01237 -0.0606691 3.38393 -2.56819 4.82339 7.60534 3.08037 9.78675 13.3703 1.49291 8.71061 4.81367 4.11546 -0.000786317 0.954338 -0.000248448 -0.956964 -0.0113007 -9.79459 0.879191 2.1726 -49.5162 31.3908 -3.97288 1.63711 -0.0080528 -0.0456697 -3.20939e-06 -2.54615e-08 -1.44399e-07 6.36111e-15 -19.8228 -4.44813 -0.0922075 -11.5698 2.11685 65.8253 -20.5962 -5.87072 -1.52902 0.01563 -0.0886421 1.20906e-05 -1.45722e-07 8.26431e-07 9.54166e-15 -4.03661 -2.04977 -0.305415 -5.67682 1.42003 0.069067 -0.000612005 0.0350066 2.46729e-05 24.0498 -29.0099 3.36362 1.49673 21.9965 -1.36602 -0.177519 18.9656 -2.15662 -0.00837087 -1.49431 0.00879404 20.2788 11.3355 -3.00066 -27.1234 26.6851 13.5911 -0.783615 -20.3616 -5.30702 0.00328749 -0.329119 0.00166861
1591.42 2281.98 930.751 80.9556 0.601081 -0.865 -0.0220993 -3.4362 -4.00821 -0.0591888 3.28964 -2.62647 4.7893 7.6937 3.22929 9.87203 13.5097 1.58134 8.55445 4.90234 3.95637 -0.000376249 0.964812 -6.43178e-05 -0.19154 -0.00783484 -9.29576 -2.3152 -0.462754 -50.3962 31.4311 -3.87031 1.69014 -0.0122187 -0.0692956 -7.38887e-06 -1.01344e-08 -5.74751e-08 2.22639e-14 -17.8491 -4.42609 1.34532 -18.5931 3.66143 64.2083 -19.0025 -5.48874 -1.38184 0.0119402 -0.0677162 7.05588e-06 -1.0644e-07 6.03654e-07 -6.36111e-15 -4.39885 -1.94058 0.42757 -6.15019 1.50337 0.623585 -0.000251842 0.0313181 0.000154204 19.4176 -27.2021 1.65794 2.7977 25.3752 -1.65001 -0.433709 16.38 -1.82989 -0.00700905 -1.57557 0.00676518 21.9427 9.05828 -3.92108 -30.5187 32.7436 18.7885 -0.588592 -15.1488 -4.80078 0.00124633 -0.357146 0.00525803
1634.66 2285.43 934.101 81.4379 0.00370613 -1.381 -0.0177573 -3.63191 -4.01425 -0.0568234 3.23531 -2.71864 4.64154 7.79736 3.3237 9.81002 13.6813 1.71428 8.28019 5.02273 3.92516 -1.97367e-05 0.958746 1.6523e-05 1.09621 0.0295546 -8.21175 -6.15448 -2.83494 -52.432 31.8448 -3.80729 1.73824 -0.0133078 -0.0754721 -8.76474e-06 1.03988e-08 5.89746e-08 -3.18055e-15 -15.7954 -4.42651 2.36743 -25.079 5.40969 63.0003 -17.9695 -5.11875 -1.00952 0.00364714 -0.020684 6.58315e-07 -4.04741e-08 2.2954e-07 7.95139e-15 -4.64227 -1.87927 0.649333 -6.45129 1.55688 0.789811 -0.000241038 0.0203466 -0.000137509 15.3251 -24.25 0.540901 3.1319 27.0908 -1.57063 -0.483607 12.8572 -1.79544 -0.00476683 -1.63852 0.00352755 24.0082 5.33557 -5.21883 -33.5035 39.891 24.4191 -0.0396972 -9.91519 -4.28011 0.000418066 -0.368258 0.0113769
1675.78 2289.51 938.168 82.3682 -0.525441 -1.769 -0.014312 -3.89709 -4.00758 -0.0545871 3.23865 -2.82256 4.40397 7.86304 3.42424 9.53634 13.839 1.92397 7.95116 5.13035 4.07366 0.000180313 0.94531 0.000116541 2.74452 0.07925 -6.77105 -10.0983 -4.61275 -55.3441 32.5247 -3.83692 1.78851 -0.0127846 -0.0725053 -8.0892e-06 2.09779e-08 1.18972e-07 6.36111e-15 -14.0098 -4.42504 3.28268 -30.1192 7.37757 61.7979 -17.7984 -4.95092 -0.725814 -0.00432118 0.0245066 9.24129e-07 -6.65204e-09 3.77256e-08 -3.18055e-15 -4.53331 -1.38959 0.34002 -6.26796 1.92676 0.552028 -0.000132127 -0.00514131 -0.000695901 11.984 -20.5093 0.0305877 3.09383 27.0589 -1.38275 -0.335108 9.27872 -2.08312 -0.00263925 -1.68385 0.000677383 26.1075 0.672766 -6.55718 -35.082 47.6158 28.7541 0.395393 -6.19928 -4.30233 0.000472037 -0.371484 0.0126968
1714 2294.11 942.992 83.6352 -0.978735 -2.054 -0.0100857 -4.17404 -3.98292 -0.0513308 3.28025 -2.91559 4.16705 7.87964 3.55524 9.12122 13.9773 2.16605 7.66988 5.2572 4.29615 0.000538196 0.939568 0.000388188 4.36371 0.0913599 -5.46852 -13.2013 -5.86395 -58.2241 33.2669 -4.02027 1.86176 -0.00537787 -0.0304994 -1.43136e-06 -2.01239e-07 -1.14128e-06 9.54166e-15 -12.86 -4.40063 4.43084 -33.7174 9.52679 60.072 -18.359 -5.03899 -0.656764 -0.0120936 0.0685861 7.23833e-06 -2.97031e-09 1.68455e-08 -1.27222e-14 -4.15249 -0.398204 -0.244321 -5.74274 2.64381 0.102863 0.000249414 -0.0196975 -0.000401421 9.33667 -16.4064 -0.03098 3.53341 25.5969 -1.44279 -0.14019 6.37148 -2.48048 -0.00104123 -1.72539 -0.00200302 27.9165 -4.24188 -7.63996 -34.4037 54.761 30.1071 0.192236 -5.12533 -4.84011 0.000489054 -0.368284 0.00484557
1749.13 2299.18 947.565 85.1455 -1.39588 -2.181 -0.00396645 -4.36863 -3.95621 -0.0449713 3.32446 -2.97817 4.02603 7.88143 3.66165 8.73849 14.1237 2.33611 7.48763 5.46236 4.43501 0.00164441 0.951599 0.00105406 5.32927 0.0469423 -4.88495 -14.2587 -6.98298 -59.8992 33.9691 -4.38625 1.99481 0.0140308 0.0795727 -9.74305e-06 -7.48184e-07 -4.24316e-06 -5.40694e-14 -12.423 -4.33962 5.84381 -36.6483 11.7643 57.7418 -19.6269 -5.31831 -0.647883 -0.00985205 0.0558737 4.80377e-06 5.35485e-07 -3.03689e-06 1.59028e-14 -3.83115 0.577575 -0.850063 -5.35628 3.32984 -0.354917 0.000209382 -0.0153805 0.000321788 7.23381 -12.2184 0.137237 4.69934 23.1953 -1.7914 -0.0215028 4.24622 -2.77452 -0.000146255 -1.76993 -0.0043311 29.0728 -8.77318 -8.38789 -31.075 59.5701 27.8208 -0.553054 -6.63256 -5.32526 0.000352123 -0.357923 -0.00390951
1781.52 2304.51 950.523 86.9967 -1.82255 -2.07 0.00145875 -4.41876 -3.95192 -0.0341381 3.34518 -3.00058 4.00499 7.92608 3.6811 8.46859 14.3294 2.37539 7.36175 5.77244 4.4043 0.00379239 0.983159 0.0019349 5.14854 -0.0260723 -5.3604 -12.7458 -8.33921 -59.7119 34.7306 -4.747 2.16779 0.0377376 0.214019 -7.04815e-05 -1.58175e-06 -8.97052e-06 -1.33583e-13 -12.6214 -4.26052 7.07384 -39.88 14.0001 55.4478 -21.7988 -5.67577 -0.501136 0.0210116 -0.119162 2.18497e-05 5.89605e-06 -3.34382e-05 1.71273e-12 -3.79759 0.840754 -1.39025 -5.40177 3.50973 -0.738143 -0.000618627 0.0106801 0.000894814 5.30755 -7.98242 0.302914 6.12827 20.131 -2.12578 0.0216823 2.44014 -2.91765 -0.000213988 -1.80452 -0.00540481 29.1744 -12.5187 -8.86517 -24.6457 60.8629 21.8666 -1.5563 -9.45885 -5.41692 0.000153204 -0.344299 -0.00688072
1811.89 2310.06 951.293 89.3648 -2.26063 -1.746 0.00379115 -4.33162 -3.98969 -0.0199493 3.34135 -2.98229 4.04417 8.04615 3.63303 8.22976 14.6409 2.32132 7.17451 6.0928 4.24994 0.00633699 1.02418 0.00222954 3.84363 -0.088355 -6.69698 -9.42816 -9.86174 -58.0755 35.6787 -4.73518 2.29506 0.0468784 0.265859 -0.000108761 -1.97767e-06 -1.12159e-05 -2.00375e-13 -13.3984 -4.20654 7.39642 -43.2186 15.773 54.0653 -24.9141 -6.01393 -0.313527 0.075852 -0.43017 0.000284745 1.83429e-05 -0.000104028 1.6647e-11 -4.01339 0.175282 -1.88021 -5.76706 3.04575 -1.07176 -0.00235925 0.0632343 0.00163048 3.01585 -3.63553 0.373174 7.42178 16.4651 -2.15369 0.0469884 0.395435 -2.95373 -0.00119395 -1.80895 -0.00566112 27.8028 -15.2056 -9.11786 -15.5738 58.1165 13.4429 -2.43137 -11.8062 -5.1565 -0.000171982 -0.33459 -0.0056235
1840.45 2316.4 950.432 92.1994 -2.64319 -1.369 0.00295595 -4.17388 -4.07769 -0.00610671 3.32824 -2.93638 4.02469 8.23937 3.61262 7.91328 15.09 2.26201 6.82501 6.28288 4.14947 0.0077048 1.05077 0.00157138 1.97952 -0.110872 -8.20349 -5.93272 -11.3011 -56.3874 36.9279 -4.28548 2.36705 0.0340344 0.193018 -5.73275e-05 -1.11469e-06 -6.32173e-06 -6.67916e-14 -14.7161 -4.20258 6.26183 -45.6386 16.2527 53.9782 -28.3702 -6.30443 -0.265629 0.121243 -0.687569 0.000727487 3.10074e-05 -0.000175852 4.76002e-11 -4.32374 -1.03379 -2.35566 -6.19947 2.20632 -1.40629 -0.00436552 0.118374 0.00171698 -0.189926 0.6152 0.527257 8.76755 12.5385 -1.85236 0.0638616 -1.90518 -2.90558 -0.00241848 -1.77491 -0.00606824 24.6088 -16.5594 -9.18212 -6.88106 51.0449 6.28791 -2.38317 -12.1549 -4.7752 -0.000545373 -0.335351 -0.00385698
1866.88 2324.61 948.804 95.089 -2.88905 -1.142 0.00100827 -4.02595 -4.1916 0.00286786 3.32134 -2.88241 3.86339 8.47943 3.70466 7.50267 15.6445 2.26206 6.33554 6.35547 4.23836 0.00660156 1.04263 0.000625426 0.270201 -0.0897065 -9.10372 -3.37912 -12.5583 -55.8869 38.6633 -3.75878 2.46689 0.0142735 0.0809487 -1.00829e-05 -2.91057e-07 -1.65067e-06 1.59028e-14 -16.5004 -4.2272 3.78749 -45.864 14.8906 54.6452 -31.2361 -6.48939 -0.521603 0.12063 -0.684093 0.000720149 3.08999e-05 -0.000175242 4.7244e-11 -4.65337 -2.27059 -2.88864 -6.60621 1.34959 -1.78723 -0.00594548 0.149011 0.000813828 -4.93708 4.25297 1.23453 11.1291 9.03117 -1.56607 0.0527309 -3.93984 -2.82921 -0.00267179 -1.71863 -0.00598921 19.7794 -16.4838 -9.07195 -0.492815 40.4218 2.46911 -1.38263 -10.1892 -4.66435 -0.000630193 -0.344146 -0.00249665
1891.15 2335.27 946.649 97.3901 -2.973 -1.116 -0.000383822 -3.91229 -4.26095 0.00483111 3.3264 -2.82545 3.57139 8.73006 3.89843 7.10883 16.2066 2.31699 5.8581 6.47004 4.46986 0.00366668 1.01008 0.000197359 -0.794139 -0.0524259 -8.99611 -1.96534 -13.5976 -56.7879 41.2478 -3.49861 2.68549 0.00213709 0.0121201 -2.26035e-07 -8.36681e-09 -4.74505e-08 1.90833e-14 -18.5106 -4.24738 0.835144 -42.7635 11.8925 55.1618 -33.5523 -6.44714 -1.37606 0.0757984 -0.429866 0.000284343 1.98365e-05 -0.000112498 1.94888e-11 -5.10794 -3.41644 -3.58049 -7.16614 0.566964 -2.26758 -0.00780851 0.168007 0.000322464 -11.3991 6.71946 2.83415 15.4105 6.66279 -1.69258 0.0224084 -5.37379 -2.77906 -0.00180363 -1.66697 -0.0046223 14.5675 -15.3308 -8.75996 3.46283 28.0917 1.0962 -0.318212 -7.02255 -4.89567 -0.000585727 -0.348224 0.00110889
1913.9 2347.95 943.761 98.69 -2.91356 -1.143 -0.00218281 -3.8029 -4.21509 0.00271449 3.33427 -2.75124 3.24604 8.97071 4.08309 6.82306 16.6711 2.38048 5.54485 6.81002 4.6394 0.00124808 0.980027 0.000188773 -0.992811 -0.0319087 -8.00935 -1.65246 -14.3822 -58.6008 45.1684 -3.57845 3.1452 -0.00427397 -0.0242389 -9.04046e-07 1.31537e-08 7.45983e-08 6.36111e-15 -20.5125 -4.24699 -1.55125 -36.5014 8.12482 55.1653 -36.8971 -6.19932 -3.01013 0.0339278 -0.192414 5.69691e-05 -7.00978e-06 3.97544e-05 2.41881e-12 -5.84012 -4.77292 -4.40479 -8.10202 -0.336148 -2.83035 -0.0099511 0.191968 0.00180775 -18.8751 7.76045 5.0524 21.336 5.72519 -2.34545 -0.0014627 -6.51108 -2.74555 -0.00080124 -1.62963 -0.0029439 11.092 -13.899 -8.17005 4.7192 16.4559 0.590471 0.172379 -4.11145 -5.03503 -0.00129139 -0.330391 0.00332845
1936.24 2362.07 940.011 99.2352 -2.77368 -1.017 -0.00452631 -3.67693 -4.03949 0.000794065 3.33138 -2.63667 3.0194 9.20507 4.12415 6.55645 16.9842 2.39942 5.39708 7.41057 4.5142 0.00048542 0.95701 0.000142612 -0.379664 -0.0338175 -6.70882 -2.31467 -14.8821 -60.5471 50.4781 -3.89199 3.89854 -0.013254 -0.075167 -8.69402e-06 3.40232e-08 1.92955e-07 3.18055e-15 -22.5524 -4.22638 -2.89957 -28.2882 4.28614 54.8527 -42.7914 -6.03888 -4.92514 0.0654479 -0.371168 0.00021199 -5.06993e-05 0.00028753 1.27202e-10 -6.85843 -6.49175 -5.20504 -9.42311 -1.46412 -3.38745 -0.0090524 0.183964 0.00402214 -26.1372 7.75852 7.22544 27.4434 5.90801 -3.33262 -0.0135451 -7.91538 -2.69556 -0.000366854 -1.59689 -0.00268051 11.085 -12.9966 -7.25361 2.93865 7.63211 0.178801 0.173848 -1.93923 -4.8232 -0.00341552 -0.274257 0.00337091
1958.95 2377.61 935.975 99.7401 -2.64285 -0.653 -0.00500204 -3.55682 -3.7973 0.000108459 3.30669 -2.47565 2.91875 9.46405 3.95955 6.11735 17.2173 2.34907 5.27257 8.11143 4.05688 0.000499629 0.926187 -0.000334129 0.807863 -0.0381401 -5.94861 -3.66335 -15.2975 -61.7908 56.4567 -4.33298 4.79627 -0.0251433 -0.142595 -3.12877e-05 1.12994e-07 6.40824e-07 9.54166e-15 -24.8577 -4.21304 -3.61336 -19.9926 0.733079 54.847 -50.8192 -6.4813 -6.10172 0.180479 -1.02344 0.00161194 -0.000113566 0.000644062 6.38293e-10 -7.99402 -8.29096 -5.8948 -10.9202 -2.6398 -3.90075 -0.0034554 0.116786 0.00406631 -31.7848 7.45748 8.86347 31.5589 6.9235 -4.35275 -0.0274389 -9.71498 -2.63932 -0.000555365 -1.55497 -0.00436673 14.2704 -12.9048 -5.99988 -1.35141 2.53877 -0.0359661 0.00327046 0.284034 -4.55785 -0.00544377 -0.172474 0.0019799
1981.99 2395.02 932.826 100.811 -2.53039 -0.152 -0.00313894 -3.49218 -3.58888 -5.23425e-05 3.26178 -2.29938 2.83687 9.7457 3.65211 5.37568 17.4567 2.27922 4.99561 8.72446 3.4541 0.00039284 0.88399 -0.00139829 2.21792 -0.0277309 -6.53207 -5.06841 -16.1167 -61.6309 61.971 -4.88131 5.57684 -0.0299926 -0.170096 -4.452e-05 1.45209e-07 8.23518e-07 -1.90833e-14 -27.4452 -4.24322 -4.45838 -13.7477 -2.12207 55.5627 -58.6266 -7.92101 -6.2694 0.242203 -1.37333 0.00290284 -6.70551e-05 0.000380289 2.2252e-10 -8.96352 -9.66572 -6.49823 -12.2386 -3.53488 -4.3803 0.00207576 0.0392998 0.00173318 -34.6513 7.30521 9.78931 31.9892 8.88634 -5.15521 -0.0683078 -11.3458 -2.64332 -0.00116622 -1.50122 -0.0056779 18.0548 -13.3139 -4.46236 -6.73007 0.838796 -0.0313332 -0.113097 3.69775 -4.8258 -0.00377058 -0.032692 -0.0126097
2005.15 2414.48 931.514 102.498 -2.38196 0.289 -0.00101474 -3.51231 -3.46726 6.31159e-05 3.21563 -2.16026 2.60777 9.97245 3.354 4.38604 17.6871 2.28498 4.48118 9.15004 2.97167 -0.000180912 0.843376 -0.00280021 3.46758 -0.00967722 -8.817 -5.53468 -17.705 -59.7133 66.1087 -5.45773 6.13703 -0.0306318 -0.173721 -4.64379e-05 1.83124e-07 1.03855e-06 -2.06736e-14 -29.8713 -4.32075 -5.82816 -10.8914 -4.06939 56.7448 -63.9997 -9.86644 -6.16533 0.164773 -0.934387 0.0013436 -1.12209e-05 6.36369e-05 6.22276e-12 -9.52208 -10.181 -7.13129 -13.0429 -3.85045 -4.87368 0.00300755 0.00454476 2.81082e-05 -34.2221 7.28281 9.98708 28.7194 12.0133 -5.538 -0.158191 -12.0675 -2.69106 -0.00225428 -1.44217 -0.00416925 18.8773 -13.6452 -3.08955 -11.7238 1.52584 -0.0604689 -0.0324209 8.66886 -5.80858 0.000659458 0.122996 -0.0451441
2028.7 2435.42 932.254 104.213 -2.17524 0.551 0.000683933 -3.59517 -3.41907 0.000199484 3.17351 -2.09646 2.12514 10.0662 3.19625 3.34563 17.817 2.43741 3.77092 9.36253 2.82332 -0.000844929 0.828361 -0.00453356 4.37944 -0.00206789 -12.4457 -4.44468 -19.8161 -56.447 68.7426 -5.88731 6.53973 -0.0481866 -0.273278 -0.000114915 9.99511e-07 5.66851e-06 -1.74931e-14 -31.4512 -4.40473 -7.44586 -11.3831 -5.28923 57.7694 -66.4043 -11.2855 -6.26422 0.0522304 -0.296211 0.000135012 -1.60263e-06 9.08896e-06 1.31198e-13 -9.626 -9.68842 -7.88511 -13.2568 -3.47093 -5.42046 -9.45198e-06 0.00895003 -0.000334119 -30.689 7.10678 9.58044 23.1804 16.2957 -5.4271 -0.274166 -11.6283 -2.69111 -0.00404135 -1.37803 -0.000134014 14.64 -13.5295 -2.57066 -15.2434 3.5612 -0.0587328 0.108366 14.1358 -6.5309 0.00184503 0.257639 -0.0651399
2053.15 2456.88 934.297 105.203 -1.96503 0.675 0.00279686 -3.67899 -3.41111 0.000481265 3.1229 -2.11014 1.46653 10.0085 3.20512 2.41533 17.7617 2.72237 2.96356 9.37867 3.01576 0.000221265 0.863077 -0.00649224 4.98613 -0.00913133 -16.3918 -1.96872 -21.6523 -52.9387 70.5827 -6.11271 6.8916 -0.0923298 -0.523614 -0.000421894 2.82194e-06 1.6004e-05 -3.9916e-13 -31.8087 -4.45098 -8.67303 -13.624 -6.17214 58.2466 -66.7169 -11.9203 -6.35516 0.00433111 -0.024563 9.28384e-07 8.05056e-08 -4.5657e-07 -1.19271e-14 -9.41378 -8.34303 -8.6307 -13.0717 -2.50297 -5.92819 -0.0052443 0.033284 -0.000654861 -25.0306 6.51743 8.90736 17.347 21.3672 -5.0197 -0.344333 -10.3125 -2.64595 -0.00604934 -1.30066 0.00371358 6.14804 -12.7763 -3.11502 -16.2667 6.11485 0.294693 0.0470496 17.8486 -5.97647 8.58979e-05 0.333847 -0.0438827
2078.29 2478.01 936.342 105.136 -1.85664 0.815 0.00521791 -3.7136 -3.44118 0.00144742 3.05846 -2.17751 0.820502 9.86557 3.29796 1.64548 17.5889 3.026 2.16839 9.25013 3.37898 0.00375317 0.938938 -0.00677287 5.43342 -0.0247036 -19.4051 1.11906 -22.4831 -50.4334 72.6633 -6.25212 7.29156 -0.155295 -0.880653 -0.00119349 3.88391e-06 2.20268e-05 -7.41069e-13 -31.2612 -4.44361 -9.19573 -15.7213 -7.09322 58.4501 -66.2628 -12.1926 -6.265 0.011703 -0.0663708 6.77829e-06 5.03321e-08 -2.85448e-07 -1.19271e-14 -9.06386 -6.58613 -9.13612 -12.711 -1.26005 -6.24659 -0.0091453 0.0608012 -0.00102418 -18.9054 5.45099 8.36689 12.7204 26.718 -4.69165 -0.326026 -8.61072 -2.64887 -0.00650698 -1.2055 0.00350334 -3.83486 -11.2005 -4.16652 -14.1724 8.49056 0.844732 -0.0741339 18.0999 -4.85933 -0.00095916 0.35038 -0.0133897
2102.41 2498.34 937.439 104.147 -1.86478 1.057 0.00792383 -3.69675 -3.53405 0.0020987 2.99358 -2.27627 0.348574 9.75919 3.38106 1.00728 17.4825 3.24388 1.45909 9.06606 3.75771 0.00649128 1.00474 -0.00341579 5.91675 -0.0347437 -20.6067 4.06247 -22.2328 -49.6731 75.3971 -6.55674 7.69934 -0.200323 -1.13594 -0.00198585 -6.36357e-07 -3.60896e-06 -1.43125e-14 -30.5823 -4.39145 -9.18593 -17.03 -8.3435 58.7521 -66.0965 -12.3927 -6.22695 0.040183 -0.227888 7.99118e-05 3.69675e-07 -2.09653e-06 -1.51076e-14 -8.6357 -5.0289 -9.34351 -12.1892 -0.169156 -6.36237 -0.0077302 0.0669156 -0.000527389 -13.9304 3.85036 8.20345 9.80483 31.825 -4.68653 -0.234911 -6.86444 -2.72955 -0.00480048 -1.10889 -0.0007955 -12.636 -9.01747 -4.88245 -9.48332 10.2426 0.999162 -0.0255331 15.2128 -4.34882 -0.000772752 0.342565 -0.00161205
2122.93 2517.39 937.62 102.538 -1.82466 1.31 0.0109511 -3.65697 -3.68414 0.00152262 2.96049 -2.39733 0.125832 9.76272 3.43975 0.521621 17.5575 3.36723 0.897603 8.9355 4.07686 0.0046962 1.00499 0.00191956 6.38334 -0.0159912 -19.9427 6.83875 -21.4582 -50.4114 78.0797 -7.14864 7.98798 -0.175218 -0.993608 -0.00151933 -3.63119e-06 -2.05935e-05 -6.71892e-13 -30.3224 -4.33972 -8.96286 -17.9486 -10.1374 59.0909 -66.827 -12.649 -6.46228 0.0646866 -0.366851 0.000207087 1.68848e-06 -9.57583e-06 1.59227e-13 -7.96057 -4.16904 -9.39779 -11.2229 0.423526 -6.42156 0.00107211 0.0263762 -0.000429481 -10.9382 1.55247 8.4416 8.56543 36.0758 -5.03417 -0.117936 -5.19491 -2.80662 -0.00376786 -1.04925 -0.00373135 -19.0178 -6.94155 -4.91036 -3.64762 11.2024 0.498609 0.0654073 11.0113 -4.35957 -0.000487345 0.350984 -0.00278071
2138.05 2534.31 937.936 100.459 -1.484 1.445 0.0127798 -3.63233 -3.82645 -0.000308854 3.0104 -2.54791 0.130637 9.86877 3.49595 0.307926 17.7832 3.44036 0.586566 8.92529 4.3244 -0.000941698 0.924425 0.00605376 6.45894 0.0396357 -18.0898 9.97399 -20.8266 -51.7346 79.6436 -7.6729 8.10938 -0.103281 -0.585715 -0.000527908 -1.34879e-06 -7.64936e-06 -8.90555e-14 -30.4439 -4.29693 -8.62924 -19.2814 -12.596 58.8929 -68.3056 -13.0209 -6.88872 0.0520014 -0.294912 0.000133831 1.63923e-06 -9.29653e-06 1.18177e-13 -6.83489 -4.16041 -9.48944 -9.55635 0.407044 -6.58126 0.0152261 -0.0471758 -0.00155125 -9.68999 -1.55488 8.7646 8.72598 38.888 -5.64851 -0.0443991 -3.57911 -2.81626 -0.00648428 -1.06223 -0.00309 -22.6294 -5.66863 -4.51861 1.71038 11.4458 -0.323535 0.0784327 7.43958 -4.37588 -0.00155802 0.399341 -0.00217725
2147.95 2548.17 939.709 97.9473 -0.698581 1.465 0.0106972 -3.66938 -3.8609 -0.0043216 3.22409 -2.75643 0.284981 10.0252 3.55583 0.431808 18.041 3.48529 0.579187 9.0418 4.48837 -0.00729999 0.776878 0.00872287 5.8084 0.107227 -16.073 13.9241 -20.7714 -52.5541 79.6722 -7.65756 8.09725 -0.0711193 -0.403331 -0.000250322 -8.04177e-07 -4.56072e-06 -4.13472e-14 -30.5089 -4.12974 -7.93584 -21.4751 -15.616 57.4162 -69.6551 -13.307 -7.20368 0.00878835 -0.0498412 3.82246e-06 9.84945e-07 -5.5859e-06 4.11981e-14 -5.23992 -4.79408 -9.6454 -7.23747 -0.0921856 -6.82279 0.0282746 -0.108194 -0.000962215 -9.27585 -5.24764 8.64248 9.74482 39.8183 -6.34974 -0.0488448 -1.88591 -2.76985 -0.011206 -1.15643 -0.00248045 -23.0584 -5.43591 -4.1452 5.56628 11.245 -1.00955 0.0540652 5.37804 -4.29965 -0.00419663 0.491605 0.00709968
2154.55 2558.66 943.369 95.2731 0.434187 1.461 0.0083442 -3.80151 -3.74507 -0.0101092 3.64633 -3.01953 0.486486 10.1813 3.61236 0.780543 18.2433 3.49065 0.790924 9.26113 4.55275 -0.0109873 0.580875 0.00948823 4.48813 0.141002 -14.7726 18.6375 -21.2466 -52.0757 78.782 -7.26313 8.03821 -0.0863977 -0.489973 -0.000369424 -9.16844e-07 -5.19968e-06 -3.57812e-14 -30.2564 -3.70356 -6.71503 -24.028 -18.6656 54.6998 -70.0376 -13.2667 -7.25158 -0.0168095 0.0953316 1.39843e-05 9.17113e-07 -5.20121e-06 4.52732e-14 -3.37105 -5.67791 -9.7441 -4.59838 -0.809895 -6.99704 0.0314132 -0.114993 0.00128061 -8.95085 -8.81789 7.79741 10.6239 38.5927 -6.63224 -0.0502044 0.0040875 -2.70698 -0.0122538 -1.30009 -0.0026866 -20.3551 -6.06222 -3.90971 7.93379 11.0348 -1.42134 0.0474483 4.41696 -4.26921 -0.00692277 0.619636 0.0219692
2160.3 2566.55 947.891 92.9742 1.64564 1.413 0.0158411 -3.99118 -3.54779 -0.0146094 4.18326 -3.26254 0.647732 10.3057 3.68584 1.08431 18.3648 3.49384 1.01773 9.49906 4.56555 -0.0100162 0.37112 0.00782056 2.96165 0.118159 -14.4071 23.4342 -21.7538 -50.5063 77.942 -6.91007 8.00751 -0.105231 -0.596772 -0.000548028 -1.43005e-06 -8.1102e-06 -9.14409e-14 -29.8301 -3.10551 -5.39612 -25.5639 -20.9568 52.1157 -69.2631 -13.2094 -7.25245 -0.0436014 0.247275 9.40867e-05 1.02467e-05 -5.8112e-05 5.18435e-12 -1.61934 -6.3541 -9.72836 -2.18629 -1.39657 -7.03606 0.0229214 -0.0670973 0.00184152 -8.4657 -11.4255 6.53737 10.3207 35.2708 -5.97286 0.0251705 2.01297 -2.63058 -0.00828899 -1.432 -0.00178459 -15.8314 -7.19287 -3.54422 9.56463 11.2162 -1.75563 0.0691632 3.33772 -4.40754 -0.00726317 0.764453 0.0306969
2167.04 2572.75 951.497 91.3957 2.70662 1.188 0.0314131 -4.1213 -3.38677 -0.0177856 4.60865 -3.37812 0.748978 10.3751 3.8365 1.13962 18.3942 3.59252 1.09597 9.6495 4.61746 -0.00645515 0.188377 0.00487069 1.77649 0.0689932 -14.6562 27.2605 -22.0099 -48.8568 77.2909 -6.84157 7.96355 -0.0958938 -0.543824 -0.000455093 -1.25972e-06 -7.1442e-06 -7.95139e-14 -29.254 -2.66675 -4.85514 -24.3539 -21.9331 51.9157 -68.0189 -13.6057 -7.69148 -0.130694 0.741162 0.000845324 6.29325e-05 -0.000356908 1.96004e-10 -0.37074 -6.51704 -9.68143 -0.488734 -1.6012 -7.02101 0.0118809 0.00132421 0.000622576 -7.53789 -12.6019 5.50941 8.75852 30.3355 -4.63211 0.10009 3.71447 -2.50816 -0.00371018 -1.50237 -0.000705805 -11.6425 -8.31442 -2.83666 11.1926 11.7554 -2.23595 0.0720116 1.01804 -4.59357 -0.00488775 0.899798 0.0251058
2175.76 2577.23 952.989 90.3063 3.49459 0.772 0.03904 -4.08141 -3.34898 -0.0214659 4.70995 -3.28316 0.831628 10.4095 4.11759 1.00469 18.3635 3.86247 1.07401 9.70142 4.7982 -0.00389141 0.0619612 0.00253496 1.31202 0.037628 -14.9748 29.1241 -22.2008 -48.2282 76.2677 -7.1192 7.82493 -0.0440601 -0.249875 -9.60765e-05 -7.17496e-07 -4.06912e-06 -1.11319e-14 -28.3185 -2.73886 -5.69123 -19.3534 -21.3453 55.3914 -67.5108 -14.1837 -8.74502 -0.240776 1.36524 0.00286874 0.000172487 -0.000978223 1.47247e-09 0.143236 -6.21883 -9.78812 0.208755 -1.44356 -7.10652 0.00281373 0.0791713 -0.00181357 -5.62216 -12.3315 5.05466 6.39361 24.6375 -3.14846 0.106924 4.51166 -2.35377 -0.00160447 -1.49977 -0.000161475 -9.22243 -8.83852 -1.9776 13.3091 12.1627 -2.86369 0.0195977 -2.88052 -4.65586 -0.00158708 1.00606 0.0133097
2186.55 2579.48 952.375 89.1192 3.99155 0.381 0.0294496 -3.87749 -3.42461 -0.0199559 4.48494 -3.00698 0.950351 10.454 4.5031 0.934907 18.3601 4.26387 1.14476 9.74836 5.1233 -0.00315856 -0.00542712 0.00143153 1.67594 0.0299713 -14.8349 28.4185 -22.6099 -49.338 74.7689 -7.51123 7.64809 0.0229817 0.130335 -2.61392e-05 -3.70285e-07 -2.09999e-06 -6.36111e-15 -26.9808 -3.33344 -7.62636 -11.3778 -19.3052 61.1375 -68.4121 -14.2485 -9.64032 -0.269404 1.5275 0.00359136 0.000195704 -0.00110989 1.89553e-09 -0.148772 -5.72653 -10.1864 -0.199397 -1.1016 -7.38213 -0.00599052 0.169375 -0.00212361 -2.6198 -10.9924 4.91147 3.79801 19.2529 -1.8206 0.0598348 3.89372 -2.19647 -0.00106442 -1.45039 2.09303e-05 -8.10901 -8.41231 -1.31414 15.8711 11.884 -3.39699 -0.0586131 -7.9968 -4.67396 0.00133069 1.08278 0.00703286
2198.29 2579.66 950.529 87.5034 4.3171 0.262 0.0105536 -3.62484 -3.52286 -0.00996886 4.13071 -2.69584 1.11868 10.5256 4.86958 1.17857 18.4674 4.61748 1.46488 9.89374 5.50413 -0.0025457 -0.0350939 0.000825577 2.66825 0.0200003 -14.0705 25.1929 -23.2652 -52.0362 73.4891 -7.65905 7.58264 0.0572323 0.324577 -0.000162109 -1.3974e-06 -7.92505e-06 -8.0309e-14 -25.5055 -4.10854 -9.61393 -2.89503 -16.9557 66.2064 -70.15 -13.6154 -9.33035 -0.18195 1.03178 0.00163831 0.000102837 -0.000583218 5.23406e-10 -1.17797 -5.32391 -10.7873 -1.64037 -0.755571 -7.75735 -0.00852417 0.219179 0.00438284 0.602224 -9.31617 4.63684 1.69307 15.0552 -0.815282 0.00291629 1.72137 -2.02517 -0.000543769 -1.39463 -0.000182211 -6.94465 -7.17848 -1.00834 18.2192 10.8103 -3.56685 -0.110541 -13.4582 -4.70667 0.00321655 1.14651 0.00807144
2209.14 2578.83 948.419 85.6354 4.63438 0.476 -0.00587102 -3.43325 -3.57307 -0.00053288 3.85585 -2.47319 1.32935 10.6243 5.08983 1.81259 18.7232 4.73205 2.04502 10.1716 5.80587 -0.00199934 -0.0544063 0.000160829 3.90492 -0.00557261 -12.8276 20.2115 -23.9791 -55.4202 73.1736 -7.53596 7.62289 0.0503437 0.285511 -0.000125434 -8.65629e-07 -4.90922e-06 -3.4191e-14 -24.3415 -4.70364 -10.6584 3.4006 -16.0833 68.821 -71.4736 -12.8712 -8.09927 -0.0696994 0.395279 0.000240426 3.35544e-05 -0.000190296 5.57046e-11 -2.79634 -5.20562 -11.3239 -3.90697 -0.536937 -8.03388 0.00473518 0.160051 0.0112537 2.69337 -8.02047 4.11892 0.648285 12.3009 -0.247437 -0.0330373 -1.3789 -1.8674 -5.47067e-05 -1.35871 -0.000477876 -5.07504 -5.70081 -1.04334 19.7719 9.36443 -3.35358 -0.116443 -18.1639 -4.6593 0.00325915 1.21657 0.00953329
2217.49 2578.03 946.628 83.8449 5.04248 0.925 -0.0156032 -3.33264 -3.57578 0.00198985 3.75514 -2.34876 1.5837 10.7507 5.12167 2.7277 19.0917 4.53428 2.76498 10.5455 5.90359 -0.00212622 -0.0763657 -0.000354857 5.15892 -0.0428382 -11.4406 14.7055 -24.7439 -58.2943 73.7913 -7.38739 7.61628 0.0270182 0.153228 -3.61278e-05 -1.47356e-07 -8.35697e-07 2.38542e-15 -23.8109 -4.97297 -10.4917 5.94831 -17.4005 68.9281 -71.5968 -12.425 -7.21675 -0.00778615 0.0441574 3.00036e-06 1.7164e-06 -9.73417e-06 1.56245e-13 -4.72133 -5.44507 -11.5161 -6.58564 -0.5439 -8.04571 0.0267701 0.0226657 0.00883375 3.06988 -7.44947 3.51551 0.886474 10.7556 -0.134583 -0.0351648 -4.15974 -1.81218 -3.01147e-06 -1.35268 -0.0007743 -2.7857 -4.52311 -1.3368 20.2099 8.00084 -2.89106 -0.0918507 -21.239 -4.50258 0.00132331 1.2963 0.00553344
2222.91 2577.39 945.504 82.2154 5.51801 1.492 -0.0183831 -3.27623 -3.57763 0.00126739 3.7882 -2.24901 1.86556 10.9163 5.02677 3.71513 19.4983 4.11788 3.48059 10.9612 5.78886 -0.00144018 -0.0862275 -0.000349404 6.58358 -0.085601 -10.357 10.0047 -25.9059 -59.5709 74.4674 -7.3485 7.52036 0.0099457 0.0564048 -4.89552e-06 -1.23972e-08 -7.0308e-08 -1.98785e-14 -24.0061 -5.01366 -9.5598 5.72683 -19.9409 67.1965 -70.7451 -12.1941 -6.92914 0.0132688 -0.0752512 8.71351e-06 -5.9699e-09 3.38569e-08 3.97569e-15 -6.45486 -6.01012 -11.2537 -8.98551 -0.833587 -7.78015 0.0352726 -0.0711552 0.00118742 2.60848 -7.48731 2.94264 2.00013 9.95995 -0.290066 -0.0189133 -5.64612 -1.84185 -0.000146685 -1.37739 -0.00204096 -0.673234 -3.76725 -1.77757 19.7433 6.77226 -2.34784 -0.060226 -22.2597 -4.30893 -0.000939385 1.3686 -0.0012579
2226.06 2576.37 945.226 80.6745 5.9594 2.047 -0.014156 -3.19002 -3.6189 0.000778199 3.86688 -2.1058 2.15785 11.1239 4.91135 4.59976 19.8929 3.67734 4.11268 11.3889 5.58035 0.000698811 -0.074275 -0.000229719 8.39115 -0.116723 -9.91577 6.95284 -27.7797 -58.8044 74.3983 -7.33492 7.40839 0.00478576 0.0271414 -1.13352e-06 -6.73619e-10 -3.82045e-09 -2.38542e-15 -24.9075 -4.98683 -8.53015 4.80001 -22.2941 64.4704 -69.6392 -12.0676 -6.76012 0.0212471 -0.120498 2.23423e-05 -1.12744e-08 6.39402e-08 -1.59028e-15 -7.43959 -6.73741 -10.6517 -10.3509 -1.32944 -7.35588 0.0224312 -0.042663 -0.000625883 2.68458 -7.75944 2.4613 3.20238 9.4477 -0.470855 -0.00741921 -5.87645 -1.87988 -0.000374666 -1.42911 -0.00412427 1.24635 -3.24605 -2.218 19.1164 5.48534 -1.86538 -0.00610644 -21.2721 -4.06609 -0.00198804 1.40951 -0.00532929
2227.54 2574.72 945.473 79.271 6.35816 2.445 -0.00367643 -3.0171 -3.6996 0.00029186 3.93799 -1.91453 2.44565 11.334 4.84436 5.32821 20.2362 3.36127 4.67628 11.7947 5.4211 0.00312739 -0.0545053 -0.000381046 10.5353 -0.113801 -10.1914 5.49217 -30.253 -56.3759 73.5697 -7.24979 7.27993 0.00484013 0.0274497 -1.15942e-06 1.00631e-09 5.7071e-09 -0 -26.3913 -4.96451 -7.82946 4.00336 -23.7587 61.3784 -68.7274 -11.9799 -6.60356 0.0305783 -0.173417 4.62757e-05 -4.43021e-08 2.5125e-07 1.11319e-14 -7.43614 -7.43751 -9.90442 -10.3566 -1.87158 -6.88006 0.00367691 0.0779655 0.00279472 3.81977 -8.07296 2.16584 3.9526 9.06629 -0.564637 -0.00990353 -5.832 -1.93546 -0.000808701 -1.49971 -0.00507266 3.30824 -2.90299 -2.51504 18.8221 4.07236 -1.44487 0.0624816 -18.72 -3.81254 -0.0019878 1.40836 -0.00576375
2227.6 2572.57 945.391 78.159 6.8232 2.554 0.0117082 -2.73458 -3.79014 -0.000645799 3.97684 -1.71132 2.74616 11.5007 4.84402 5.99705 20.5049 3.18916 5.28463 12.1499 5.38429 0.00521145 -0.0440412 -0.0012184 12.6772 -0.084014 -11.0069 4.9443 -32.9289 -53.1258 72.4326 -7.08995 7.10414 0.00360997 0.0204732 -6.44966e-07 4.88775e-10 2.77194e-09 -1.11319e-14 -28.1793 -4.95659 -7.56845 2.85404 -24.4703 58.1428 -67.8545 -11.8751 -6.54387 0.043298 -0.245553 9.27815e-05 -1.40125e-07 7.94686e-07 -5.56597e-15 -6.64525 -8.1342 -9.15917 -9.26337 -2.43234 -6.42064 -0.00793217 0.213923 0.00466343 5.39403 -8.46973 2.13854 4.17656 8.86367 -0.589256 -0.0228594 -6.52201 -2.02232 -0.00113722 -1.57535 -0.00359938 5.51728 -2.87345 -2.55823 18.7113 2.72096 -1.03577 0.0918864 -15.5525 -3.74663 -0.00158706 1.37653 -0.00393271
2226.61 2570.29 944.244 77.452 7.45373 2.319 0.0277609 -2.36025 -3.8639 -0.00159181 3.97614 -1.53561 3.10711 11.6139 4.88565 6.76167 20.7143 3.07314 6.04507 12.4652 5.42317 0.00662741 -0.0520426 -0.00305975 14.3905 -0.0586072 -12.0945 4.45263 -35.518 -49.9539 71.4714 -6.89613 6.91622 0.000164806 0.000934662 -1.34422e-09 -4.6786e-12 -2.64686e-11 4.77083e-15 -29.8511 -4.95678 -7.64835 0.535284 -25.0245 54.807 -66.467 -11.7095 -6.47481 0.0564989 -0.320418 0.000157981 -3.12896e-07 1.77452e-06 1.59028e-15 -5.49077 -9.00146 -8.41624 -7.64108 -3.1138 -5.96197 -0.013446 0.317428 0.0041152 6.43642 -8.99889 2.39014 4.22071 8.80097 -0.613002 -0.0328952 -8.19255 -2.08992 -0.00102873 -1.64492 -0.00114518 7.96599 -3.27249 -2.26088 17.9578 1.77231 -0.666282 0.0698604 -13.1466 -3.91591 -0.000992899 1.33225 -0.00157653
2225.04 2568.33 942.177 77.251 8.28233 1.817 0.0388618 -1.96308 -3.91039 -0.00156429 3.94617 -1.41456 3.53041 11.7022 4.90211 7.67294 20.8987 2.88938 6.93353 12.7573 5.4017 0.00592275 -0.0868248 -0.00523809 15.5424 -0.0510805 -13.2995 3.47363 -38.1264 -47.3183 70.7565 -6.70023 6.74908 -0.00305114 -0.0173039 -4.60738e-07 -2.20791e-10 -1.25215e-09 -0 -31.1197 -4.95515 -7.91033 -3.1313 -25.8889 51.579 -64.2561 -11.5439 -6.19887 0.0581336 -0.329688 0.000167255 -3.90153e-07 2.21266e-06 2.06736e-14 -4.35784 -10.0284 -7.53927 -6.03134 -3.90521 -5.38781 -0.0162917 0.380752 0.00281499 6.65694 -9.65091 2.86251 4.19505 8.77386 -0.639035 -0.027956 -10.4243 -2.11567 -0.000551529 -1.70512 0.000268049 11.1931 -4.08848 -1.58795 15.4854 1.39078 -0.375415 0.0367237 -12.4657 -4.12164 -0.000421915 1.28809 -0.000676757
2223.24 2566.89 940.161 77.687 9.29896 1.196 0.0417741 -1.63845 -3.93168 -0.000464558 3.90461 -1.34982 3.99001 11.8071 4.78713 8.67714 21.0862 2.51547 7.85684 13.0206 5.14367 0.00168469 -0.153908 -0.00685126 16.2637 -0.0535906 -14.695 2.26304 -41.1185 -44.6897 69.8191 -6.50281 6.55713 -0.00395538 -0.0224321 -7.74294e-07 -1.48414e-10 -8.41638e-10 6.36111e-15 -32.1194 -4.94083 -8.19862 -7.40111 -27.185 48.9407 -61.552 -11.4689 -5.67337 0.0411502 -0.233373 8.38052e-05 -1.96462e-07 1.11419e-06 6.36111e-15 -3.45057 -10.9177 -6.41213 -4.7408 -4.58735 -4.60281 -0.014567 0.380289 -0.0016244 6.48189 -10.348 3.4641 3.69931 8.60723 -0.586287 -0.0131785 -12.5327 -2.11991 2.65322e-05 -1.75909 0.000390469 15.7704 -5.21447 -0.542368 10.8806 1.52288 -0.136666 0.0156289 -13.483 -4.24299 -0.000207791 1.25061 -0.00168807
2221.01 2566.01 938.842 78.815 10.4687 0.597 0.0361554 -1.44293 -3.93116 0.000502763 3.86864 -1.32179 4.45305 11.9313 4.45904 9.65861 21.2606 1.89535 8.71867 13.192 4.56763 -0.00363519 -0.229697 -0.00679887 16.7585 -0.0539182 -16.3166 1.69951 -44.6255 -41.0795 68.1468 -6.25591 6.29521 -0.00547557 -0.0310535 -1.48384e-06 1.07638e-09 6.10431e-09 -1.59028e-14 -33.2056 -4.91144 -8.33627 -11.26 -28.7489 47.218 -59.0564 -11.4731 -5.1114 0.0172774 -0.0979846 1.47735e-05 -4.58043e-08 2.59769e-07 -7.95139e-15 -2.89131 -11.3295 -5.16712 -3.9574 -4.90628 -3.70939 -0.00776004 0.277822 -0.0065575 6.30581 -11.0679 4.0652 2.46492 8.19086 -0.40747 -0.00531767 -13.898 -2.12648 0.000461057 -1.81039 0.000251104 21.3427 -6.53646 0.838699 4.96002 2.04172 0.0801613 0.00400268 -15.2729 -4.28596 -0.000262173 1.22521 -0.00266045
2217.68 2565.52 937.862 80.4076 11.7394 0.124 0.0247239 -1.37523 -3.90427 0.000485461 3.85223 -1.29141 4.86986 12.0394 3.95537 10.4904 21.3797 1.11117 9.4385 13.2159 3.79572 -0.00597969 -0.275861 -0.00475758 17.1991 -0.0472962 -17.8936 2.69649 -48.3019 -35.9758 65.4952 -5.93523 5.93432 -0.00920019 -0.0521769 -4.18912e-06 3.27207e-09 1.85568e-08 1.59028e-15 -34.5127 -4.87844 -8.21618 -14.103 -30.2774 46.2586 -57.3995 -11.5077 -4.75664 0.00144645 -0.00820322 1.03546e-07 -7.09594e-09 4.02431e-08 4.77083e-15 -2.77898 -11.3294 -4.12519 -3.80357 -4.90892 -2.94795 -0.00146662 0.126913 -0.005872 6.14717 -11.9469 4.51791 0.645362 7.646 -0.132856 -0.00876453 -14.1705 -2.14725 0.000653649 -1.85815 0.000514128 26.2819 -7.98656 2.37458 -0.454281 2.72297 0.254902 0.000295483 -16.718 -4.26757 -0.000321178 1.22241 -0.00213487
2213.1 2565.14 936.733 81.8979 13.0508 -0.156 0.0100164 -1.39905 -3.84422 8.5858e-05 3.86715 -1.20125 5.19153 12.1029 3.42188 11.0748 21.4404 0.3729 9.93383 13.1404 3.08837 -0.00444532 -0.270983 -0.00197537 17.6052 -0.0312619 -19.0796 5.70647 -51.4968 -29.7576 61.9967 -5.65537 5.42907 -0.00602588 -0.0341745 -1.79709e-06 1.89862e-09 1.07678e-08 1.43125e-14 -35.8168 -4.86143 -7.8651 -15.7401 -31.6371 45.6398 -56.7262 -11.5657 -4.62967 -0.0056024 0.0317728 1.55338e-06 2.4357e-09 -1.38134e-08 -1.27222e-14 -3.05298 -11.3724 -3.40206 -4.17934 -4.92629 -2.40686 0.0016745 0.0112563 -0.00196469 5.82628 -13.1984 4.72214 -1.22524 7.29836 0.145794 -0.0111098 -13.6067 -2.1548 0.00064285 -1.89809 0.000892137 29.0822 -9.54601 3.72655 -3.71245 3.33915 0.338401 0.000932613 -17.3722 -4.22547 -0.000134669 1.24701 -0.000831373
2207.85 2564.76 935.708 82.7291 14.3425 -0.205 -0.00504289 -1.47626 -3.75393 0.000145816 3.9189 -1.00847 5.36298 12.1275 3.01879 11.3285 21.4856 -0.0968522 10.0926 13.0777 2.67788 -0.000275919 -0.217558 -0.00154033 17.9442 -0.00742055 -19.7723 10.6273 -53.8115 -23.3824 57.8101 -5.50307 4.77341 0.0090696 0.0514362 -4.07104e-06 1.19902e-09 6.8e-09 -7.95139e-15 -36.8062 -4.85605 -7.46495 -16.296 -33.1642 44.9606 -56.2813 -11.6275 -4.50966 -0.0124301 0.0704948 7.64682e-06 2.46282e-08 -1.39673e-07 1.11319e-14 -3.48821 -11.8146 -2.90608 -4.77165 -5.22076 -2.03359 0.00272633 -0.0480495 0.000207338 5.30334 -14.9672 4.68614 -2.53402 7.59573 0.330023 -0.00323023 -13.0653 -2.10383 0.000509887 -1.92681 0.00106458 30.0073 -11.141 4.67474 -4.629 3.77176 0.342361 -0.00428992 -17.5557 -4.20571 0.000265681 1.28478 0.000180976
2202.69 2564.46 935.397 82.713 15.5657 -0.019 -0.0168636 -1.58927 -3.64799 0.0006139 3.99579 -0.716353 5.35454 12.1491 2.81754 11.2528 21.566 -0.229038 9.90439 13.1187 2.58894 0.00489645 -0.139049 -0.00311101 18.2125 0.0173394 -20.1109 17.2436 -55.2786 -17.2874 52.9023 -5.36413 4.05436 0.0225454 0.127861 -2.51561e-05 3.21315e-08 1.82227e-07 3.18055e-15 -37.354 -4.82394 -7.2584 -16.0576 -35.6623 44.2144 -54.7696 -11.6382 -4.08988 -0.0240713 0.136515 2.86766e-05 8.07915e-08 -4.58192e-07 -3.18055e-15 -3.89947 -12.7543 -2.53171 -5.32149 -5.86817 -1.76258 0.00241273 -0.0568964 -0.000760284 4.82058 -17.1691 4.48848 -3.02427 8.78447 0.404618 0.00765788 -13.3621 -2.01819 0.000311538 -1.9458 0.00102154 30.8895 -12.577 5.36581 -4.48152 4.04482 0.354946 -0.0256888 -18.0746 -4.24807 0.000462318 1.31101 -0.000175033
2198.25 2564.22 935.699 81.9613 16.6445 0.406 -0.0228962 -1.72522 -3.54722 0.00109223 4.07083 -0.387559 5.2075 12.2036 2.80498 10.9601 21.7098 -0.113698 9.52004 13.2862 2.69526 0.00845225 -0.0711091 -0.00322869 18.3822 0.0354588 -20.2467 25.1218 -55.9213 -11.3981 47.5148 -5.10501 3.40917 0.0201768 0.114428 -2.01481e-05 4.28098e-08 2.42787e-07 -1.43125e-14 -37.4543 -4.72851 -7.26628 -15.5439 -39.8802 43.5224 -51.1637 -11.4752 -3.2193 -0.0347717 0.197199 5.98383e-05 1.77347e-07 -1.00579e-06 6.36111e-15 -4.24883 -14.1262 -2.35204 -5.78535 -6.82123 -1.64457 0.000966985 -0.00216923 -0.00354689 4.64441 -19.4412 4.16975 -2.7084 10.5417 0.380774 0.00984179 -14.5522 -1.9698 0.000117572 -1.96138 0.000894617 33.4621 -13.6317 6.11776 -4.93989 4.27129 0.45298 -0.0547555 -19.694 -4.33514 0.000219993 1.30805 -0.00211337
2194.73 2564.01 935.718 80.7934 17.4886 1.038 -0.0234854 -1.8593 -3.47428 0.00144893 4.12107 -0.111632 4.99234 12.3022 2.95373 10.6069 21.9132 0.118464 9.11983 13.5355 2.90606 0.00755445 -0.0538352 -0.00108261 18.3821 0.0411099 -20.0708 32.7735 -55.8757 -6.47065 42.4071 -4.79488 2.90048 0.00813718 0.0461482 -3.277e-06 3.30705e-08 1.87552e-07 4.77083e-15 -37.1366 -4.57153 -7.2135 -15.6622 -45.7895 42.5184 -45.4041 -10.9671 -2.10173 -0.0343259 0.194671 5.83139e-05 2.43367e-07 -1.3802e-06 4.77083e-15 -4.65119 -15.7772 -2.71389 -6.32601 -7.97005 -1.92861 -0.00139372 0.134366 -0.00675304 4.97578 -21.3075 3.78396 -1.92812 12.0876 0.271156 0.00363854 -15.6864 -1.96627 1.89108e-05 -1.9805 0.00076042 37.9979 -14.2099 7.06264 -6.90422 4.52328 0.661756 -0.0618003 -22.5887 -4.37586 -0.000109865 1.28375 -0.00339048
2192.01 2563.9 934.773 79.534 18.0893 1.83 -0.0230028 -1.96446 -3.4418 0.00184356 4.14148 0.0632583 4.76304 12.4169 3.22355 10.3096 22.1275 0.383628 8.7884 13.7524 3.22136 0.00348164 -0.0870712 0.00109958 18.1255 0.0326982 -19.1407 37.7014 -55.8654 -4.56926 38.8308 -4.65831 2.5541 -0.0001246 -0.000706643 -7.68358e-10 3.07049e-08 1.74137e-07 -3.18055e-15 -36.5449 -4.41191 -6.91157 -16.5329 -52.476 41.1942 -38.6763 -10.1339 -1.13911 -0.0257942 0.146286 3.29284e-05 1.54142e-07 -8.74182e-07 4.77083e-15 -5.3019 -17.4622 -3.93668 -7.17876 -9.13984 -2.85811 -0.0076812 0.345207 -0.0105538 5.84961 -22.5159 3.38751 -1.21116 12.7906 0.139371 -0.00485063 -15.7353 -1.97359 7.78465e-05 -2.00336 0.000711639 43.3936 -14.4356 8.0206 -10.0642 4.75301 0.945101 -0.0362103 -26.2609 -4.31688 -0.000266734 1.27608 -0.00216059
2190.15 2564.03 933.132 78.264 18.5099 2.792 -0.0250931 -2.03026 -3.44613 0.00256636 4.14063 0.148105 4.56101 12.5034 3.5537 10.078 22.2859 0.663637 8.50206 13.8263 3.65277 0.000553271 -0.126861 0.00169691 17.6742 0.015278 -16.9651 37.9371 -56.9239 -7.67299 37.5707 -4.81623 2.43375 0.000213572 0.00121123 -2.25745e-09 2.16462e-08 1.22761e-07 -1.43125e-14 -35.8574 -4.31933 -6.59353 -16.3489 -58.9971 41.1396 -32.4867 -9.1997 -0.547711 -0.0204736 0.116111 2.07452e-05 5.23406e-08 -2.96839e-07 7.95139e-15 -6.24893 -18.8788 -5.98041 -8.37194 -10.0908 -4.41189 -0.022766 0.545903 -0.0108076 6.87505 -23.1924 2.87814 -0.623768 12.6357 0.0198403 -0.0119918 -14.4833 -1.98846 0.000280131 -2.02264 0.000908365 48.4569 -14.5324 8.72154 -13.4554 4.84822 1.2223 -0.0260326 -29.9628 -4.25176 0.000487944 1.32407 0.00068313
2189.27 2564.44 931.63 76.851 18.829 3.963 -0.0306867 -2.06432 -3.47478 0.00403856 4.12575 0.183409 4.41059 12.5404 3.8706 9.86816 22.3459 0.953979 8.24899 13.7417 4.11463 0.0024721 -0.130857 0.00102733 17.2808 -0.00256954 -13.4959 32.8355 -59.3045 -16.4403 38.0941 -5.18923 2.48544 0.0075433 0.0427802 -2.81612e-06 1.5242e-08 8.64418e-08 1.27222e-14 -35.1187 -4.3236 -6.72611 -11.4852 -64.9125 45.7737 -27.7407 -8.35314 -0.300541 -0.0207111 0.117458 2.12292e-05 2.6371e-08 -1.49557e-07 -1.59028e-15 -7.28875 -19.8539 -8.31524 -9.64798 -10.6723 -6.18679 -0.0382544 0.592645 -0.00265244 7.46027 -23.6991 2.05993 0.325187 12.1501 -0.162873 -0.0134475 -12.568 -2.00466 0.000518567 -2.02708 0.00112929 52.651 -14.7092 9.04806 -16.0566 4.77762 1.40415 -0.0716847 -33.2626 -4.26391 0.00294975 1.43843 0.0037506
2189.2 2564.99 930.594 75.056 19.0673 5.339 -0.0347289 -2.07879 -3.5219 0.0054073 4.09205 0.200477 4.32017 12.5341 4.13429 9.66674 22.3166 1.25334 8.10162 13.5984 4.46445 0.00804859 -0.103565 0.000736332 17.2085 -0.0213201 -9.34118 23.2144 -62.093 -29.7132 39.0183 -5.6125 2.44218 0.0189334 0.107377 -1.77413e-05 -1.32853e-08 -7.53448e-08 -1.74931e-14 -34.2171 -4.40386 -7.62443 1.7473 -69.3199 58.7293 -24.7231 -7.66645 -0.312294 -0.0190027 0.10777 1.78715e-05 3.77579e-08 -2.14135e-07 -3.18055e-15 -7.99404 -20.455 -10.1546 -10.5079 -10.9661 -7.57262 -0.0371337 0.453358 0.00537866 7.25462 -24.3376 0.825961 2.1825 11.94 -0.537023 -0.0106503 -11.071 -2.00359 0.000647777 -2.01025 0.000838914 55.7304 -15.0779 8.97403 -17.3088 4.57219 1.43652 -0.114317 -36.1307 -4.26285 0.00471365 1.594 0.00462436
2189.37 2565.54 929.929 72.884 19.2217 6.716 -0.0310774 -2.07649 -3.59709 0.00434492 4.03335 0.202373 4.27341 12.5031 4.37742 9.49921 22.2535 1.5906 8.10242 13.5288 4.66638 0.0106911 -0.0964298 0.00129456 17.5838 -0.0374923 -5.5111 11.5225 -64.5006 -44.5042 38.9621 -5.8452 2.13501 0.028156 0.15968 -3.92346e-05 -9.69496e-08 -5.49829e-07 4.77083e-15 -33.0278 -4.49456 -9.19241 19.6785 -70.7168 76.4248 -23.2109 -7.18191 -0.433438 -0.0117778 0.0667954 6.86531e-06 1.40125e-08 -7.94691e-08 3.18055e-15 -7.94047 -20.8543 -10.9487 -10.4307 -11.1748 -8.14025 -0.024017 0.275255 0.0041222 6.6146 -25.1761 -0.559543 4.75913 12.2617 -1.09907 -0.00845874 -10.6526 -1.9866 0.000524799 -1.98169 -0.000188879 57.4751 -15.5753 8.60798 -17.6255 4.27822 1.35762 -0.075526 -38.6167 -4.15273 0.0037161 1.74004 0.00279279
2189.08 2566.15 929.519 70.849 19.3887 7.704 -0.0175644 -2.05391 -3.71029 0.00117113 3.95234 0.185232 4.20414 12.4534 4.64841 9.34482 22.1921 2.00838 8.14905 13.5463 4.82992 0.0078647 -0.137156 0.00142467 18.296 -0.0352498 -2.77023 -0.185192 -66.4121 -58.4737 37.7304 -5.71657 1.78657 0.0276876 0.157024 -3.79401e-05 -1.04737e-07 -5.93995e-07 2.38542e-15 -31.638 -4.53476 -11.0449 31.0075 -69.8674 87.6762 -22.7056 -6.92228 -0.507351 -0.00419792 0.0238076 8.72161e-07 -3.34951e-10 1.89956e-09 7.15625e-15 -7.06775 -21.0684 -10.7189 -9.30316 -11.3316 -7.9127 -0.0156594 0.201444 0.000435018 6.40369 -26.1483 -1.4609 6.96711 12.9579 -1.63285 -0.00358783 -11.2505 -1.96878 0.000215698 -1.96036 -0.00174856 57.7514 -16.056 8.25805 -17.9874 3.98907 1.27414 -0.00168744 -40.4183 -4.02577 0.00294142 1.83178 0.00199703
2188.32 2567.12 929.202 69.677 19.6896 7.992 -0.000537755 -2.01939 -3.85379 -0.000534662 3.85984 0.15699 4.05752 12.3898 4.94104 9.08611 22.1431 2.5027 8.04867 13.5925 5.05635 0.00357101 -0.19525 0.000764965 19.0689 -0.0156831 -1.2034 -11.0215 -67.6808 -70.8338 36.2058 -5.34794 1.65034 0.0198925 0.112816 -1.95843e-05 -4.34868e-08 -2.46626e-07 -9.54166e-15 -30.3038 -4.51483 -12.7369 32.091 -69.0345 88.8756 -22.6458 -6.826 -0.539503 -0.000491524 0.00278757 1.19569e-08 -3.57572e-09 2.02789e-08 7.95139e-16 -5.67613 -21.0073 -9.99152 -7.46709 -11.3252 -7.31504 -0.0117181 0.196964 -0.00035092 6.88824 -27.0374 -1.43281 7.90655 13.6043 -1.91327 0.0064919 -12.2902 -1.94522 0.000119157 -1.96376 -0.0027841 56.7004 -16.3932 8.19457 -19.1397 3.7824 1.27173 0.0108179 -40.996 -4.01918 0.00416225 1.85512 0.00370151
2187.97 2568.33 929.151 69.799 20.1336 7.595 0.00846283 -1.99823 -3.99997 0.000577046 3.77065 0.132285 3.8484 12.3484 5.19096 8.62279 22.1308 2.98633 7.68951 13.6571 5.32635 0.00116127 -0.230464 0.000265985 19.5594 -0.00241197 -0.576144 -19.6917 -68.2308 -80.5621 35.1741 -4.97724 1.70203 0.0105512 0.0598386 -5.50971e-06 -1.24223e-08 -7.04506e-08 -6.36111e-15 -29.1426 -4.46639 -13.6613 25.3211 -69.23 82.4018 -22.4302 -6.75434 -0.61356 0.000708345 -0.00401723 2.48324e-08 -3.15953e-09 1.79186e-08 -9.54166e-15 -4.1829 -20.7647 -9.37136 -5.45743 -11.1937 -6.83541 -0.00630349 0.162689 -0.00154803 7.13456 -27.4787 -0.810156 7.75404 13.7343 -1.88463 0.0145083 -13.0254 -1.9065 0.000370619 -2.00002 -0.00143571 54.6628 -16.5965 8.40274 -20.7324 3.68574 1.34342 0.0139898 -40.1733 -4.03124 0.00412002 1.82488 0.00375495
2188.83 2569.34 929.527 70.936 20.5834 6.906 0.00738625 -2.01188 -4.11864 0.00115458 3.69485 0.121882 3.64503 12.3796 5.32583 8.0069 22.1833 3.31749 7.15745 13.76 5.55622 0.000580039 -0.233009 0.000172725 19.4439 -0.00374492 -0.633682 -24.0386 -68.4884 -85.8309 34.749 -4.70174 1.78369 0.003241 0.0183806 -5.19859e-07 -3.86957e-09 -2.19456e-08 -0 -28.078 -4.42942 -13.3044 13.5011 -70.2085 70.9585 -21.6147 -6.59693 -0.661224 0.00127092 -0.00720773 7.99398e-08 -1.87333e-09 1.06239e-08 -0 -2.91831 -20.6159 -9.1744 -3.75003 -11.1409 -6.70417 -0.00131913 0.092494 -0.00232219 5.58797 -27.272 -0.643428 7.57121 13.1337 -1.69357 0.0168476 -13.1644 -1.84027 0.000475462 -2.05842 0.00209044 51.9634 -16.806 8.5518 -21.2697 3.69485 1.38538 0.0966589 -38.3956 -3.90098 0.000642157 1.76918 -0.000350407
2190.6 2569.96 930.249 72.252 20.9075 6.44 0.00254264 -2.05254 -4.19742 -0.00196305 3.63443 0.128346 3.52257 12.5083 5.31952 7.45641 22.3221 3.37598 6.67444 13.9257 5.70173 0.000942453 -0.211512 0.000191535 18.6237 0.000997736 -1.03694 -23.4647 -69.2247 -86.2562 34.288 -4.40868 1.79765 -0.00146751 -0.00832264 -1.06583e-07 -3.99206e-09 -2.26401e-08 3.18055e-15 -27.0572 -4.42508 -11.7616 -0.414777 -71.3316 57.4243 -20.2713 -6.36119 -0.564369 0.000833855 -0.00472903 3.4412e-08 -1.33708e-09 7.58295e-09 -1.74931e-14 -2.04535 -20.9172 -9.32586 -2.59445 -11.413 -6.82239 0.00112538 0.0367771 -0.00156034 1.63103 -26.6251 -1.67566 8.42883 12.0989 -1.63968 0.01654 -12.988 -1.7302 -9.01911e-06 -2.11647 0.0040825 49.0073 -17.1505 8.3287 -19.6166 3.74773 1.28454 0.186105 -36.4099 -3.71551 -0.00361778 1.7112 -0.00569928
2192.05 2570.15 931.125 73.075 21.1021 6.496 -0.000900532 -2.09457 -4.24903 -0.00954271 3.58797 0.149858 3.48745 12.7214 5.19047 7.1831 22.5739 3.14544 6.41955 14.1713 5.7498 0.00174079 -0.178702 0.000281732 17.336 0.0191245 -1.30714 -20.1867 -70.6835 -84.0251 33.2129 -3.99258 1.69778 -0.00361504 -0.0205019 -6.46778e-07 -3.70248e-09 -2.09977e-08 -1.11319e-14 -26.1771 -4.45165 -9.84745 -12.3486 -72.4556 45.9202 -18.9285 -6.12609 -0.365967 -0.000302 0.00171273 4.51379e-09 -3.22336e-09 1.82806e-08 -7.95139e-15 -1.67745 -21.9541 -9.5356 -2.10736 -12.1764 -6.94382 0.00331152 0.00657006 -0.000464408 -3.41598 -25.9305 -3.60414 10.3029 11.2856 -1.86467 0.0158859 -13.0204 -1.61261 -0.000830682 -2.15392 0.00235994 46.4939 -17.6729 7.78461 -16.2623 3.73956 1.04553 0.190872 -34.5477 -3.63003 -0.00555056 1.65887 -0.00871848
2192.07 2569.81 931.737 73.315 21.21 7.038 -0.00153352 -2.12435 -4.304 -0.0217757 3.55757 0.183166 3.50518 12.9885 4.95978 7.24813 22.9584 2.69547 6.44334 14.5125 5.65203 0.00205456 -0.148672 0.000423083 16.0187 0.0273944 -0.90754 -18.3707 -72.5082 -83.0724 31.6475 -3.48485 1.48349 -0.00232181 -0.0131677 -2.66799e-07 -2.05327e-09 -1.16447e-08 7.95139e-15 -25.5767 -4.49684 -8.52607 -18.4272 -74.3436 40.4658 -17.9119 -5.93339 -0.182261 -0.00149984 0.00850603 1.11332e-07 -5.69717e-09 3.23103e-08 -0 -1.91295 -23.7667 -9.59591 -2.37882 -13.4353 -6.92686 0.0078189 -0.0170715 0.00025246 -7.09926 -25.563 -5.49096 12.0182 11.1724 -2.17683 0.0161911 -13.5115 -1.58377 -0.00144797 -2.16297 -0.000827127 45.2594 -18.3404 7.24107 -13.3247 3.63755 0.833181 0.113124 -32.6523 -3.70206 -0.00453771 1.61295 -0.00732284
2190.52 2568.76 931.948 73.337 21.3028 7.825 0.000279001 -2.14494 -4.38601 -0.0367323 3.55073 0.218771 3.55945 13.2594 4.63156 7.5724 23.4288 2.1285 6.67628 14.9474 5.32251 0.00147632 -0.127797 0.00050392 15.0458 0.0125402 0.294283 -21.8744 -74.1514 -86.9962 30.232 -2.98754 1.28408 -1.68244e-05 -9.54158e-05 -1.40048e-11 6.79815e-10 3.85552e-09 3.97569e-15 -25.1974 -4.55419 -8.02546 -18.0139 -77.3051 41.888 -17.1451 -5.76814 -0.0801468 -0.00260295 0.014762 3.3532e-07 -5.75038e-09 3.26122e-08 1.59028e-15 -2.66841 -26.0862 -9.40458 -3.30684 -15.0163 -6.74905 0.0117836 -0.0360153 9.72404e-05 -7.75951 -25.8091 -6.55447 12.4337 11.7632 -2.32617 0.0186258 -14.2423 -1.67068 -0.00168463 -2.15952 -0.00296087 45.6646 -19.1311 7.00924 -13.0692 3.53776 0.830377 0.013734 -30.72 -3.86946 -0.00215127 1.57738 -0.00344289
2188.16 2567.12 932.148 73.608 21.5095 8.559 0.00357572 -2.16599 -4.49274 -0.0494484 3.57249 0.241307 3.6312 13.4563 4.20315 7.9713 23.8434 1.54204 6.95225 15.3767 4.73 0.000835436 -0.110326 0.000492303 14.4999 -0.00708562 1.83426 -29.2091 -74.9342 -94.2763 29.761 -2.65354 1.22832 0.000148532 0.000842367 -1.09187e-09 2.37726e-09 1.34821e-08 3.18055e-15 -24.788 -4.62266 -7.84877 -13.8704 -80.2269 47.4761 -16.553 -5.63038 -0.0676223 -0.00316761 0.0179644 4.96584e-07 -3.71098e-09 2.10459e-08 -3.18055e-15 -3.55245 -28.355 -8.83367 -4.42203 -16.5709 -6.36246 0.0090107 -0.0191426 -0.000143212 -5.8781 -26.6026 -6.62646 11.4093 12.6287 -2.26743 0.0230974 -14.9802 -1.80946 -0.00149781 -2.16739 -0.00388588 47.541 -19.9975 7.34774 -16.0266 3.56611 1.08935 -0.029992 -28.9925 -3.97432 -0.000290541 1.55563 -5.44421e-05
2185.72 2565.8 932.792 74.247 21.9478 9.06 0.00705077 -2.1961 -4.60806 -0.0561286 3.61576 0.242335 3.69358 13.5108 3.70955 8.27332 24.0424 1.00746 7.10391 15.6045 4.01634 0.000830915 -0.0902493 0.000300563 14.2069 -0.013211 3.09797 -34.0298 -74.7985 -98.8238 30.5059 -2.59364 1.28593 -0.00124936 -0.00708547 -7.72509e-08 1.61468e-09 9.15729e-09 -8.74653e-15 -24.1684 -4.68817 -7.42017 -11.8527 -81.9971 51.1712 -16.2371 -5.55839 -0.091813 -0.00279091 0.015828 3.85496e-07 -9.73631e-10 5.52162e-09 -7.15625e-15 -3.9936 -29.9895 -7.76981 -5.02662 -17.7223 -5.6577 0.00100355 0.050392 0.000643958 -3.70241 -27.5903 -6.25373 9.98074 13.281 -2.14517 0.0292788 -15.5592 -1.95758 -0.000976351 -2.19901 -0.00316414 50.3585 -20.8094 8.38394 -20.7088 3.76873 1.52555 -0.0012075 -27.66 -3.93929 0.00034568 1.54986 0.00163628
2183.64 2565.78 934.071 75.027 22.6033 9.28 0.0087581 -2.24285 -4.72719 -0.0573567 3.66483 0.228935 3.70999 13.4116 3.24575 8.39492 23.9763 0.6125 7.04272 15.4887 3.42556 0.00137431 -0.0737676 -3.0105e-05 13.9816 -0.00980285 3.67159 -33.2787 -74.2628 -97.9422 32.0053 -2.78728 1.40202 -0.00198357 -0.0112494 -1.94726e-07 4.64043e-10 2.63155e-09 3.97569e-15 -23.3704 -4.7221 -6.62545 -14.5349 -82.4123 50.0429 -16.3205 -5.584 -0.0899222 -0.00207184 0.01175 2.12443e-07 4.31773e-10 -2.44874e-09 1.59028e-15 -3.64696 -30.5868 -6.29142 -4.67041 -18.1816 -4.61241 -0.00368753 0.120778 0.000200652 -3.61598 -28.4166 -6.33651 9.55328 13.4462 -2.13485 0.0353998 -15.5989 -2.15557 -0.000530639 -2.25521 -0.00045734 53.3155 -21.3684 9.92174 -24.9578 4.06697 1.96553 0.0480705 -26.704 -3.83585 0.000148714 1.55965 0.00183354
2182.2 2567.12 935.608 75.621 23.2676 9.287 0.0049333 -2.31404 -4.86085 -0.0567558 3.70856 0.218357 3.65831 13.2186 2.92304 8.33718 23.7351 0.43592 6.81501 15.0786 3.12343 0.00200685 -0.0727818 -0.000140706 13.8078 -0.00755838 3.59469 -29.2793 -73.4855 -94.1662 33.5909 -3.13468 1.56043 -0.00178109 -0.0101011 -1.57e-07 2.41907e-10 1.37186e-09 -3.97569e-15 -22.6312 -4.70842 -5.8891 -14.3599 -82.0974 51.3087 -16.5778 -5.65534 -0.0442126 -0.00172586 0.00978785 1.47415e-07 -4.86848e-11 2.75937e-10 3.97569e-15 -2.66116 -30.0078 -4.77032 -3.48445 -17.817 -3.46996 -0.00256222 0.117867 -0.00209545 -6.51227 -28.7719 -7.4463 10.8774 13.0497 -2.34436 0.0415372 -14.5335 -2.43937 -0.000389732 -2.31621 0.00135887 55.6053 -21.5344 11.4016 -27.5381 4.26083 2.22759 0.0649641 -25.8372 -3.77121 -0.000346924 1.57579 0.000914035
2181.58 2569.08 936.438 75.724 23.629 9.213 -0.00315065 -2.40474 -5.01998 -0.0568703 3.74764 0.224966 3.57173 13.0242 2.81607 8.20724 23.4737 0.489755 6.59649 14.5926 3.1265 0.00230311 -0.090284 -0.000111611 13.914 -0.0056197 3.40946 -26.7478 -72.3559 -92.0229 34.8342 -3.54814 1.7165 -0.0016315 -0.00925268 -1.31735e-07 1.74358e-10 9.88785e-10 -7.15625e-15 -22.261 -4.66364 -5.66081 -6.43106 -81.8208 59.6567 -16.5077 -5.6609 0.0239523 -0.00159336 0.0090364 1.25648e-07 -6.35914e-10 3.60633e-09 7.95139e-16 -1.55709 -28.4727 -3.6629 -2.08841 -16.7669 -2.61837 8.15702e-05 0.0473344 -0.00238454 -11.4227 -28.4532 -9.37683 13.7822 12.3161 -2.82134 0.0468951 -12.2056 -2.70095 -8.22283e-05 -2.34985 -6.79066e-05 56.4714 -21.3499 12.1023 -28.3666 4.09394 2.20723 0.0558924 -24.6742 -3.7573 -0.00099545 1.58393 -0.000470405
2182.02 2570.78 935.822 75.343 23.5054 9.061 -0.0104581 -2.49461 -5.1909 -0.0571291 3.79429 0.248664 3.50125 12.9048 2.93774 8.11988 23.327 0.720447 6.54955 14.2858 3.33693 0.00233767 -0.115321 -0.000344198 14.6298 0.00320276 3.56805 -28.082 -70.9476 -93.3433 35.7784 -3.97673 1.83749 -0.00176123 -0.00998841 -1.53518e-07 5.20625e-11 2.95308e-10 7.95139e-15 -22.364 -4.61478 -6.19299 4.77256 -81.4744 70.7022 -15.9904 -5.5573 0.0541694 -0.00126737 0.00718762 7.94944e-08 -1.10867e-09 6.28768e-09 1.59028e-15 -0.865834 -26.5595 -3.1232 -1.17674 -15.4478 -2.21995 0.00158878 -0.0177214 -0.000779364 -16.3029 -27.5534 -11.1796 17.3435 11.6325 -3.4853 0.0349344 -9.46386 -2.79074 0.000626822 -2.33901 -0.00161355 55.6341 -20.8385 11.7351 -27.6884 3.40371 1.87113 0.0591953 -22.96 -3.73093 -0.00165131 1.57182 -0.00126615
2183.52 2571.78 933.851 74.749 22.9984 8.758 -0.014181 -2.5699 -5.33338 -0.0565896 3.86171 0.277414 3.49251 12.8884 3.24693 8.14456 23.3272 1.03205 6.72906 14.2835 3.66017 0.00310929 -0.128646 -0.000734517 15.9636 0.0174546 4.04136 -32.0123 -69.4453 -96.4495 36.6714 -4.3612 1.93992 -0.00156175 -0.00885715 -1.20713e-07 -2.41722e-11 -1.36956e-10 -0 -22.7573 -4.58017 -7.51703 11.476 -80.8917 77.1259 -15.3881 -5.40584 0.0153115 -0.00107547 0.00609932 5.72439e-08 -1.28705e-09 7.29926e-09 -6.36111e-15 -0.790728 -24.9955 -3.01216 -1.0551 -14.3721 -2.15995 0.00187464 -0.0441022 -0.000121231 -19.1562 -26.6213 -11.8933 20.2888 11.3259 -4.11646 0.00256874 -7.68786 -2.76547 0.00119336 -2.29345 -0.00054713 53.501 -20.0262 10.6796 -25.5837 2.32589 1.28143 0.0827214 -20.6859 -3.65997 -0.00218595 1.53561 -0.00177822
2185.6 2571.98 931.549 74.105 22.4131 8.371 -0.0122501 -2.64175 -5.41508 -0.0558465 3.94453 0.297073 3.60155 12.9561 3.6692 8.34825 23.4068 1.35113 7.09996 14.5039 4.06429 0.00537448 -0.124936 -0.000927719 17.4073 0.0223628 4.4164 -36.3825 -68.1452 -99.395 37.4682 -4.64312 2.02942 -0.000879233 -0.00498638 -3.82593e-08 -6.43267e-11 -3.64981e-10 -1.19271e-15 -23.1988 -4.57418 -9.27493 11.0637 -80.2934 76.7653 -15.0195 -5.28093 -0.0579085 -0.00128382 0.00728093 8.15718e-08 -1.01479e-09 5.75518e-09 3.97569e-15 -1.2044 -24.2355 -3.19469 -1.58496 -13.8476 -2.31272 0.00144236 -0.0417713 -0.000143486 -19.069 -26.2394 -11.3401 21.4113 11.574 -4.47326 -0.0122317 -7.75117 -2.7097 0.00126128 -2.245 0.00100524 50.6422 -19.2434 9.4774 -22.0781 1.33228 0.66113 0.0884639 -18.3554 -3.61892 -0.00250003 1.47804 -0.00270772
2187.61 2571.49 930.329 73.265 22.0311 8.138 -0.00964004 -2.73602 -5.4344 -0.055424 4.01799 0.295679 3.84563 13.0674 4.15033 8.70145 23.4526 1.69822 7.54985 14.7614 4.55427 0.00796167 -0.122543 -0.00084975 18.1913 0.0112921 4.21406 -39.6686 -67.4478 -101.578 37.7994 -4.81772 2.05775 0.000175225 0.000993753 -1.51959e-09 -1.00652e-10 -5.70679e-10 -1.74931e-14 -23.587 -4.60515 -10.9779 7.83175 -79.7433 73.8108 -14.8728 -5.19992 -0.131145 -0.00128051 0.00726214 8.11512e-08 -5.77e-10 3.27232e-09 -1.35174e-14 -1.78214 -24.2417 -3.6052 -2.34233 -13.8425 -2.63141 0.000840606 -0.0269975 -0.000120021 -16.4052 -26.553 -10.0445 20.1016 12.3346 -4.42109 0.0174325 -9.44434 -2.51411 0.00146426 -2.22408 0.00204989 47.3962 -18.9827 8.3123 -17.4302 0.911873 0.235108 0.0515319 -16.8444 -3.69275 -0.00228692 1.39773 -0.00237751
2188.63 2570.72 930.784 71.892 21.9564 8.332 -0.0164559 -2.86267 -5.41989 -0.0544005 4.05959 0.269618 4.15919 13.1503 4.67656 9.06469 23.36 2.14373 7.92146 14.8883 5.14578 0.0103812 -0.125894 -0.000804062 17.8054 0.0118683 3.34585 -41.3131 -67.5012 -103.534 37.3509 -4.94157 1.95843 0.00223493 0.0126749 -2.47204e-07 -1.69256e-10 -9.59943e-10 -5.56597e-15 -23.9445 -4.66882 -12.3701 8.07025 -79.1608 73.9395 -14.8081 -5.15084 -0.196994 -0.000477482 0.00270793 1.12835e-08 1.75134e-10 -9.93267e-10 -8.74653e-15 -2.14585 -24.7054 -4.17519 -2.82236 -14.1514 -3.07377 0.000411655 -0.0133064 -6.59083e-05 -12.4556 -27.4225 -8.80149 17.0519 13.3911 -4.03502 0.0686528 -11.7321 -2.18393 0.00190964 -2.23474 0.00379431 43.9597 -19.4974 7.01888 -12.352 1.19488 0.0418463 0.00620337 -16.5727 -3.80637 -0.00126654 1.28991 0.00143502
2187.95 2570.05 932.668 69.846 22.125 9.058 -0.031368 -2.99808 -5.40895 -0.0522281 4.04563 0.226776 4.4165 13.1399 5.23186 9.31223 23.1268 2.67982 8.1154 14.8153 5.8053 0.0135509 -0.124886 -1.77238e-05 16.348 0.0429715 2.07305 -41.1251 -68.1004 -105.425 36.2923 -5.07227 1.76515 0.00467526 0.0265147 -1.08179e-06 -6.498e-10 -3.6851e-09 -3.57812e-15 -24.2147 -4.74026 -13.4544 14.2014 -78.3037 79.1656 -14.9741 -5.14721 -0.27634 0.00106437 -0.00603635 5.6068e-08 1.16005e-09 -6.57897e-09 -0 -2.07422 -25.4279 -4.75122 -2.7356 -14.6518 -3.51265 0.000325229 -0.00784268 -1.2296e-05 -8.86351 -28.6366 -8.30849 14.1241 14.4112 -3.6125 0.111662 -13.4709 -1.9011 0.00188854 -2.25925 0.00536153 40.6135 -20.5984 5.43651 -7.77305 1.88649 -0.0112399 -0.0181468 -17.0975 -3.86458 0.000206696 1.15752 0.00749819
2185.73 2569.8 935.346 67.376 22.409 10.16 -0.0406254 -3.1015 -5.42394 -0.0507817 3.9244 0.181691 4.51668 13.0232 5.76904 9.41844 22.861 3.18449 8.16126 14.6 6.42979 0.0151303 -0.139991 0.00227665 14.4073 0.0704237 0.684516 -38.6187 -68.8676 -106.07 35.3863 -5.27456 1.60701 0.00672141 0.038119 -2.23589e-06 -4.54921e-09 -2.57999e-08 -1.59028e-15 -24.1831 -4.80361 -14.2561 23.0572 -76.8504 86.5908 -15.6691 -5.20563 -0.377404 0.00271042 -0.0153716 3.63582e-07 2.07289e-09 -1.1756e-08 1.19271e-14 -1.55759 -26.3296 -5.1343 -2.07089 -15.2927 -3.76845 0.000666337 -0.0117702 -1.37447e-05 -6.58287 -29.9913 -8.73252 13.196 15.127 -3.5561 0.141517 -13.7884 -1.77403 0.00131421 -2.28194 0.0054502 37.7134 -21.8232 3.69208 -4.28513 2.47347 -0.00950178 -0.0294314 -17.5332 -3.87513 0.00146005 1.02 0.0111079
2182.82 2570.15 938.017 64.95 22.6978 11.321 -0.0346669 -3.14275 -5.47113 -0.053606 3.62739 0.142707 4.49453 12.8554 6.18834 9.51306 22.7107 3.49609 8.2107 14.3866 6.88199 0.0104717 -0.211416 0.00348988 12.7258 0.0533388 -0.425175 -33.7059 -69.2116 -103.999 35.6952 -5.67226 1.58438 0.00907853 0.0514869 -4.07906e-06 -1.43195e-08 -8.12103e-08 3.97569e-16 -23.7179 -4.87506 -14.4986 29.4578 -75.1685 91.8397 -16.8436 -5.29605 -0.468263 0.00374537 -0.021241 6.94253e-07 2.50842e-09 -1.42261e-08 3.18055e-15 -0.745821 -27.2596 -5.17748 -1.02066 -15.9592 -3.71966 0.00125315 -0.0191007 -4.23191e-05 -5.65504 -31.2612 -9.71725 14.9777 15.4357 -4.10847 0.147902 -12.5289 -1.83891 0.00039741 -2.30426 0.00414092 35.4478 -22.7717 2.11182 -1.69122 2.57489 -0.000532131 -0.0291125 -17.48 -3.82459 0.00179163 0.90675 0.00944742
2180.48 2571.29 940.136 62.794 22.8603 12.281 -0.016787 -3.11087 -5.54929 -0.062933 3.12763 0.105554 4.5202 12.7645 6.39569 9.78597 22.7783 3.54006 8.454 14.3161 7.07572 -0.000376573 -0.345082 0.00132591 11.7945 0.000862081 -0.654199 -27.7875 -68.4615 -99.5158 37.9094 -6.34703 1.75157 0.0104772 0.0594189 -5.43269e-06 -2.49307e-08 -1.41389e-07 8.34896e-15 -22.9057 -4.97319 -13.7061 31.0345 -74.234 93.2658 -17.9891 -5.34967 -0.517679 0.00365225 -0.020713 6.60162e-07 2.10945e-09 -1.19634e-08 -2.38542e-15 0.142002 -27.9731 -4.75292 0.125691 -16.4701 -3.30518 0.00140767 -0.0169953 0.000233979 -5.76634 -32.1736 -10.8268 18.5765 15.3703 -5.10147 0.115482 -10.4434 -2.12964 -0.000537727 -2.33803 0.0023709 33.4795 -23.1893 0.792617 1.15568 2.12715 -0.00812328 -0.01657 -17.3966 -3.71785 0.00131852 0.839057 0.00620246
2179.6 2573.41 941.438 60.76 22.7516 12.939 0.00282557 -3.01591 -5.65652 -0.0742952 2.50626 0.0589241 4.78246 12.8622 6.39011 10.3618 23.051 3.36228 9.00676 14.4357 7.02964 -0.0110455 -0.497285 -0.00178627 11.6198 -0.0433175 0.499023 -23.4918 -66.2657 -95.1375 41.8804 -7.21985 2.15464 0.00869177 0.0492935 -3.73891e-06 -3.13105e-08 -1.77571e-07 7.95139e-15 -21.9435 -5.09434 -11.6685 28.0222 -74.6413 91.3428 -18.4345 -5.30411 -0.510889 0.00191694 -0.0108715 1.81863e-07 1.16999e-09 -6.63539e-09 1.59028e-15 0.88393 -28.2971 -3.80818 1.08455 -16.7023 -2.5468 0.000669557 -0.00122425 0.000565473 -6.35571 -32.6066 -11.7338 21.8706 15.2181 -6.02004 0.125112 -8.98871 -2.28119 0.00121096 -2.39427 0.00343263 31.4188 -22.9026 -0.378064 5.33164 1.21631 0.0204412 -0.00927724 -17.8217 -3.62548 0.00100265 0.822138 0.00550397
2180.16 2576 942.163 58.696 22.3263 13.344 0.0154878 -2.88404 -5.79229 -0.0783095 1.93585 -0.00825517 5.35526 13.1715 6.2659 11.3096 23.4595 3.03876 9.89013 14.7346 6.83931 -0.0139511 -0.606437 -0.00280857 11.7822 -0.0509736 2.96244 -21.968 -63.0209 -92.6342 46.7293 -8.09932 2.75242 0.00527723 0.0299287 -1.37829e-06 -1.82564e-08 -1.03537e-07 -1.86858e-14 -21.0712 -5.20793 -8.70007 20.8189 -76.2531 86.3308 -17.8674 -5.15192 -0.447186 -0.00128582 0.00729225 8.18257e-08 5.79373e-10 -3.28575e-09 -7.15625e-15 1.2583 -28.4541 -2.52077 1.59352 -16.8153 -1.59969 -0.000225332 0.0157787 0.000363775 -6.97003 -32.6017 -12.4135 22.4651 15.3775 -6.26263 0.379065 -9.86847 -1.40748 0.00988763 -2.48486 0.00905395 29.4439 -21.9773 -1.42175 10.5627 0.0806535 0.165312 -0.0158003 -18.7178 -3.55758 0.00106921 0.845316 0.00595495
2181.62 2577.86 942.983 56.7 21.6895 13.606 0.0169848 -2.74997 -5.95409 -0.0724019 1.55447 -0.09309 6.13693 13.6218 6.16495 12.5954 23.9452 2.63651 11.0194 15.1919 6.63765 -0.00671038 -0.639505 -0.00230933 11.719 -0.0400577 5.9682 -21.8997 -59.7075 -91.5113 51.2666 -8.80717 3.38901 0.00468342 0.026561 -1.08556e-06 1.94824e-09 1.10489e-08 -8.34896e-15 -20.4859 -5.29197 -5.47916 6.96732 -78.338 75.3824 -16.4863 -4.92611 -0.38128 -0.00409821 0.0232421 8.31224e-07 -5.17493e-09 2.93484e-08 -6.36111e-15 1.14179 -28.9038 -1.29284 1.48413 -17.1355 -0.727039 -0.000464995 0.0187635 -5.89504e-05 -7.42368 -32.2676 -13.0322 18.8846 16.007 -5.37566 0.943994 -13.816 0.582478 0.0208903 -2.61113 0.0113171 27.7672 -20.7113 -2.40879 15.5197 -0.973373 0.442279 -0.0297426 -19.3684 -3.51224 0.00102152 0.889216 0.00417946
2183.51 2577.96 944.188 55.118 21.0117 13.796 0.00982667 -2.64867 -6.13686 -0.0632643 1.37905 -0.17878 6.90951 14.0721 6.17402 14.0218 24.4587 2.21588 12.1962 15.8065 6.48921 0.00423577 -0.623553 -0.00235963 11.166 -0.037262 8.69701 -21.7694 -57.218 -90.8439 54.5672 -9.26913 3.9168 0.00942466 0.0534499 -4.39603e-06 2.59941e-08 1.4742e-07 6.36111e-15 -20.2853 -5.36715 -2.71579 -18.9864 -79.1468 52.4606 -14.8159 -4.69323 -0.354499 -0.00494154 0.0280248 1.20852e-06 -4.64105e-08 2.63207e-07 7.95139e-16 0.471817 -29.8961 -0.562807 0.643268 -17.8322 -0.231806 -0.000374242 0.00973736 2.96414e-05 -7.42652 -31.7894 -13.528 11.5835 16.8345 -3.35714 1.46095 -19.8611 2.06789 0.023013 -2.74159 0.00877721 26.315 -19.3589 -3.47884 18.9408 -1.89775 0.833143 -0.0643642 -18.8369 -3.59864 0.000676908 0.93493 0.000584541
2185.71 2576.07 945.571 54.309 20.4257 13.901 0.00200088 -2.59386 -6.32362 -0.0579888 1.32001 -0.245983 7.44681 14.398 6.28328 15.2435 24.9396 1.87157 13.1419 16.5188 6.38835 0.00874604 -0.623248 -0.00254908 10.4007 -0.032102 10.8048 -21.19 -55.9265 -90.5323 56.088 -9.51637 4.26385 0.0194422 0.110262 -1.87076e-05 8.16894e-08 4.63284e-07 1.80894e-14 -20.4775 -5.46513 -0.964784 -47.011 -75.946 26.8143 -13.6956 -4.6105 -0.234347 -0.00386453 0.0219168 7.39133e-07 -1.04609e-07 5.93267e-07 3.18055e-15 -0.814707 -31.2643 -0.640236 -1.00162 -18.7743 -0.361483 -0.000134829 0.00369429 0.00101437 -6.83853 -31.2923 -13.6667 3.31914 17.3725 -0.942381 1.4029 -25.6163 1.55238 0.0151095 -2.83262 0.00756988 24.8631 -18.0653 -4.63965 20.4053 -2.76438 1.26843 -0.119106 -16.7284 -3.82599 0.000258905 0.96777 -0.00175401
2188.18 2573.25 946.84 54.318 20.0221 13.871 -0.0012426 -2.57316 -6.48199 -0.0568601 1.25571 -0.272014 7.61367 14.5464 6.45469 15.8773 25.2927 1.76736 13.5702 17.1138 6.38185 0.00372543 -0.674794 -8.52945e-05 10.1432 0.00143656 12.1743 -20.7081 -55.7068 -91.0623 55.6341 -9.73225 4.31291 0.0365365 0.207208 -6.60663e-05 2.11772e-07 1.20102e-06 -1.73937e-14 -20.8559 -5.58927 -0.505807 -59.965 -69.2357 14.9545 -14.194 -4.87003 0.0145698 0.000263235 -0.00149288 3.42937e-09 -3.82263e-08 2.16792e-07 -8.74653e-15 -2.64753 -32.4827 -1.65657 -3.31337 -19.584 -1.21606 0.000485371 0.000208671 0.00172205 -5.86799 -30.8716 -13.3133 -2.84934 17.5845 0.898222 0.861456 -29.0296 -0.173193 0.00500916 -2.8764 0.00249064 23.3116 -16.962 -5.66647 20.408 -3.56629 1.62248 -0.146013 -13.6557 -3.9728 2.08464e-05 0.987414 -0.00173852
2190.45 2571.03 947.935 54.885 19.8699 13.698 0.000289224 -2.56087 -6.5927 -0.0573779 1.12127 -0.240328 7.43281 14.5292 6.66082 15.7338 25.4314 2.03276 13.3543 17.3738 6.54347 -0.00439474 -0.751799 0.00411164 11.0642 0.0555803 12.638 -20.8786 -56.1986 -92.52 53.5856 -10.0324 4.03621 0.0498162 0.282519 -0.000122819 3.08782e-07 1.75119e-06 -1.22253e-14 -21.1333 -5.7313 -1.23636 -61.3958 -62.2555 13.3663 -16.9769 -5.50225 -0.0640185 0.00755121 -0.042825 2.82203e-06 3.98103e-08 -2.25775e-07 6.36111e-15 -4.69575 -33.0986 -3.41477 -5.86016 -19.9427 -2.6095 0.00165447 -0.0148866 0.000798302 -5.03121 -30.635 -12.6778 -6.13111 17.8103 1.88794 0.386516 -30.0775 -1.51978 -0.0021816 -2.8853 -0.00503358 22.0674 -16.2863 -6.19452 19.693 -4.14266 1.77967 -0.118308 -11.1892 -3.92897 -6.16903e-05 1.00504 -0.000393029
2191.68 2570.35 949.006 55.739 20.0316 13.416 0.00492096 -2.54084 -6.66861 -0.058102 0.927955 -0.16955 7.04919 14.4067 6.88551 14.9473 25.3241 2.61728 12.6188 17.2335 6.86316 -0.00898406 -0.803236 0.00570034 13.2135 0.0919991 12.0061 -21.4137 -56.9584 -94.0382 51.0222 -10.3515 3.65679 0.0405937 0.230217 -8.15536e-05 1.40298e-07 7.95671e-07 1.59028e-15 -21.1767 -5.88354 -2.66976 -56.7127 -57.347 17.1157 -21.7609 -6.30201 -0.796711 0.0147964 -0.0839145 1.08353e-05 -2.85447e-08 1.61885e-07 -1.35174e-14 -6.3795 -33.005 -5.33082 -7.95592 -19.7919 -4.0603 0.00245505 -0.0292299 -0.00103306 -5.08431 -30.6519 -12.2651 -7.87436 18.2335 2.44824 0.208032 -30.272 -2.01133 -0.00594967 -2.85983 -0.0112249 21.5222 -16.307 -6.04211 18.8591 -4.21334 1.70009 -0.0712737 -10.8239 -3.86031 -4.88745e-05 1.02705 0.000598098
2191.39 2571.08 949.864 56.722 20.4834 13.114 0.00954042 -2.53524 -6.7425 -0.0579932 0.729098 -0.128266 6.63011 14.2423 7.08655 13.8843 25.013 3.28203 11.6952 16.8195 7.18948 -0.00798058 -0.791076 0.00406559 15.8331 0.082607 10.5277 -21.1476 -57.5033 -94.2669 49.2797 -10.6816 3.42247 0.0160985 0.0912991 -1.28262e-05 3.78004e-08 2.14377e-07 8.74653e-15 -21.0039 -6.0305 -4.07255 -48.9923 -54.7502 23.5187 -27.6381 -7.06835 -1.75097 0.016826 -0.0954248 1.40117e-05 -8.1392e-08 4.61597e-07 7.95139e-15 -7.17522 -32.344 -6.72687 -8.99333 -19.2693 -5.06062 0.00218929 -0.0164562 -0.000965628 -6.30025 -30.9287 -12.454 -9.86807 18.8022 3.16544 0.239684 -31.2931 -1.93015 -0.00689543 -2.80962 -0.0132078 21.5288 -17.0149 -5.42906 18.3504 -3.71486 1.45934 -0.0461346 -12.8335 -3.86479 -0.000141606 1.0466 -0.000218615
2189.85 2572.12 949.963 57.843 21.0874 12.918 0.0131958 -2.59038 -6.83782 -0.0574498 0.575115 -0.197574 6.28851 14.0748 7.17014 12.9287 24.6065 3.72106 10.9378 16.3652 7.31673 -0.00312747 -0.709069 0.0028352 17.7213 0.0394819 8.99978 -19.0011 -57.6288 -92.4806 48.7896 -11.0149 3.3688 -0.00172628 -0.00979024 -1.47487e-07 1.42596e-09 8.08694e-09 -8.74653e-15 -20.7699 -6.1493 -4.74168 -40.8906 -53.2858 30.0795 -33.721 -7.79023 -2.37526 0.00688569 -0.0390507 2.34652e-06 -1.15793e-07 6.56697e-07 -2.38542e-15 -6.9577 -31.2621 -7.22519 -8.82186 -18.5033 -5.37601 0.00302238 0.0136976 0.000163546 -8.17909 -31.3033 -13.2181 -12.7269 19.2593 4.23446 0.300697 -33.7334 -1.76718 -0.00443089 -2.77025 -0.00894112 21.7907 -18.1704 -4.78149 17.9946 -2.83581 1.14145 -0.0373952 -16.129 -3.83131 -0.000467035 1.05015 -0.00211799
2187.93 2572.13 948.952 59.288 21.7017 12.893 0.0196616 -2.73465 -6.94832 -0.0586193 0.474177 -0.397469 6.03281 13.915 7.04571 12.2961 24.2037 3.71542 10.4979 16.0298 7.13828 0.00265874 -0.581485 0.00354975 18.025 -0.00657012 8.09747 -15.1539 -57.4896 -89.3865 48.8094 -11.2096 3.43094 -0.00857084 -0.0486077 -3.6356e-06 -7.74327e-09 -4.39142e-08 -7.15625e-15 -20.5961 -6.21993 -4.31928 -34.6779 -51.7212 34.6379 -39.5821 -8.49851 -2.70019 -0.0122317 0.0693692 7.40457e-06 -6.51308e-08 3.69375e-07 1.19271e-14 -5.93711 -29.7387 -6.93036 -7.66228 -17.4756 -5.12299 0.00647324 0.0268622 -9.76734e-06 -10.1738 -31.4411 -14.2881 -15.743 19.2351 5.30239 0.244676 -36.8223 -1.83574 -0.000662774 -2.79044 -0.00118424 22.1541 -19.5253 -4.40456 16.9425 -1.802 0.775417 -0.0237946 -19.0427 -3.73387 -0.000759168 1.03766 -0.00293312
2186.58 2570.32 946.947 61.161 22.2128 13.059 0.0273146 -2.94278 -7.04223 -0.0614143 0.387571 -0.665997 5.82975 13.7579 6.66368 11.9898 23.8649 3.2495 10.324 15.8414 6.6682 0.00741795 -0.450562 0.00360689 16.8006 -0.0360704 7.96129 -10.9093 -57.5638 -86.4396 48.1856 -11.1563 3.46174 -0.0112149 -0.0636028 -6.22471e-06 -2.3805e-09 -1.35007e-08 -0 -20.4389 -6.23664 -2.96164 -31.2133 -49.6719 36.5133 -44.9137 -9.1048 -3.06257 -0.0236477 0.134112 2.7676e-05 -7.75224e-08 4.39651e-07 6.36111e-15 -4.54914 -27.7828 -6.32119 -6.0022 -16.1707 -4.66909 0.00935506 0.0143545 -0.000196197 -12.1778 -30.9788 -15.5159 -18.097 18.4442 5.90918 0.118471 -39.2803 -2.00441 0.00114578 -2.90137 0.00465627 22.5274 -20.8182 -4.41937 14.5511 -0.941512 0.425594 -0.0249683 -20.3102 -3.74799 -0.000745626 1.02286 -0.00247208
2186.4 2566.77 944.283 63.406 22.5544 13.331 0.0266895 -3.13328 -7.09846 -0.0624655 0.255637 -0.910509 5.68998 13.6058 6.04761 11.9108 23.6253 2.47389 10.2924 15.7524 5.9873 0.0101656 -0.357244 0.00155175 14.9137 -0.0437256 8.19823 -7.99862 -58.3447 -84.8003 46.2417 -10.9082 3.23977 -0.00990377 -0.0561671 -4.85433e-06 1.93577e-09 1.09784e-08 2.38542e-15 -20.1875 -6.20948 -1.30057 -29.6077 -47.544 36.8936 -49.1751 -9.50188 -3.54285 -0.0157485 0.089314 1.22746e-05 -2.7298e-08 1.54815e-07 9.54166e-15 -3.33082 -25.5723 -5.87961 -4.48962 -14.6939 -4.35547 0.00825103 0.00548044 0.000485499 -14.2989 -29.7368 -16.8072 -19.5904 16.8401 5.89862 0.039786 -40.3511 -2.05524 0.000992763 -3.0931 0.00733099 22.5048 -21.7423 -4.86956 11.2892 -0.679519 0.218115 -0.0540658 -19.4834 -3.91577 -0.000408438 1.0107 -0.00164518
2187.59 2562.55 941.06 65.88 22.7102 13.495 0.0127996 -3.23266 -7.13593 -0.060569 0.0373066 -1.07172 5.62327 13.4775 5.30977 11.9523 23.501 1.61935 10.3014 15.7192 5.20008 0.0101488 -0.323407 -0.00116879 13.4005 -0.0298106 8.34055 -7.71101 -59.7484 -84.9842 43.3564 -10.5394 2.78564 -0.00516492 -0.0292917 -1.32025e-06 1.40415e-09 7.96323e-09 -1.51076e-14 -19.9488 -6.16469 -0.216359 -28.3235 -46.1665 37.5989 -51.6944 -9.75392 -3.86789 -0.00197222 0.011185 1.92504e-07 -5.5514e-10 3.14828e-09 -7.95139e-16 -2.63703 -23.3966 -5.77715 -3.59656 -13.2335 -4.27068 0.00356796 0.0219439 0.000659308 -16.1818 -27.9648 -17.7735 -20.328 14.7516 5.40245 0.0509102 -40.228 -1.93612 -0.0012163 -3.3177 0.00340117 21.2811 -22.0205 -5.81181 8.68161 -1.19822 0.220296 -0.0764035 -16.9243 -4.05735 0.000160777 0.986968 -0.000746906
2189.59 2559.13 937.22 68.337 22.6916 13.39 -0.00700597 -3.22708 -7.18177 -0.058317 -0.266118 -1.1529 5.60983 13.413 4.58419 12.0109 23.5164 0.89632 10.3127 15.7297 4.39819 0.00738114 -0.344258 -0.00286636 12.8588 -0.00618389 8.34853 -9.97388 -61.3244 -86.6127 40.3869 -10.0639 2.35271 -0.00134926 -0.00765201 -9.00985e-08 1.09214e-09 6.19381e-09 8.74653e-15 -20.2562 -6.14682 -0.325376 -26.3166 -46.5454 39.6291 -51.7371 -9.93085 -3.7093 -0.00241243 0.0136816 2.8803e-07 8.19258e-09 -4.64625e-08 -1.59028e-15 -2.55382 -21.6067 -5.89182 -3.47445 -12.0171 -4.30477 -0.0011247 0.0453248 0.000151215 -16.931 -26.3491 -17.884 -20.2173 12.8368 4.72767 0.146736 -39.6011 -1.68396 -0.00579537 -3.52071 -0.00924016 18.457 -21.6187 -7.14331 8.02114 -2.17781 0.382077 -0.0658616 -13.7235 -4.07291 0.00083109 0.929605 -7.63145e-05
2191.23 2557.5 933.052 70.72 22.6152 12.936 -0.0190932 -3.15921 -7.24082 -0.0575504 -0.610698 -1.19178 5.58366 13.4391 3.97596 11.9845 23.6652 0.384088 10.3019 15.7858 3.6534 0.0040438 -0.395704 -0.00340285 13.2832 0.00806986 8.44381 -13.7902 -62.7876 -88.8532 37.8709 -9.52245 2.07349 3.35082e-05 0.000190034 -5.55579e-11 -5.2988e-11 -3.00636e-10 3.97569e-15 -21.6474 -6.20258 -1.63035 -23.3243 -49.2697 42.8793 -48.8699 -9.91513 -2.94616 -0.0158512 0.0898967 1.24352e-05 5.72885e-08 -3.24899e-07 6.36111e-15 -2.93978 -20.4414 -6.02638 -3.96537 -11.2065 -4.33213 -0.00301099 0.0527247 1.77562e-06 -16.1415 -25.5017 -16.9511 -19.2208 11.6618 4.20588 0.27572 -39.0541 -1.41904 -0.00927134 -3.6757 -0.0217627 14.6171 -20.9411 -8.39807 9.06855 -2.91791 0.572654 -0.036886 -11.2883 -4.05966 0.000974328 0.828386 0.000113791
2191.43 2557.56 929.39 73.097 22.6638 12.213 -0.0157181 -3.08911 -7.28621 -0.0574845 -0.929119 -1.2166 5.46035 13.5297 3.53945 11.7792 23.8897 0.0743801 10.221 15.8794 3.03838 0.00207095 -0.458901 -0.00315076 14.2494 0.00919913 8.74862 -17.8984 -64.1171 -90.9695 35.9504 -8.99276 1.90803 3.18909e-05 0.000180862 -5.03466e-11 3.10422e-12 1.76394e-11 -9.54166e-15 -24.0334 -6.33638 -3.67225 -19.6672 -54.1775 46.6756 -43.2995 -9.49397 -1.81951 -0.0265082 0.150335 3.47766e-05 1.68166e-07 -9.53715e-07 -1.59028e-14 -3.54578 -19.8858 -6.08746 -4.75734 -10.8025 -4.33376 -0.00284415 0.045083 8.34494e-05 -14.4032 -25.4917 -15.3515 -17.7881 11.3394 3.92251 0.381221 -38.6407 -1.23843 -0.00849701 -3.7801 -0.0240017 10.9979 -20.6599 -9.12255 10.3027 -2.82783 0.632763 -0.0195333 -10.7433 -4.13159 0.000240079 0.695106 0.000357813
2189.82 2558.42 927.132 75.422 22.9506 11.444 -0.00345836 -3.04134 -7.28184 -0.0578309 -1.17042 -1.23968 5.22416 13.6149 3.2915 11.3606 24.1112 -0.0527456 10.0114 15.9714 2.63764 0.00125345 -0.531504 -0.00199593 15.2212 0.00304885 9.06386 -21.2237 -65.4858 -92.5564 34.4635 -8.52118 1.77722 -0.000666199 -0.0037782 -2.19653e-08 -9.14728e-12 -5.16912e-11 -9.54166e-15 -26.5212 -6.48599 -5.81634 -16.0432 -60.3038 50.3278 -36.0923 -8.61408 -0.834856 -0.0252368 0.143125 3.15207e-05 1.93215e-07 -1.09578e-06 -8.74653e-15 -4.2472 -19.6627 -6.20384 -5.68895 -10.6189 -4.43063 -0.00176912 0.0300266 0.000269942 -12.7744 -25.9797 -13.7718 -16.7763 11.4791 3.77138 0.428988 -37.7652 -1.11544 -0.00407569 -3.85049 -0.0152839 8.56492 -21.1809 -9.25225 10.5194 -1.84223 0.494651 -0.0299117 -12.5423 -4.29799 -0.000752001 0.557093 0.000121193
2187.12 2559.37 926.517 77.665 23.463 10.776 0.00621793 -3.00649 -7.23743 -0.0586006 -1.32009 -1.26729 4.89405 13.6353 3.23294 10.7333 24.2605 0.0108905 9.59258 16.0177 2.50884 -5.63539e-05 -0.61921 0.000159514 15.8622 -0.00480865 8.98427 -23.3589 -67.0454 -93.6979 33.1327 -8.1107 1.64972 -0.00181749 -0.0103075 -1.63484e-07 -1.71496e-11 -9.72936e-11 5.56597e-15 -28.0118 -6.57949 -7.54158 -12.9677 -66.3349 53.602 -28.9 -7.53534 -0.270059 -0.0172249 0.0976873 1.4684e-05 1.14262e-07 -6.4801e-07 3.97569e-15 -5.00357 -19.4282 -6.6461 -6.70452 -10.4148 -4.79506 -0.00100549 0.0206437 0.000527391 -11.6123 -26.6476 -12.5164 -16.6582 11.5265 3.66805 0.499092 -35.5388 -0.707136 0.000776496 -3.91668 -0.00525634 7.29538 -22.3462 -8.9909 9.83122 -0.325569 0.226815 -0.0568674 -16.1854 -4.50075 -0.00116367 0.442583 -0.00119744
2184.48 2560.44 926.997 79.797 24.078 10.251 0.00842823 -2.97111 -7.19996 -0.0592179 -1.39118 -1.30348 4.476 13.5911 3.31413 9.89724 24.3196 0.280505 8.89877 15.9962 2.63144 -0.00210054 -0.709987 0.00227525 16.3392 -0.00124454 8.32939 -24.3725 -68.7759 -94.4729 31.8046 -7.76637 1.52273 -0.00237436 -0.0134657 -2.79012e-07 -2.8132e-11 -1.59725e-10 1.59028e-15 -28.0558 -6.62135 -8.62127 -10.3507 -71.3093 56.7168 -23.0496 -6.58127 -0.074077 -0.00959161 0.0543967 4.55314e-06 3.86299e-08 -2.19081e-07 -1.27222e-14 -5.66455 -19.1148 -7.55716 -7.62015 -10.1355 -5.50049 -0.00132286 0.0164563 0.00118906 -9.96562 -27.3881 -11.1681 -16.833 11.2915 3.48549 0.72395 -31.2103 0.370619 0.00406714 -3.97828 0.00231976 6.40423 -23.698 -8.67047 9.15917 1.2907 -0.080377 -0.0671717 -20.376 -4.63505 -0.00080637 0.370101 -0.00199635
2182.49 2561.97 928.01 81.7898 24.6811 9.864 0.00483736 -2.93177 -7.21138 -0.0596461 -1.40194 -1.34504 3.97325 13.5419 3.43857 8.86753 24.3192 0.6923 7.94058 15.9293 2.89655 -0.00301188 -0.772983 0.00297541 17.3587 0.0029218 7.38917 -24.9771 -70.4816 -94.9745 30.5378 -7.51123 1.4 -0.0017609 -0.00998655 -1.53461e-07 -1.80019e-11 -1.02109e-10 4.77083e-15 -26.9638 -6.67507 -9.1157 -8.12162 -74.9404 59.5613 -18.9746 -5.91543 -0.0616647 -0.00508022 0.0288113 1.2773e-06 7.41977e-09 -4.20797e-08 -1.59028e-15 -5.9542 -19.0756 -8.83682 -8.07236 -10.0264 -6.47513 -0.000581304 -0.0222229 0.00125334 -6.81715 -28.1591 -9.19822 -16.318 10.9226 3.11035 0.929532 -24.8055 1.55527 0.0105047 -3.97099 0.0226795 5.20198 -24.9397 -8.56455 9.19577 2.77508 -0.37968 -0.045143 -23.648 -4.64113 -9.63893e-05 0.346903 -0.000665831
2180.64 2563.88 929.417 83.5352 25.2503 9.646 -0.00271104 -2.88869 -7.27117 -0.0602051 -1.36307 -1.38203 3.41858 13.5493 3.50554 7.71489 24.3007 1.11165 6.85063 15.8858 3.13328 -0.000738171 -0.787633 0.00215622 19.6141 -0.048177 6.68566 -26.1623 -71.9606 -95.3893 29.5584 -7.37247 1.30031 -0.00112012 -0.0063525 -6.20948e-08 -6.49151e-12 -3.6677e-11 5.56597e-15 -25.4075 -6.77257 -9.33851 -5.38605 -77.584 62.7047 -16.4033 -5.53586 -0.0911194 -0.00294862 0.0167224 4.30293e-07 1.63189e-09 -9.25481e-09 -4.77083e-15 -5.62307 -19.7748 -10.1378 -7.67284 -10.4473 -7.48584 0.00563088 -0.102035 0.000525823 -2.46764 -28.8783 -6.76854 -14.8315 10.5501 2.60591 0.808841 -17.5586 1.50631 0.0252679 -3.78893 0.0540165 3.84011 -26.0981 -8.66227 9.74702 4.07208 -0.648103 -0.0140952 -25.1899 -4.59019 0.000617228 0.374641 0.00220975
2177.98 2565.6 931.345 84.8028 25.8192 9.677 -0.0120217 -2.83458 -7.33217 -0.0605086 -1.28517 -1.4042 2.90352 13.6258 3.45043 6.60122 24.3071 1.39675 5.82692 15.9242 3.20668 0.00351195 -0.76991 0.000989314 23.0738 -0.15503 6.58103 -28.1045 -73.1557 -95.6199 29.0898 -7.35631 1.23814 -0.0015501 -0.00879107 -1.18919e-07 -4.01163e-11 -2.27547e-10 5.56597e-15 -23.9835 -6.87559 -9.64461 0.239962 -79.6525 68.3148 -14.9273 -5.37242 -0.135221 -0.00161081 0.00913537 1.28416e-07 4.80222e-10 -2.72351e-09 -2.38542e-15 -4.65798 -21.3506 -11.0324 -6.34735 -11.552 -8.20571 0.0137365 -0.142682 0.00174574 1.55281 -29.545 -4.71893 -13.1288 10.1295 2.16764 0.444679 -11.3503 0.0523171 0.0323304 -3.40257 0.0547783 3.33517 -27.3621 -8.62108 9.90443 5.10693 -0.847109 0.000694506 -25.3128 -4.58351 0.00108876 0.451562 0.00539962
2174.3 2566.7 933.793 85.4614 26.395 9.972 -0.0181533 -2.76516 -7.36185 -0.0599217 -1.18452 -1.40485 2.5379 13.7579 3.27296 5.73308 24.3797 1.47353 4.98471 16.0553 3.12807 0.00570268 -0.756502 0.000446233 26.8529 -0.2146 7.14689 -30.2301 -74.0155 -95.5976 29.2432 -7.44892 1.20785 -0.00224793 -0.0127487 -2.5009e-07 -2.61407e-10 -1.48259e-09 1.11319e-14 -22.9542 -6.93505 -10.119 11.6833 -81.2869 79.4242 -14.1776 -5.34532 -0.17693 -0.000772275 0.00437979 2.9517e-08 -3.07496e-11 1.7431e-10 -3.97569e-15 -3.29092 -23.5653 -11.3035 -4.44895 -13.1727 -8.42768 0.0138156 -0.10118 0.00320377 4.31711 -30.2606 -3.536 -12.295 9.56792 1.95342 0.153145 -7.25733 -1.44661 0.0196244 -2.92361 0.0198851 4.98583 -28.8089 -7.83687 8.62738 5.68951 -0.919457 0.00589017 -24.9334 -4.61135 0.000931052 0.568622 0.00788673
2170.74 2567.13 936.168 85.5066 26.8968 10.484 -0.0174807 -2.69696 -7.38596 -0.0581859 -1.0921 -1.38493 2.41792 13.9369 3.03286 5.29356 24.5434 1.40681 4.36307 16.2514 3.06957 0.00377782 -0.748789 0.00023291 29.7635 -0.167844 8.21772 -31.995 -74.3609 -95.6591 30.0465 -7.63891 1.21175 -0.00220883 -0.0125269 -2.41465e-07 -6.44889e-10 -3.65737e-09 3.18055e-14 -22.4058 -6.94894 -10.6427 29.9873 -82.2257 97.3866 -13.8415 -5.37131 -0.211147 0.000138877 -0.000787613 9.54536e-10 -1.93852e-10 1.09948e-09 7.95139e-16 -1.89803 -26.0079 -11.1897 -2.59274 -14.9519 -8.31218 0.00867274 -0.0466074 0.00163687 6.87893 -30.986 -2.68923 -12.9939 8.89232 2.00504 0.0313839 -5.161 -2.14621 0.00506741 -2.50039 -0.00716142 9.74165 -30.1849 -5.74039 5.06372 5.58219 -0.790554 0.0178403 -24.7883 -4.60916 0.000184228 0.700525 0.00789545
2169.12 2566.87 937.683 85.0224 27.2071 11.172 -0.0118204 -2.66646 -7.46246 -0.0557679 -1.05514 -1.36649 2.58256 14.163 2.82883 5.33976 24.7927 1.35686 4.0097 16.4867 3.23144 -0.00244832 -0.689499 0.000564336 31.1705 -0.0872984 9.58277 -33.4669 -74.0074 -96.3804 31.4663 -7.91317 1.28427 -0.00176443 -0.0100066 -1.54078e-07 -9.61765e-10 -5.45444e-09 -7.15625e-15 -22.3997 -6.94613 -11.1127 48.4121 -82.3556 115.643 -13.7084 -5.3847 -0.241691 0.00144825 -0.00821344 1.03804e-07 -4.21732e-10 2.39179e-09 4.37326e-15 -0.932198 -28.3341 -11.3681 -1.40141 -16.6084 -8.37762 0.00486409 -0.0247446 3.1348e-05 11.1031 -31.5348 -1.25346 -15.3594 8.28057 2.32354 0.0123138 -4.41431 -2.27764 0.000176999 -2.22515 -0.0111569 17.764 -31.001 -2.22076 -1.15879 4.77258 -0.429663 0.0353355 -25.0851 -4.53919 -7.12707e-05 0.80728 0.00575862
2170.25 2565.7 937.868 84.2664 27.2858 11.979 -0.00611559 -2.69672 -7.61747 -0.0537231 -1.1144 -1.40361 2.93712 14.4121 2.76282 5.70887 25.0743 1.46429 3.98903 16.7554 3.64233 -0.0114743 -0.52206 0.00250214 31.3743 -0.0396744 10.9848 -35.3862 -73.0932 -98.3087 33.2165 -8.21585 1.45889 -0.00156153 -0.00885585 -1.20678e-07 -1.00062e-09 -5.67473e-09 1.66979e-14 -22.8535 -6.92075 -11.5128 60.7159 -82.3659 127.936 -13.5828 -5.35224 -0.261906 0.00234466 -0.0132972 2.72074e-07 -5.85871e-10 3.32276e-09 1.07344e-14 -0.760603 -30.2982 -12.4525 -1.23705 -17.988 -9.09316 -0.00462174 0.0317007 -0.000781673 17.4528 -31.722 1.02821 -19.0329 7.90533 2.8583 0.0219769 -4.41385 -2.29946 -0.000157678 -2.10314 -0.00784669 28.0306 -30.941 2.10921 -9.56543 3.64707 0.0868079 0.0439595 -25.6124 -4.40028 0.000739913 0.858597 0.00406106
2173.2 2563.72 936.855 83.7454 27.2366 12.711 -0.00365119 -2.78208 -7.81015 -0.0535387 -1.27675 -1.54916 3.2648 14.6044 2.86579 6.06073 25.3183 1.74628 4.2751 17.0289 4.07849 -0.0167151 -0.251781 0.0046798 31.1998 -0.0102449 12.1025 -38.4955 -72.0622 -101.572 34.7108 -8.45596 1.68286 -0.00164742 -0.00934298 -1.34319e-07 -7.63944e-10 -4.33242e-09 -3.33958e-14 -23.5184 -6.81766 -11.8633 67.2306 -82.788 134.481 -13.3059 -5.2797 -0.254553 0.00216187 -0.0122606 2.31306e-07 -5.59641e-10 3.17397e-09 -9.64106e-15 -1.47308 -31.5953 -14.4845 -2.10497 -18.8737 -10.5173 -0.0246821 0.150636 -0.00176243 24.0301 -31.473 3.36818 -23.2959 7.6284 3.4058 0.0289667 -4.78751 -2.38603 -0.000726982 -2.07246 -0.00458011 38.3389 -30.2358 6.23009 -18.5254 2.80609 0.677817 0.0401931 -26.0198 -4.19533 0.00178909 0.854571 0.00396879
2176.1 2561.77 935.676 84.0447 27.2729 13.108 -0.00402755 -2.89974 -7.9663 -0.0557474 -1.50492 -1.80329 3.31576 14.671 3.04914 6.04163 25.4986 2.06385 4.62254 17.2529 4.24624 -0.0122786 0.0541501 0.00430945 31.3802 0.0117034 12.8036 -42.8415 -71.2234 -105.723 35.5377 -8.58682 1.84142 -0.00182399 -0.0103443 -1.64654e-07 -6.5147e-10 -3.6946e-09 2.94201e-14 -24.1046 -6.61109 -11.982 71.1898 -83.7418 138.353 -12.7034 -5.17338 -0.203951 0.00125468 -0.00711562 7.79098e-08 -3.06122e-10 1.73609e-09 1.17034e-14 -2.72724 -32.0553 -16.8043 -3.60301 -19.1062 -12.2045 -0.0365023 0.217168 0.000458363 28.3602 -30.9283 4.84426 -27.4203 7.03981 3.66852 0.0330757 -5.17997 -2.53514 -0.00141731 -2.05862 -0.00244133 46.3453 -29.5428 9.46339 -25.8033 2.70668 1.33867 0.0314265 -25.88 -3.9138 0.00212038 0.82606 0.0048425
2177.34 2560.84 935.673 85.3041 27.5505 13.094 -0.0044345 -3.01079 -8.04622 -0.0586814 -1.73726 -2.09501 2.98341 14.6387 3.17065 5.5408 25.6459 2.24145 4.6795 17.4121 4.075 -0.00232493 0.313394 0.00203603 32.0818 0.0116907 13.0924 -47.795 -70.7891 -110.182 35.6845 -8.62033 1.88 -0.00196474 -0.0111426 -1.91046e-07 -8.31973e-10 -4.71828e-09 -1.27222e-14 -24.5323 -6.36118 -11.5155 79.957 -85.0178 146.703 -11.6301 -5.02487 -0.102775 0.000105236 -0.000596822 5.48087e-10 7.21509e-11 -4.09235e-10 -8.03835e-15 -3.96841 -31.9317 -18.5522 -5.11366 -18.8777 -13.5259 -0.0207936 0.152457 0.00402791 29.8417 -30.326 5.38361 -31.0635 5.94338 3.50577 0.0379832 -5.29892 -2.72433 -0.00155819 -2.01781 -0.00376738 50.7283 -29.441 11.6374 -29.8487 3.39369 2.04787 0.0136997 -24.7276 -3.60985 0.00180559 0.811606 0.00618996
2176.4 2561.31 937.492 87.0875 28.0385 12.81 -0.00485354 -3.07471 -8.06798 -0.0598825 -1.91856 -2.33278 2.41492 14.6002 3.12916 4.75731 25.8164 2.20797 4.29307 17.5683 3.72939 0.00436094 0.477353 0.000621 32.9649 0.00404093 12.9204 -52.5115 -71.1163 -114.424 35.3185 -8.58192 1.83392 -0.00198177 -0.0112392 -1.94372e-07 -9.72859e-10 -5.51721e-09 -9.54166e-15 -25.158 -6.16649 -10.3147 104.752 -85.9287 170.47 -10.1478 -4.8346 0.0527316 -0.000857981 0.00486585 3.64321e-08 2.74068e-10 -1.55426e-09 5.96354e-16 -4.91481 -31.7511 -19.3557 -6.28048 -18.626 -14.1707 0.00929888 0.0237016 0.00417699 29.8502 -29.8615 5.63057 -34.182 4.67144 3.0985 0.0420839 -5.12002 -2.88686 -0.00160393 -1.93758 -0.00492892 51.7237 -30.055 12.8776 -30.7321 4.52488 2.70621 -0.0320934 -22.3569 -3.45297 0.00133311 0.824036 0.00610141
2173.9 2562.46 940.647 88.9373 28.5878 12.363 -0.00615531 -3.07408 -8.06645 -0.0576875 -2.02082 -2.47946 1.87513 14.6224 2.92751 4.01957 26.02 2.01584 3.65364 17.7713 3.41173 0.00610819 0.556524 0.000881013 33.6902 0.0107232 12.1635 -56.5497 -72.4262 -117.966 34.6715 -8.50833 1.76601 -0.00168183 -0.00953811 -1.39988e-07 -7.34931e-10 -4.16808e-09 7.95139e-15 -26.5105 -6.10284 -8.6898 139.005 -85.187 -156.922 -8.40064 -4.59816 0.224273 -0.00122745 0.00696119 7.45646e-08 2.31077e-10 -1.31065e-09 1.76918e-14 -5.69077 -31.892 -19.404 -7.22932 -18.6424 -14.2531 0.0278348 -0.0635442 0.00179718 30.2446 -29.6058 6.33875 -36.8561 3.76267 2.82702 0.0413258 -4.70308 -2.97584 -0.00183407 -1.83031 -0.00130569 50.6317 -31.02 13.4746 -30.0568 5.5545 3.18341 -0.0922182 -19.026 -3.52676 0.000870192 0.847093 0.0034121
2170.93 2563.37 943.87 90.8095 29.0913 11.592 -0.0043075 -3.0255 -8.05992 -0.0510529 -2.05076 -2.55393 1.56042 14.6688 2.68724 3.59159 26.1672 1.79405 3.11711 17.9444 3.223 0.00755958 0.624912 0.00281083 34.1218 0.0291287 10.7304 -59.9057 -74.3531 -120.361 34.0781 -8.45993 1.71353 -0.000895546 -0.00507889 -3.96921e-08 -3.2456e-10 -1.84069e-09 1.11319e-14 -28.6948 -6.18056 -7.40383 155.879 -83.2304 -141.716 -6.69322 -4.33321 0.311732 -0.00105462 0.00598107 5.50457e-08 3.66909e-11 -2.08021e-10 7.7526e-15 -6.53343 -32.2585 -19.1425 -8.26223 -18.8369 -14.098 0.02759 -0.0659356 0.000337521 31.8617 -29.3889 7.92936 -39.1384 3.46254 2.91132 0.0344743 -4.19286 -3.0177 -0.0016634 -1.72506 0.00381243 48.5081 -31.8192 13.7651 -29.207 6.06857 3.39001 -0.117766 -15.4109 -3.65973 0.000352272 0.855578 5.96727e-05
2168.5 2564.1 946.301 92.929 29.5296 10.232 0.00499318 -2.96496 -8.05507 -0.0415879 -2.03242 -2.59176 1.49149 14.6385 2.56626 3.51347 26.1566 1.6711 2.90387 17.9508 3.14604 0.0111086 0.728344 0.00451791 34.2487 0.0401332 8.80639 -62.0717 -75.918 -120.817 34.0932 -8.52299 1.71134 0.000406974 0.00230806 -8.19711e-09 -4.53579e-11 -2.57332e-10 1.27222e-14 -31.1226 -6.31965 -7.13827 157.75 -81.9014 -140.778 -5.57971 -4.12819 0.277203 -0.000579953 0.00328908 1.66462e-08 -1.19296e-10 6.76521e-10 1.27222e-14 -7.37201 -32.5054 -18.9094 -9.28979 -18.959 -13.9511 0.0251081 -0.0418082 -0.000385631 34.1544 -28.8382 10.269 -40.9629 3.56096 3.17538 0.023942 -3.80095 -3.05112 -0.000937795 -1.65384 0.0041603 45.5944 -32.1784 13.9506 -27.926 6.10133 3.27159 -0.104733 -12.598 -3.7199 -0.000710076 0.832135 -0.00381929
2166.97 2565.32 948.218 95.3354 29.9176 8.361 0.0195316 -2.91685 -8.06246 -0.035963 -1.98172 -2.61729 1.54498 14.5003 2.6328 3.61275 25.9935 1.69983 2.94309 17.7525 3.14657 0.0138354 0.8017 0.00310796 34.0097 0.0220829 6.744 -62.2409 -76.2445 -118.921 35.2105 -8.75092 1.81977 0.00237015 0.0134418 -2.78022e-07 3.78057e-10 2.14402e-09 8.74653e-15 -32.9883 -6.42189 -8.01186 148.937 -81.8963 -149.526 -5.50169 -4.0933 0.176304 2.1996e-06 -1.24745e-05 2.28205e-13 -1.29423e-10 7.33988e-10 -1.51076e-14 -7.81552 -32.5593 -18.8946 -9.81379 -18.9707 -13.9457 0.0364979 -0.0847026 -0.00217916 36.0614 -27.805 12.743 -42.2168 3.63389 3.2913 0.0113966 -3.54102 -3.07371 -0.000171982 -1.64092 -0.000324236 41.5857 -32.3453 13.8714 -25.1074 6.07979 2.84447 -0.0999572 -11.5467 -3.80741 -0.00217437 0.776294 -0.00868724
2166.1 2567.43 950.204 97.6171 30.2515 6.546 0.0266727 -2.88132 -8.09285 -0.0401892 -1.90354 -2.63464 1.58752 14.3175 2.81441 3.65993 25.7571 1.83679 2.98792 17.4372 3.19993 0.0112081 0.789138 0.000480807 33.2821 -0.0111216 4.72005 -61.1222 -75.3807 -116.272 37.2556 -9.08594 2.06072 0.00475559 0.0269703 -1.11928e-06 4.80363e-09 2.72426e-08 -2.38542e-15 -33.8879 -6.46305 -9.55296 130.106 -82.2236 -167.694 -6.47621 -4.26052 0.0541528 0.000534267 -0.00302998 1.41268e-08 -6.19667e-11 3.51481e-10 6.36111e-15 -7.57157 -32.6408 -19.2733 -9.48432 -19.0362 -14.2171 0.0530713 -0.182581 -0.00257826 36.7247 -26.7035 14.5623 -42.5471 3.49686 3.14582 0.00103562 -3.29651 -3.06608 0.000306905 -1.68838 -0.00467884 36.3351 -32.8951 13.096 -20.4294 6.5434 2.25696 -0.10495 -12.4278 -3.9172 -0.00222444 0.695037 -0.00963911
2165.77 2569.9 952.13 99.2111 30.491 5.447 0.0204139 -2.84916 -8.14133 -0.0498661 -1.81166 -2.64226 1.54296 14.1586 2.97057 3.49555 25.5087 1.98 2.86033 17.121 3.24551 0.0060361 0.75542 -0.000737249 32.1622 -0.0233501 2.57834 -60.3073 -74.2486 -114.979 39.3751 -9.42913 2.31549 0.00673736 0.0382095 -2.24651e-06 2.46341e-08 1.39707e-07 2.46493e-14 -33.9182 -6.47472 -10.863 110.541 -81.5927 173.328 -7.94839 -4.53883 -0.0631845 0.0011098 -0.00629396 6.09557e-08 -1.09379e-11 6.20447e-11 -3.57812e-15 -6.73921 -32.8758 -19.9769 -8.45308 -19.2458 -14.7281 0.0504257 -0.206922 -0.000579106 35.6309 -26.1863 15.0685 -41.4438 3.2721 2.83014 -0.00363284 -3.00156 -3.03139 0.000396028 -1.77123 -0.0053886 30.4077 -34.0047 11.2686 -15.2059 7.65019 1.71892 -0.0858332 -14.4676 -3.88568 0.000166856 0.59852 -0.00163233
2166.29 2571.83 953.151 99.8805 30.5832 5.269 0.0115742 -2.8242 -8.18817 -0.0560443 -1.73315 -2.64133 1.38915 14.0409 3.03166 3.08778 25.2683 2.0703 2.53415 16.8658 3.2448 0.00425011 0.765735 -0.00113061 30.9924 -0.021949 -0.0389861 -60.7105 -73.7647 -115.737 40.6411 -9.72344 2.39896 0.00765731 0.0434268 -2.90189e-06 7.7632e-08 4.40273e-07 8.74653e-15 -33.3069 -6.47313 -11.2388 100.264 -80.5977 163.163 -9.13104 -4.78413 -0.143254 0.00204972 -0.0116245 2.07929e-07 -1.59257e-10 9.03234e-10 -1.19271e-15 -5.72656 -33.0524 -20.611 -7.22837 -19.4451 -15.1867 0.0311863 -0.151637 0.000535013 32.6495 -26.4921 14.0178 -38.6062 3.14026 2.46548 -0.00635801 -2.93658 -3.00967 0.000179615 -1.85379 -0.0034977 24.7161 -35.1827 8.50071 -11.4754 8.93598 1.45827 -0.052687 -16.2093 -3.7594 0.00325434 0.501663 0.0103699
2167.73 2572.92 952.66 99.8094 30.5059 5.667 0.00630836 -2.81364 -8.21718 -0.0575653 -1.68693 -2.63208 1.1285 13.9476 3.04684 2.50356 25.0532 2.15975 2.06739 16.6652 3.23582 0.0044987 0.793735 -0.000594611 30.1284 -0.0336421 -3.18682 -62.5539 -74.0573 -118.255 40.7402 -9.9243 2.2906 0.00779308 0.0441967 -3.00571e-06 1.36197e-07 7.72412e-07 -3.18055e-15 -32.0292 -6.4512 -10.73 96.4917 -80.3384 159.189 -9.67125 -4.92805 -0.156263 0.00371497 -0.0210686 6.83029e-07 -1.97706e-10 1.1214e-09 3.57812e-15 -4.98152 -32.8609 -20.7618 -6.34042 -19.3905 -15.2876 0.0301177 -0.161617 0.00122589 27.8743 -27.3037 11.6147 -34.1283 3.23738 2.13159 -0.0113547 -3.71777 -3.01485 -5.55222e-05 -1.91167 -0.00158033 20.3731 -35.7945 5.69864 -10.0617 9.72429 1.56529 -0.0376184 -16.6336 -3.72415 0.00429958 0.415018 0.0147733
2169.36 2573.44 951.188 99.3933 30.3383 6.145 0.00125177 -2.80512 -8.22762 -0.0574892 -1.68344 -2.61152 0.77955 13.8709 3.07047 1.85025 24.8964 2.32126 1.53788 16.4857 3.26251 0.00380717 0.797264 0.000674947 29.8266 -0.0532246 -6.26712 -65.383 -74.6643 -121.547 40.0958 -9.99582 2.1472 0.00732746 0.0415561 -2.65727e-06 1.09942e-07 6.23513e-07 1.43125e-14 -29.9777 -6.39969 -9.99898 93.2879 -81.143 155.909 -9.82423 -5.01653 -0.0839089 0.0056321 -0.0319412 1.56989e-06 -3.38036e-10 1.91704e-09 1.98785e-16 -4.74269 -32.3018 -20.2382 -6.07147 -19.046 -14.897 0.0495293 -0.259971 0.000803922 21.7918 -28.1741 8.43595 -28.8603 3.64065 1.86646 -0.0125836 -5.64196 -3.01038 -0.000223746 -1.93929 -0.00114691 18.4977 -35.73 4.10443 -10.1833 9.71334 1.8068 -0.0307727 -15.9995 -3.7684 0.00277232 0.343742 0.00842506
2169.78 2573.63 949.893 98.8978 30.2313 6.51 -0.00498141 -2.7727 -8.2323 -0.0564504 -1.74005 -2.57367 0.396954 13.8257 3.08987 1.22192 24.82 2.55058 1.00406 16.315 3.33776 0.0024144 0.771393 0.00219987 30.217 -0.0614194 -8.39423 -68.3414 -75.2196 -124.347 39.1958 -9.95235 2.05591 0.00544194 0.0308628 -1.46567e-06 4.60345e-08 2.61075e-07 -1.27222e-14 -27.3662 -6.31404 -9.71737 85.9106 -82.6846 148.762 -10.1032 -5.13846 0.0563298 0.0060822 -0.0344939 1.83084e-06 -9.5534e-10 5.41815e-09 5.66536e-15 -5.0175 -31.666 -19.3535 -6.43927 -18.5903 -14.2427 0.0559628 -0.297723 -0.00346927 15.3004 -29.0051 5.10644 -24.1847 4.39182 1.71562 -0.00413295 -8.22999 -2.99073 -0.000495283 -1.94495 -0.00298188 19.4997 -35.4268 4.27012 -10.7434 9.25958 1.95058 -0.0283317 -15.3856 -3.84878 0.000433788 0.281396 -0.00279023
2168.33 2573.54 949.366 98.1772 30.2614 6.983 -0.0130377 -2.69687 -8.24994 -0.0530477 -1.87347 -2.51393 0.0739082 13.8216 3.09545 0.67643 24.8017 2.80851 0.510011 16.1639 3.50801 0.00182987 0.733451 0.00411097 31.2221 -0.0547358 -9.15942 -70.2359 -75.6548 -125.486 38.2111 -9.83387 1.98543 0.00139775 0.00792703 -9.66913e-08 1.57093e-08 8.90917e-08 -1.49089e-14 -24.7833 -6.21383 -10.024 69.82 -84.3012 132.871 -10.9346 -5.36051 0.211654 0.00408993 -0.0231951 8.27866e-07 3.10422e-11 -1.76003e-10 7.25564e-15 -5.75048 -31.1306 -18.8479 -7.39767 -18.143 -13.8692 0.0434642 -0.180353 -0.00894438 8.91323 -29.9474 1.67222 -20.9708 5.42101 1.74602 0.0051685 -10.394 -3.04045 -0.000951393 -1.93788 -0.00674653 22.9276 -35.2505 5.77791 -11.3083 8.8586 2.01086 -0.0368492 -15.5432 -3.93522 -0.000808628 0.211367 -0.0109009
2165.92 2573.33 949.584 96.7419 30.3819 7.933 -0.0266849 -2.58601 -8.2912 -0.0471944 -2.08026 -2.43701 -0.0985131 13.8642 3.16143 0.219429 24.7946 3.09266 0.111513 16.0666 3.83624 0.0036917 0.705261 0.00545455 32.4731 -0.0272321 -8.9967 -69.7898 -76.2428 -124.305 37.068 -9.65158 1.89204 -0.00389796 -0.0221065 -7.51976e-07 2.43921e-09 1.38336e-08 9.93923e-16 -22.824 -6.15484 -10.4601 40.3534 -85.2342 102.917 -12.4526 -5.69814 0.302255 0.000846971 -0.00480341 3.5503e-08 3.9987e-09 -2.26778e-08 -9.14409e-15 -6.83686 -30.6258 -19.2277 -8.83173 -17.6657 -14.1517 0.0294607 0.0245036 -0.00891471 2.86361 -30.9081 -2.1071 -18.8412 6.45051 1.92206 0.00601984 -11.0194 -3.1826 -0.00123949 -1.92163 -0.00973023 27.3947 -35.2293 7.51016 -12.0559 8.52554 2.0531 -0.0423617 -16.0888 -3.92771 -0.000294609 0.119996 -0.00990413
2163.92 2573.42 950.53 94.1734 30.4753 9.548 -0.0477145 -2.4597 -8.36381 -0.0426185 -2.31925 -2.35796 -0.104191 13.9749 3.41457 -0.186996 24.785 3.46036 -0.161611 16.0769 4.3437 0.00911774 0.703518 0.00397194 33.4017 0.0457222 -8.72763 -66.2316 -77.3581 -120.993 35.7695 -9.41951 1.75932 -0.00646295 -0.0366532 -2.06723e-06 -8.29291e-10 -4.70299e-09 2.18663e-15 -21.5936 -6.19248 -10.5363 6.45299 -84.5877 67.4334 -14.5817 -6.13713 0.267573 -0.00227576 0.0129065 2.56319e-07 1.24815e-08 -7.07858e-08 -7.95139e-16 -8.09998 -30.1087 -20.4203 -10.5129 -17.1349 -15.0421 0.0292569 0.159921 -0.00167536 -2.36099 -31.6366 -6.07537 -16.3716 7.27141 2.00171 0.0159864 -9.63154 -3.15965 -0.00110948 -1.90825 -0.00987403 31.1516 -35.3413 8.28764 -12.9245 7.99353 2.05655 -0.0409673 -16.0795 -3.84829 0.000742003 -0.00244968 -0.00270811
2162.94 2574.02 952.326 90.4838 30.407 11.76 -0.0666254 -2.3068 -8.48211 -0.0416773 -2.52981 -2.28812 -0.0103087 14.1538 3.8822 -0.506847 24.8167 3.93382 -0.330235 16.2172 4.96567 0.0166613 0.729957 3.03095e-05 33.5302 0.16109 -8.71659 -58.1783 -78.9667 -114.737 34.7492 -9.21843 1.62839 -0.00422229 -0.0239458 -8.82318e-07 -6.34638e-10 -3.59927e-09 -7.95139e-16 -20.6256 -6.34639 -10.3107 -11.9888 -82.7224 46.6563 -17.2339 -6.6584 0.0753746 -0.00425486 0.0241305 8.95983e-07 1.78467e-08 -1.01214e-07 -7.95139e-16 -9.32448 -29.7256 -21.9411 -12.1382 -16.6703 -16.188 0.0405386 0.156552 0.00464619 -6.25938 -32.0357 -9.80866 -12.2911 7.89583 1.72472 0.0354979 -6.55885 -2.82313 -0.000900407 -1.92057 -0.00983119 33.301 -35.5688 7.60867 -13.4111 7.16514 1.94446 -0.0388681 -15.3071 -3.76178 0.000944882 -0.155854 0.00159795
2162.43 2574.86 954.752 86.3013 30.0918 14.226 -0.0649215 -2.10624 -8.6465 -0.0435801 -2.68466 -2.22292 0.0971533 14.3733 4.4115 -0.646407 24.973 4.40762 -0.433202 16.4877 5.53739 0.0203694 0.749149 -0.0028299 32.7102 0.252107 -8.55599 -44.8699 -80.4253 -104.498 34.3407 -9.12425 1.55578 -0.000427134 -0.0024224 -9.02935e-09 -1.06294e-09 -6.02822e-09 -8.34896e-15 -19.2813 -6.58817 -10.1794 -17.0554 -81.105 39.5585 -20.0243 -7.18954 -0.247581 -0.00410701 0.023292 8.34794e-07 1.26609e-08 -7.18036e-08 -7.95139e-16 -10.2924 -29.7314 -23.2715 -13.3843 -16.4999 -17.2025 0.0405162 0.0924147 0.00448078 -8.72204 -32.1892 -12.958 -6.55591 8.38013 1.0512 0.0327033 -2.58547 -2.49268 -0.0011308 -1.96839 -0.0112633 34.1729 -35.81 5.90832 -13.2417 6.30458 1.6966 -0.0335043 -14.5534 -3.62248 2.80041e-05 -0.329276 -0.00223081
2161.51 2575.56 956.706 82.6111 29.5814 16.428 -0.0401262 -1.87888 -8.83316 -0.0473675 -2.80007 -2.14273 0.162183 14.5786 4.75148 -0.576133 25.2829 4.70772 -0.511684 16.8585 5.89283 0.0165617 0.735715 -0.00314564 31.157 0.252992 -7.53283 -30.726 -81.0096 -93.8383 34.3135 -9.13734 1.54819 0.0017785 0.0100864 -1.56544e-07 -1.35711e-09 -7.69653e-09 -1.39149e-14 -17.2966 -6.85271 -10.3635 -15.6833 -80.4989 40.1891 -22.3421 -7.63633 -0.577504 -0.00250221 0.0141907 3.09867e-07 4.67216e-09 -2.64972e-08 -1.11319e-14 -10.8632 -30.2093 -24.0905 -14.052 -16.733 -17.8348 0.022702 0.0455007 0.00125767 -10.4475 -32.161 -15.5183 -0.119082 8.77135 0.142074 0.0126383 1.22333 -2.53108 -0.0014348 -2.03352 -0.0101143 34.8152 -35.9617 4.2214 -12.8453 5.7085 1.4375 -0.0252732 -14.6504 -3.46254 -0.00103924 -0.50357 -0.00810943
2159.9 2575.96 956.784 80.0991 29.0309 17.985 -0.0119614 -1.70625 -9.02482 -0.052146 -2.9065 -2.02739 0.17662 14.7064 4.73402 -0.369817 25.6714 4.71202 -0.560552 17.2513 5.93139 0.00874232 0.70611 -0.00189271 29.2742 0.184789 -5.25598 -23.5666 -80.841 -89.7679 33.9808 -9.16985 1.55665 0.00236095 0.0133896 -2.75868e-07 -1.18981e-09 -6.74782e-09 7.55382e-15 -14.9792 -7.05682 -10.6273 -11.8787 -80.7663 44.6897 -23.7063 -7.93826 -0.78296 -0.00126949 0.00719961 7.97598e-08 4.83731e-11 -2.74396e-10 1.90833e-14 -10.9339 -30.9201 -24.1661 -14.0444 -17.2405 -17.8966 0.00245108 0.0409071 0.000162197 -12.3713 -31.8718 -17.6711 5.84951 9.12508 -0.814391 0.00238739 3.90623 -2.86422 -0.00112431 -2.08858 -0.00506405 35.9644 -36.0022 3.32963 -13.0951 5.33148 1.30776 -0.0187451 -15.4588 -3.37425 -0.000959991 -0.650958 -0.00782033
2157.77 2576.08 954.462 78.916 28.6214 18.759 0.00140074 -1.67717 -9.23081 -0.0559734 -3.01459 -1.87602 0.143851 14.7293 4.4228 -0.209417 25.9998 4.48138 -0.575897 17.5606 5.6859 0.00288679 0.691494 -0.000647119 27.4195 0.108971 -2.04225 -25.6631 -80.4027 -94.2622 32.7969 -9.12419 1.50394 0.00262729 0.0149001 -3.41621e-07 -6.37841e-10 -3.61755e-09 5.56597e-15 -13.0131 -7.13146 -10.6081 -8.51971 -81.5405 49.392 -23.8585 -8.06993 -0.806438 -0.00100769 0.00571488 5.02552e-08 -7.02922e-10 3.98632e-09 7.95139e-16 -10.438 -31.5586 -23.4361 -13.3317 -17.8101 -17.335 -0.00972621 0.0762556 0.00111924 -14.5939 -31.4596 -19.3119 10.3908 9.61667 -1.69044 -0.00727549 4.91507 -3.18056 -0.00051748 -2.12354 -0.000322841 37.5133 -36.0042 3.40074 -14.367 5.06821 1.32741 -0.020245 -15.9216 -3.36248 -6.00477e-05 -0.752603 -0.00289463
2155.41 2576.1 950.342 78.761 28.4435 18.87 0.00167331 -1.79816 -9.44894 -0.0571197 -3.10493 -1.71376 0.0404203 14.6459 4.04706 -0.25433 26.1192 4.23144 -0.652744 17.6661 5.34983 0.000876485 0.711791 -0.000338979 25.8998 0.0513244 1.1815 -32.722 -79.6058 -103.164 31.1126 -9.0146 1.38717 0.0023988 0.0136043 -2.84784e-07 -1.79749e-10 -1.01959e-09 6.36111e-15 -12.0341 -7.07631 -10.3334 -6.59434 -82.3741 52.1303 -23.0697 -8.07004 -0.713832 -0.00103924 0.00589382 5.34515e-08 -3.21866e-10 1.82513e-09 1.11319e-14 -9.47752 -31.8848 -22.2593 -12.061 -18.2104 -16.418 -0.0133207 0.11203 0.00121455 -16.8334 -31.1587 -20.3981 13.1655 10.4132 -2.42763 -0.0332162 4.06355 -3.31149 -0.000348032 -2.14868 0.00248074 38.6664 -36.0641 3.96956 -16.0104 4.88616 1.41393 -0.0269866 -15.017 -3.36043 0.000462834 -0.807407 0.000717829
2153.25 2576.02 945.806 79.194 28.4506 18.604 0.000299788 -1.99178 -9.63333 -0.056893 -3.15325 -1.58683 -0.16437 14.4947 3.83213 -0.557368 25.9704 4.17474 -0.894574 17.5313 5.14512 -0.000368351 0.750369 -0.00115964 24.998 0.0155271 3.30492 -39.4552 -78.4826 -111.364 29.616 -8.92037 1.2529 0.00140646 0.00797645 -9.79005e-08 1.29999e-10 7.3733e-10 -3.57812e-15 -12.2651 -6.95183 -10.0119 -7.67689 -82.7942 50.5177 -21.9561 -8.028 -0.599566 -0.00112432 0.00637634 6.25617e-08 6.4646e-10 -3.6663e-09 1.11319e-14 -8.41721 -31.6945 -21.3655 -10.6839 -18.2101 -15.7073 -0.0144282 0.123926 0.000316271 -19.4033 -30.7409 -21.3501 14.7297 11.28 -2.96366 -0.0644779 1.77792 -3.32147 -0.00078243 -2.18134 0.00527204 38.1942 -36.2411 4.06217 -16.5996 4.71243 1.43058 -0.0169847 -12.5752 -3.28091 0.000430548 -0.821358 0.000770381
2151.65 2576 942.545 79.91 28.5941 18.201 0.00202515 -2.16604 -9.71886 -0.057073 -3.15354 -1.53709 -0.466656 14.3396 3.8701 -1.07576 25.6224 4.38564 -1.32411 17.248 5.17529 -0.00250033 0.787517 -0.00234172 24.8512 0.00692185 3.62867 -44.2092 -77.4961 -117.198 28.6209 -8.89694 1.12567 0.000685164 0.00388576 -2.32337e-08 8.1829e-10 4.64078e-09 -7.95139e-16 -13.6254 -6.80118 -9.68427 -13.8092 -82.5662 42.3155 -21.0381 -8.02137 -0.51094 -0.00124257 0.00704698 7.64139e-08 1.774e-09 -1.00608e-08 5.56597e-15 -7.76757 -30.9809 -21.3929 -9.8597 -17.7496 -15.7049 -0.0188662 0.136713 9.56889e-05 -23.1763 -29.6788 -22.7514 16.3971 11.7178 -3.31955 -0.0748963 -0.965863 -3.36273 -0.00137023 -2.22526 0.00791969 34.8669 -36.5481 2.69909 -14.7951 4.52186 1.25768 0.00736926 -9.49548 -3.13396 0.00066097 -0.796576 -0.00148799
2150.78 2576.18 941.434 80.6035 28.8301 17.86 0.00418737 -2.2806 -9.68816 -0.0576043 -3.12308 -1.56366 -0.809029 14.2216 4.10655 -1.68671 25.2274 4.78312 -1.8547 16.9646 5.38475 -0.00372902 0.826315 -0.0027176 25.4394 0.0135585 2.40502 -47.6753 -77.0143 -121.258 28.0192 -8.93232 1.01623 0.000867145 0.00491782 -3.72145e-08 1.65277e-09 9.37317e-09 1.98785e-15 -15.8152 -6.60854 -9.2621 -22.9307 -81.7322 29.9087 -20.5098 -8.06551 -0.458274 -0.00108383 0.00614672 5.81371e-08 2.18417e-09 -1.23872e-08 -1.03368e-14 -7.7828 -30.0096 -22.3577 -9.94647 -17.0037 -16.4244 -0.022601 0.150682 0.00154873 -28.7662 -27.549 -24.9016 19.4898 11.3927 -3.68183 -0.0570896 -3.10679 -3.48411 -0.0015868 -2.26875 0.00879689 28.2931 -36.7936 -0.587964 -10.2121 4.35392 0.826614 0.010808 -7.20814 -3.02525 0.00193596 -0.728763 -0.00472492
2150.55 2576.44 942.009 81.0335 29.097 17.658 0.00340921 -2.36781 -9.60072 -0.0577637 -3.08855 -1.62703 -1.11863 14.1469 4.43903 -2.26172 24.9408 5.24152 -2.32025 16.7826 5.66401 -0.00275216 0.865813 -0.00177723 26.6277 0.0168761 0.580172 -50.6281 -77.1195 -124.235 27.5478 -8.95597 0.948896 0.00114514 0.00649443 -6.49006e-08 1.85482e-09 1.05193e-08 -9.93923e-15 -18.1532 -6.36352 -8.74813 -31.1226 -80.97 18.1841 -20.0081 -8.08709 -0.407373 -0.000408041 0.00231411 8.24015e-09 1.80285e-09 -1.02244e-08 -8.74653e-15 -8.29896 -29.1776 -23.6932 -10.7262 -16.2815 -17.43 -0.0171366 0.121803 0.00272278 -35.4021 -24.5049 -27.3239 24.1822 10.3678 -4.17247 -0.029012 -4.11682 -3.61057 -0.00140343 -2.30327 0.00752322 19.5735 -36.6279 -5.25835 -3.7213 4.42741 0.177632 -0.0201532 -7.00633 -3.03407 0.00372464 -0.618235 -0.00721476
2150.61 2576.44 942.875 81.2327 29.3328 17.484 -0.00187273 -2.48062 -9.53398 -0.0577246 -3.07007 -1.67942 -1.363 14.0849 4.76891 -2.73287 24.8153 5.6695 -2.64722 16.6643 5.94957 -0.00100886 0.890048 -0.000354921 28.2175 0.0199785 -0.843856 -52.6067 -77.5367 -125.673 27.223 -8.94153 0.946415 0.000794187 0.00450406 -3.12158e-08 1.36418e-09 7.73683e-09 1.19271e-15 -19.6538 -6.11877 -8.38144 -36.5532 -81.3337 10.3588 -19.0552 -8.00336 -0.330749 0.000628126 -0.00356228 1.95264e-08 1.2688e-09 -7.19567e-09 7.95139e-15 -8.92361 -28.7362 -24.7653 -11.6302 -15.8404 -18.2415 -0.00809486 0.0621007 0.00171508 -41.3747 -21.4168 -29.2227 29.4108 9.07459 -4.70347 -0.0140394 -4.48919 -3.69132 -0.00133019 -2.33791 0.00396694 11.0379 -36.035 -9.84339 2.89678 5.08736 -0.532084 -0.0533489 -9.48036 -3.19846 0.00459922 -0.481567 -0.00642047
2150.54 2575.63 942.656 81.3815 29.4193 17.233 -0.00985852 -2.63456 -9.52142 -0.0575608 -3.06813 -1.6748 -1.55422 13.9989 5.01863 -3.11501 24.7837 6.02532 -2.86647 16.4936 6.22266 -0.000345438 0.890378 0.000430682 29.962 0.031619 -1.48179 -53.044 -77.8638 -125.176 27.0506 -8.89104 0.982598 0.000106265 0.000602658 -5.58841e-10 5.46197e-10 3.09758e-09 2.34566e-14 -19.5079 -5.9612 -8.3959 -37.8641 -83.1712 8.74389 -17.6006 -7.7986 -0.270248 0.00216445 -0.0122752 2.31859e-07 -2.67421e-11 1.51609e-10 -1.59028e-15 -9.2837 -28.5407 -25.2455 -12.148 -15.6533 -18.6063 -0.0069807 0.0316118 0.000331519 -45.7459 -18.8913 -30.3636 34.0154 7.86838 -5.05761 -0.0153506 -5.2207 -3.77085 -0.00143317 -2.39332 -0.00111902 5.00615 -35.4539 -12.9833 8.07239 6.33882 -1.15774 -0.0666521 -13.9984 -3.51683 0.004304 -0.346267 -0.0017719
2150.19 2573.76 941.419 81.5475 29.2692 16.971 -0.0136766 -2.79627 -9.54492 -0.0564201 -3.06371 -1.58503 -1.68915 13.8871 5.14278 -3.41329 24.7424 6.27715 -2.99182 16.2132 6.46337 -0.000370732 0.882895 0.000376923 31.5506 0.0370014 -1.806 -52.66 -78.0339 -123.696 26.7558 -8.77721 0.999037 -0.000444906 -0.00252319 -9.79637e-09 -8.74653e-13 -4.88434e-12 -7.95139e-16 -17.7616 -5.91248 -8.70049 -29.2 -85.612 18.9973 -16.1069 -7.55172 -0.296035 0.00406361 -0.0230459 8.17247e-07 -1.77784e-09 1.00828e-08 2.78299e-15 -9.29646 -28.2767 -25.2018 -12.2024 -15.4945 -18.5719 -0.0106684 0.0376622 0.000155821 -48.723 -16.8147 -30.9753 37.47 6.88293 -5.14249 -0.0213407 -6.72271 -3.84158 -0.00134188 -2.47731 -0.00330092 2.47165 -35.2501 -14.2626 11.1812 7.74593 -1.62956 -0.0539858 -19.0147 -3.83254 0.00352753 -0.232654 0.00320735
2149.61 2571.34 940.162 81.5504 28.9076 16.883 -0.0109909 -2.92075 -9.57779 -0.0531604 -3.03577 -1.41482 -1.73525 13.7678 5.14906 -3.57611 24.6196 6.40281 -3.01907 15.86 6.64422 4.91127e-05 0.888365 -7.22758e-05 32.6596 0.0222954 -2.44127 -52.5254 -78.2491 -122.574 26.105 -8.58325 0.953222 -0.000541344 -0.00307011 -1.45035e-08 -9.81996e-11 -5.56893e-10 8.74653e-15 -15.3526 -5.91323 -8.9891 -2.81594 -86.6578 47.5498 -15.3116 -7.43454 -0.336732 0.00449008 -0.0254645 9.97784e-07 -2.18395e-09 1.23858e-08 7.95139e-15 -9.15081 -27.8801 -24.9348 -12.0544 -15.2622 -18.37 -0.0118681 0.0485533 0.000113604 -50.9927 -14.8701 -31.4042 39.7216 6.26926 -5.14012 -0.0208405 -8.35613 -3.89958 -0.00108718 -2.57386 -7.565e-05 2.86121 -35.3017 -14.1684 12.635 8.69996 -1.9317 -0.0158974 -22.8418 -3.98564 0.00295826 -0.148562 0.00552488
2149.14 2569.43 939.32 81.2139 28.3985 17.033 -0.009995 -2.99748 -9.62514 -0.0479745 -2.98596 -1.21479 -1.70376 13.6466 5.12333 -3.59378 24.3964 6.44499 -2.98448 15.5056 6.79659 0.000890318 0.910794 -0.000536558 33.1927 0.00325148 -3.47845 -52.3919 -78.4597 -121.716 25.341 -8.37001 0.866368 0.00100432 0.00569576 -4.99193e-08 -8.80925e-10 -4.99595e-09 -7.55382e-15 -13.2986 -5.91036 -9.11444 10.8156 -85.3497 62.5178 -15.7971 -7.59367 -0.264741 0.00178836 -0.0101423 1.58285e-07 1.27598e-09 -7.23656e-09 1.15295e-14 -9.08434 -27.4807 -24.7139 -12.0063 -15.0009 -18.2073 -0.00940386 0.0499105 0.000111063 -52.738 -13.1253 -31.712 40.6562 6.13374 -5.24471 -0.012551 -9.08202 -3.97807 -0.000894414 -2.65251 0.00384039 4.49773 -35.1106 -13.6543 13.4282 8.75143 -2.03159 0.0141844 -24.5072 -4.04368 0.00239787 -0.0943916 0.00489024
2149.44 2569.31 938.614 80.858 27.8088 17.166 -0.0205012 -3.05371 -9.70263 -0.0429276 -2.94483 -1.06413 -1.70719 13.511 5.15204 -3.61339 24.1018 6.48182 -3.05407 15.1846 6.97093 0.00148929 0.94123 -0.000776998 33.4244 -0.00324227 -4.26929 -49.777 -77.9871 -118.406 25.4017 -8.35157 0.748474 0.00738081 0.0418586 -2.6961e-06 -2.69851e-08 -1.5304e-07 -4.77083e-15 -12.0743 -5.89269 -9.35592 11.4622 -82.1439 63.0464 -17.863 -8.05781 -0.195913 -0.00177559 0.0100699 1.56032e-07 7.16249e-09 -4.06205e-08 6.36111e-15 -9.22853 -27.075 -24.6574 -12.2314 -14.6956 -18.1682 -0.00325398 0.0388592 0.000484455 -53.2829 -12.2768 -31.5413 40.0304 6.42834 -5.40845 -0.0113834 -8.39662 -3.99504 -0.00141699 -2.68538 0.00598542 5.26848 -34.2522 -13.5853 14.2269 7.93695 -1.88897 -0.0122237 -24.1143 -4.17036 0.00179129 -0.069126 0.00329034
2150.96 2571.25 937.564 81.2058 27.1491 16.896 -0.0445885 -3.12534 -9.80351 -0.0410176 -2.9399 -1.00624 -1.89508 13.3519 5.23538 -3.91029 23.7903 6.58524 -3.45072 14.8829 7.1588 0.00146221 0.967308 -0.000681212 33.7461 -0.00173871 -4.00244 -43.5091 -75.7819 -111.112 27.2432 -8.7484 0.597612 0.0191979 0.108877 -1.82405e-05 -8.72792e-08 -4.94985e-07 -4.77083e-15 -11.6461 -5.87149 -10.2864 15.0947 -76.971 65.2416 -21.2562 -8.72549 -0.35808 -5.27289e-06 2.9904e-05 1.3732e-12 1.3528e-08 -7.67208e-08 -4.77083e-15 -9.46547 -26.5047 -24.7098 -12.5843 -14.2614 -18.1971 0.00584209 0.0136676 0.000816618 -52.0736 -12.8092 -30.4838 38.0548 6.8778 -5.44091 -0.0249314 -6.69394 -3.87094 -0.00268528 -2.67109 0.0092704 3.75603 -32.6178 -14.2404 15.2281 6.72315 -1.64363 -0.0776154 -22.316 -4.3402 0.00163297 -0.0716987 0.00263717
2154.07 2574.13 936.552 82.7436 26.3537 16.108 -0.069097 -3.22042 -9.9032 -0.0446434 -2.97475 -1.02487 -2.31144 13.1885 5.29829 -4.62963 23.5303 6.77502 -4.21609 14.6063 7.29432 0.00138021 0.982964 -0.000534883 34.3494 -0.00246033 -2.67572 -36.5417 -71.3505 -102.612 31.0235 -9.51515 0.603389 0.0288023 0.163346 -4.10566e-05 -1.25185e-07 -7.09958e-07 -7.95139e-16 -11.703 -5.85769 -12.042 20.8767 -70.1317 68.9132 -25.1523 -9.45669 -0.732412 0.00938282 -0.0532126 4.35707e-06 2.37574e-08 -1.34735e-07 -0 -9.53262 -25.805 -24.7567 -12.7264 -13.7518 -18.2025 0.018122 -0.0257386 0.000178409 -49.3729 -14.2193 -28.4348 35.2775 7.1851 -5.2107 -0.0345143 -4.84877 -3.72162 -0.00320671 -2.63897 0.0110484 -0.0467491 -30.3635 -15.3775 16.2586 5.66358 -1.4944 -0.115757 -19.8063 -4.4181 0.00172426 -0.0990446 0.00308619
2159.22 2576.4 936.966 85.3415 25.3869 15.058 -0.0720993 -3.32772 -9.98467 -0.0526595 -3.03178 -1.08849 -2.84904 13.0486 5.2887 -5.6211 23.3714 7.00862 -5.13846 14.4155 7.32559 0.00301119 0.994282 -0.000687049 35.0749 -0.00205527 -1.29904 -31.0945 -65.447 -95.1335 35.9332 -10.3262 1.02578 0.022646 0.128432 -2.53811e-05 -1.01716e-07 -5.76857e-07 1.59028e-15 -11.7 -5.83194 -13.8031 24.0948 -62.6226 70.1987 -28.7188 -10.1533 -1.06191 0.0233937 -0.132672 2.70849e-05 1.31158e-08 -7.43833e-08 -7.95139e-15 -9.26025 -25.3859 -24.7631 -12.427 -13.4558 -18.1779 0.0353547 -0.0729739 -0.000841799 -46.06 -15.5332 -25.8061 32.1988 7.43886 -4.78332 -0.0285001 -3.30819 -3.66119 -0.00205832 -2.63538 0.00612027 -5.30943 -27.685 -16.7333 17.3059 4.97381 -1.45532 -0.0976835 -16.9999 -4.3472 0.00133171 -0.146961 0.00354469
2166.73 2577.11 939.887 88.3233 24.3036 14.1 -0.0517269 -3.45217 -10.0591 -0.0597588 -3.09027 -1.20472 -3.32546 12.934 5.27227 -6.54542 23.2875 7.25887 -5.88252 14.3245 7.31375 0.00748292 1.0066 -0.00115398 35.6484 0.0140936 -1.23994 -27.1502 -59.4885 -88.5378 40.6796 -10.9011 1.77576 0.00111412 0.00631847 -6.14313e-08 -9.73907e-08 -5.5233e-07 1.59028e-15 -10.8728 -5.75654 -14.4013 22.348 -55.6772 67.5482 -31.5466 -10.7194 -1.2338 0.0419798 -0.238078 8.72184e-05 -1.79856e-07 1.02001e-06 1.27222e-14 -8.71904 -25.6699 -24.7483 -11.7553 -13.6644 -18.1692 0.0502608 -0.104214 8.9517e-05 -43.1094 -16.1734 -23.2964 29.3451 7.92757 -4.40061 -0.0163688 -1.94398 -3.65344 -0.000376007 -2.70728 -0.00362855 -11.264 -24.566 -18.2338 19.1534 4.40137 -1.39888 -0.0498054 -14.0523 -4.17295 0.000271163 -0.208186 0.00291725
2176.37 2576.46 945.317 90.9178 23.177 13.408 -0.0298955 -3.61212 -10.1551 -0.0622092 -3.15016 -1.4089 -3.60416 12.8372 5.38806 -7.10701 23.2119 7.536 -6.21201 14.2916 7.40941 0.0128851 1.00704 -0.00196378 36.0993 0.0550972 -3.20303 -24.2813 -54.366 -81.9915 44.6073 -11.2734 2.49198 -0.0159593 -0.0905098 -1.26054e-05 -8.62217e-08 -4.88988e-07 7.95139e-15 -8.61461 -5.62478 -13.3944 16.2328 -49.5292 62.0585 -33.695 -11.1476 -1.37221 0.0630237 -0.35742 0.000196576 -5.53571e-07 3.13946e-06 -7.95139e-15 -8.24334 -26.6919 -24.7237 -11.1175 -14.4023 -18.1922 0.048316 -0.0959322 0.00186269 -41.1093 -16.1116 -21.3227 27.4395 8.6783 -4.3097 -0.00208248 -0.426417 -3.63495 -0.000171688 -2.86819 -0.0127242 -17.6271 -20.7982 -19.7919 22.7883 3.57984 -1.23235 -0.00790912 -10.9714 -4.00388 -0.000873469 -0.273642 0.00193399
2187.19 2575.29 952.002 92.5864 21.9556 12.944 -0.0208297 -3.81805 -10.2966 -0.0628915 -3.22462 -1.69686 -3.65108 12.763 5.73608 -7.21774 23.096 7.8716 -6.10589 14.2787 7.74831 0.0147345 0.973555 -0.00240379 36.6487 0.0969952 -6.81412 -22.3271 -50.0753 -75.3079 47.87 -11.5596 3.02923 -0.0199911 -0.113375 -1.97789e-05 -5.90451e-08 -3.34862e-07 2.54444e-14 -5.05382 -5.48754 -11.5135 8.78757 -43.5105 56.4707 -35.3018 -11.5466 -1.62915 0.071019 -0.402762 0.000249616 -2.06817e-07 1.17291e-06 1.59028e-15 -8.19841 -28.0518 -24.7192 -10.9715 -15.3718 -18.2415 0.03088 -0.0647087 0.00173597 -40.3233 -15.4442 -19.8797 27.5044 9.37668 -4.64197 0.0118497 1.47495 -3.62466 -0.00123865 -3.07814 -0.0175766 -24.2985 -16.2751 -21.0466 28.462 2.45785 -0.98685 0.0161144 -7.76914 -3.92834 -0.00146913 -0.328847 0.0016553
2197.51 2573.95 957.921 93.0822 20.4793 12.616 -0.0196125 -4.04462 -10.4957 -0.0658331 -3.30983 -1.99887 -3.49025 12.708 6.29883 -6.93211 22.9294 8.28069 -5.68286 14.2629 8.35252 0.0112223 0.91417 -0.00169119 37.3216 0.098532 -10.9677 -21.3427 -46.1794 -69.1908 50.654 -11.7487 3.47311 -0.0236136 -0.133919 -2.75965e-05 -5.80051e-08 -3.28963e-07 -1.59028e-14 -1.08723 -5.40474 -10.1968 3.98492 -37.6563 53.9357 -36.3069 -12.028 -1.97259 0.0489651 -0.277693 0.000118659 2.00713e-07 -1.1383e-06 1.27222e-14 -8.69544 -29.2571 -24.7969 -11.485 -16.1935 -18.3414 0.0138784 -0.0385225 0.00055958 -40.8585 -14.1997 -18.85 30.2114 9.60334 -5.34687 0.0168272 3.61872 -3.64546 -0.0017768 -3.26993 -0.0154145 -30.7005 -11.3944 -21.4879 35.1635 1.37768 -0.775258 0.0230794 -4.70765 -3.9311 -0.00130304 -0.356289 0.00164667
2205.61 2572.01 961.767 92.5948 18.668 12.359 -0.0176907 -4.23772 -10.7424 -0.0684305 -3.38375 -2.23021 -3.17464 12.6646 6.94734 -6.35187 22.7591 8.71441 -5.10103 14.2718 9.10018 0.00609566 0.865951 -0.000620132 37.8263 0.0533617 -14.3114 -21.3839 -42.2298 -64.7292 52.7885 -11.7686 3.88902 -0.0379645 -0.215306 -7.13317e-05 -9.15776e-08 -5.19362e-07 -0 2.25293 -5.3873 -10.3594 3.70991 -32.8045 55.4761 -36.6106 -12.55 -2.23116 0.00818441 -0.0464161 3.31515e-06 -6.57159e-08 3.72693e-07 -6.36111e-15 -9.55687 -30.119 -24.9354 -12.4705 -16.7313 -18.4734 0.00386514 -0.0137976 0.000263842 -42.1804 -12.6788 -18.1153 35.0792 9.29411 -6.25159 0.00560054 5.79965 -3.62576 -0.00136302 -3.39756 -0.0072472 -35.7002 -7.01304 -20.9509 41.0181 0.660066 -0.653201 0.0157581 -2.09629 -3.88854 -0.000897559 -0.349615 0.00181896
2210.53 2568.91 963.627 91.6886 16.6295 12.128 -0.0118492 -4.36596 -10.9886 -0.0668431 -3.43166 -2.35394 -2.78425 12.6347 7.51578 -5.63837 22.6348 9.08073 -4.51105 14.3153 9.77095 0.002882 0.849128 -0.000105399 37.7409 -0.00412221 -15.8061 -22.2714 -37.999 -62.8059 53.8005 -11.6499 4.15884 -0.0487776 -0.276629 -0.000117751 -1.30796e-07 -7.41783e-07 -6.36111e-15 4.41515 -5.42566 -11.6385 7.20407 -29.0569 59.579 -36.2321 -12.8852 -2.26128 -0.02055 0.116545 2.09002e-05 5.8306e-07 -3.3067e-06 -6.36111e-15 -10.4441 -30.7219 -24.9155 -13.5087 -17.0941 -18.4774 -0.00599814 0.0295399 0.000788171 -42.5081 -11.6863 -17.5258 40.5106 8.966 -7.15701 -0.0428678 7.98573 -3.42564 -0.00103317 -3.46462 0.00286887 -38.307 -3.79552 -19.8502 44.555 0.295943 -0.543841 0.0127644 0.122968 -3.77797 -0.000679495 -0.314857 0.00303582
2212.31 2564.14 964.572 91.0626 14.5891 11.913 -0.00455506 -4.43182 -11.1589 -0.0632392 -3.44977 -2.38884 -2.40379 12.636 7.83903 -4.97138 22.5794 9.258 -4.01545 14.3525 10.1171 0.000946544 0.852411 4.18525e-05 36.8516 -0.0378087 -15.1847 -23.5722 -33.5465 -63.4524 53.4368 -11.5162 4.14384 -0.0372983 -0.211528 -6.885e-05 -6.06561e-08 -3.43998e-07 -6.36111e-15 5.50113 -5.51171 -12.9456 12.2303 -25.921 63.8242 -35.2107 -12.8084 -2.01686 -0.0202772 0.114998 2.03491e-05 5.17021e-07 -2.93217e-06 6.36111e-15 -10.9449 -31.3073 -24.3054 -14.0591 -17.5357 -18.036 -0.0259574 0.133278 0.00405544 -39.6131 -12.0202 -16.9421 44.5986 9.39516 -7.89863 -0.132363 10.2334 -2.97484 -0.0015313 -3.49902 0.01084 -38.6229 -1.73346 -18.8593 45.5749 0.0814231 -0.343116 0.0434553 2.54715 -3.71883 -0.000677692 -0.266844 0.00471624
2212.13 2557.68 965.637 91.2188 12.7404 11.701 -0.00337715 -4.44818 -11.1907 -0.0622429 -3.44076 -2.37945 -2.10221 12.6664 7.82549 -4.47468 22.5641 9.15603 -3.65235 14.3158 10.009 -0.00188092 0.854439 0.00014154 35.2541 -0.039005 -13.1031 -24.8637 -29.2288 -65.8258 51.8674 -11.4239 3.86155 -0.00895062 -0.0507615 -3.96492e-06 3.67828e-09 2.08605e-08 9.54166e-15 6.04988 -5.62728 -13.4587 16.3445 -23.178 66.5495 -33.4991 -12.3882 -1.66163 -0.00425027 0.0241045 8.94049e-07 9.65596e-08 -5.47617e-07 -2.8625e-14 -10.663 -32.0659 -22.6992 -13.6072 -18.2485 -16.8408 -0.0535869 0.326967 0.0106427 -32.2538 -13.9762 -15.9494 45.7678 11.3027 -8.58335 -0.206555 12.6306 -2.51157 -0.00242177 -3.50468 0.0142252 -37.7992 -0.412427 -18.3351 44.8283 -0.142362 -0.0555523 0.103972 5.69631 -3.7866 -0.00102202 -0.222537 0.00526879
2212.06 2550.09 966.611 92.1742 11.1331 11.429 -0.0134087 -4.42192 -11.0795 -0.0630181 -3.41979 -2.36536 -1.89826 12.6536 7.52592 -4.14916 22.4764 8.7923 -3.40922 14.1011 9.53253 -0.00465452 0.853667 0.000347522 33.2511 -0.0161645 -10.7655 -25.9923 -25.5171 -68.7351 49.3684 -11.3086 3.39795 0.0170786 0.0968575 -1.44356e-05 -2.91711e-08 -1.65438e-07 -9.54166e-15 6.63227 -5.74328 -13.1761 18.4793 -20.6187 67.784 -31.3046 -11.965 -1.43579 0.00412498 -0.0233939 8.42115e-07 -3.0012e-08 1.70206e-07 -3.18055e-15 -9.32556 -32.8652 -19.9852 -11.8418 -19.1136 -14.7853 -0.0694506 0.551479 0.0136039 -20.989 -16.9765 -13.8412 42.8963 15.0177 -9.52669 -0.211141 14.9273 -2.4969 -0.00180712 -3.47015 0.0114796 -37.0683 0.621026 -18.1365 43.1249 -0.412854 0.247776 0.145899 9.2792 -3.91112 -0.00182105 -0.19343 0.00511851
2214.13 2542.01 966.386 93.6534 9.67724 10.993 -0.0335346 -4.3583 -10.8847 -0.0617261 -3.41561 -2.365 -1.76973 12.518 7.09903 -3.913 22.2102 8.30098 -3.24264 13.6498 8.93689 -0.00458631 0.864982 0.000698367 31.2852 0.017258 -9.07476 -27.0403 -22.5608 -71.3005 46.1788 -11.0599 2.88869 0.0298186 0.169109 -4.4005e-05 -6.45457e-08 -3.66057e-07 6.36111e-15 7.52507 -5.83114 -12.6231 19.2011 -17.9746 68.4113 -29.0492 -11.7131 -1.3253 -0.000351011 0.00199068 6.09776e-09 -1.05098e-08 5.96041e-08 3.18055e-15 -6.87878 -33.3108 -16.3589 -8.74321 -19.7612 -11.9964 -0.0630911 0.720886 0.00801797 -8.54954 -19.4114 -10.5982 36.0959 20.0071 -10.3981 -0.258354 16.6049 -2.90828 0.000120776 -3.41551 -7.96171e-05 -36.8952 1.73397 -17.8796 40.8895 -0.832407 0.611961 0.107838 12.2808 -3.89042 -0.00293849 -0.189011 0.00665605
2219.26 2534.16 964.113 95.4351 8.25862 10.322 -0.0548483 -4.27739 -10.6961 -0.0576081 -3.458 -2.37734 -1.70205 12.2552 6.7214 -3.74262 21.7416 7.87514 -3.13118 13.0245 8.46988 -0.00134272 0.884697 -0.000446044 29.7323 0.0552746 -8.11338 -27.9757 -20.1152 -73.3498 42.5152 -10.6366 2.49573 0.0311353 0.176577 -4.79772e-05 1.24135e-09 7.04014e-09 2.22639e-14 8.72308 -5.87264 -12.1211 19.6137 -15.4317 68.9186 -26.9449 -11.4918 -1.16552 -0.00831283 0.0471444 3.42e-06 3.99022e-08 -2.26296e-07 -6.36111e-15 -3.56282 -33.0152 -12.2628 -4.6059 -19.8317 -8.82301 -0.0494662 0.850483 0.0099677 1.50058 -19.8804 -7.43716 26.7264 24.954 -9.8806 -0.476171 17.149 -3.17662 0.00323198 -3.34897 -0.0177279 -36.9148 3.03298 -17.2444 38.2023 -1.53851 1.09927 0.00461521 13.6528 -3.6948 -0.00376353 -0.221047 0.0087102
2226.48 2526.64 959.87 97.5608 6.84958 9.495 -0.0621923 -4.19842 -10.5877 -0.051907 -3.55139 -2.3882 -1.67217 11.9528 6.44337 -3.6592 21.1725 7.59311 -3.06053 12.395 8.17296 0.00443298 0.880549 -0.00692237 28.6708 0.0915538 -7.41472 -28.5082 -17.9625 -75.0973 38.5728 -10.1195 2.31534 0.0258615 0.146667 -3.31004e-05 5.81196e-08 3.29613e-07 6.36111e-15 10.0739 -5.86435 -11.5667 20.1923 -13.5681 69.2644 -25.1211 -11.1475 -0.969332 -0.00924774 0.0524465 4.23253e-06 1.00281e-08 -5.68724e-08 -3.18055e-15 0.200043 -31.8968 -8.08716 0.11391 -19.2392 -5.61038 -0.0463394 1.04205 0.0303381 7.02668 -18.2286 -5.60797 16.6983 28.1537 -7.23569 -0.605245 15.9653 -3.12468 0.00748506 -3.22635 -0.029336 -36.6713 4.40805 -16.2765 35.1115 -2.54552 1.65005 -0.0781098 13.0065 -3.59435 -0.00387518 -0.294959 0.00560119
2233.14 2518.42 954.79 100.275 5.56349 8.724 -0.0472345 -4.11789 -10.5936 -0.0468372 -3.66906 -2.38114 -1.63469 11.7511 6.17075 -3.64193 20.7021 7.35577 -2.97353 11.9412 7.89099 0.0136378 0.831038 -0.0203126 27.7956 0.0916177 -6.60325 -28.3275 -16.2754 -76.6523 34.676 -9.68858 2.27139 0.0180507 0.10237 -1.61256e-05 4.90187e-08 2.77999e-07 6.36111e-15 11.4273 -5.81933 -10.8459 20.352 -12.8128 69.5657 -23.7825 -10.8016 -0.947632 -0.00112391 0.006374 6.25159e-08 -3.31364e-08 1.87926e-07 -2.54444e-14 4.02397 -30.2639 -3.97331 5.00163 -18.19 -2.51862 -0.0443509 1.25186 0.0330546 8.40208 -15.2201 -5.21909 8.97403 28.4098 -4.14223 -0.466249 13.0106 -3.26752 0.0098163 -3.03153 -0.0180022 -35.9606 5.59784 -15.3966 31.9225 -3.67833 2.13908 -0.102391 10.7103 -3.7996 -0.00335397 -0.400225 -0.00468912
2236.27 2508.28 950.379 103.715 4.59947 8.208 -0.0208231 -4.01824 -10.7087 -0.0454409 -3.77397 -2.35369 -1.54973 11.7456 5.80273 -3.59459 20.498 7.00469 -2.82086 11.7577 7.47803 0.0256667 0.747068 -0.033828 26.6568 0.0297432 -5.6985 -27.4808 -15.4502 -77.9012 31.5154 -9.47145 2.12139 0.0119429 0.0677317 -7.05911e-06 5.06946e-08 2.87503e-07 3.18055e-15 12.6415 -5.76489 -10.1801 19.4651 -13.029 70.4054 -23.0893 -10.6404 -1.12399 0.00612842 -0.034756 1.85877e-06 -5.32491e-08 3.01991e-07 1.27222e-14 7.60559 -28.6539 -0.069938 9.67574 -17.0352 0.327086 -0.0315201 1.28174 -0.00771414 7.99949 -11.9818 -5.62303 5.60302 26.2014 -2.77502 -0.258893 9.20407 -3.84736 0.00660879 -2.8381 0.00105106 -34.6663 6.22838 -15.0679 28.7206 -4.57559 2.40582 -0.104495 7.48668 -4.1584 -0.00257459 -0.5138 -0.0146222
2234.05 2495.35 947.711 107.828 4.13297 7.989 -0.00274067 -3.88626 -10.8905 -0.0469912 -3.84061 -2.32105 -1.41223 11.9162 5.32359 -3.40619 20.5913 6.45792 -2.5806 11.8398 6.91722 0.0372101 0.672251 -0.035238 25.0957 -0.0710592 -4.94574 -25.7248 -15.8428 -78.4773 29.6815 -9.73328 2.01013 0.0163079 0.0924867 -1.31621e-05 -2.10868e-07 -1.19589e-06 -1.90833e-14 13.4494 -5.72875 -9.8881 17.5266 -13.7122 72.1558 -22.9636 -10.6302 -1.28 -4.56561e-05 0.000258928 1.03174e-10 -5.97318e-08 3.38756e-07 -0 10.8174 -27.5818 3.40025 13.8894 -16.1275 2.79425 -0.0197048 1.01998 -0.0581251 8.33935 -9.59904 -6.35785 5.60078 22.8485 -2.97274 -0.0871644 5.41893 -4.49298 0.00214037 -2.72509 -0.00244553 -32.8365 5.9821 -15.5245 25.1071 -5.02129 2.36925 -0.102435 4.1612 -4.37007 -0.00211373 -0.610759 -0.0160204
2226.33 2479.87 947.096 112.448 4.24311 7.908 0.00276584 -3.72546 -11.0823 -0.0462797 -3.86814 -2.30049 -1.26593 12.1558 4.82108 -3.03243 20.8853 5.77735 -2.2686 12.1018 6.31198 0.045643 0.670319 -0.0196583 23.4239 -0.15441 -4.40967 -22.1391 -17.8305 -77.9245 28.8657 -10.8911 2.64457 0.0417548 0.236802 -8.62859e-05 -1.43655e-06 -8.14707e-06 -8.5875e-14 13.6272 -5.71334 -9.99973 14.7716 -14.4602 74.4603 -23.1016 -10.5823 -1.25246 -0.0178907 0.101463 1.5841e-05 -7.97602e-08 4.52343e-07 -0 13.815 -27.3091 6.2912 17.7367 -15.6877 4.82804 -0.0274978 0.532497 -0.0807417 10.5634 -8.75478 -7.08826 6.53283 19.4553 -3.29248 0.0689239 1.78682 -4.83119 0.00104539 -2.68286 -0.0172007 -30.8721 4.66282 -16.5897 20.9775 -4.99152 2.07512 -0.0703909 1.64385 -4.32256 -0.00211817 -0.681602 -0.0107518
2214.11 2463.14 948.04 117.343 4.86773 7.712 0.00615483 -3.54639 -11.2488 -0.0398167 -3.87165 -2.29928 -1.14013 12.34 4.42248 -2.45673 21.2483 5.0929 -1.95485 12.4136 5.82151 0.0520949 0.762139 0.00157842 22.1915 -0.1688 -3.71342 -16.7351 -21.4574 -75.9268 27.9841 -12.4735 4.18081 0.0759357 0.430645 -0.000285374 -5.11402e-06 -2.90031e-05 -1.28176e-12 13.2191 -5.69 -10.3175 11.2908 -14.9324 76.5265 -23.6012 -10.4276 -1.08388 -0.0281706 0.159763 3.92753e-05 -1.16299e-07 6.59565e-07 6.36111e-15 16.8208 -27.7257 8.59445 21.4805 -15.7061 6.47465 -0.0544421 -0.00330687 -0.0782435 14.1916 -9.4374 -7.29833 6.4318 16.8229 -2.89041 0.18051 -1.80476 -4.71516 0.000532333 -2.65377 -0.0169423 -29.5849 2.39628 -17.7258 17.3912 -4.51309 1.65656 -0.0123497 0.53707 -4.08304 -0.00182845 -0.735275 -0.00663837
2198.87 2446.58 949.811 122.22 5.79328 7.224 0.0126244 -3.34826 -11.386 -0.030503 -3.84026 -2.31654 -0.987621 12.3896 4.19585 -1.66925 21.567 4.50779 -1.63196 12.6649 5.54529 0.0607599 0.875416 0.00889413 21.6522 -0.112241 -2.26002 -11.5878 -26.0642 -72.7267 25.9881 -12.9374 5.30517 0.0833805 0.472864 -0.000344073 -5.88914e-06 -3.3399e-05 -1.72386e-12 12.492 -5.62109 -10.6407 6.96642 -14.6647 77.7439 -25.1832 -10.4355 -1.0058 -0.019518 0.110692 1.88539e-05 -4.05369e-08 2.29896e-07 -2.22639e-14 19.8211 -28.4588 10.4297 25.1643 -15.9873 7.85065 -0.0736692 -0.375345 -0.0465852 18.1221 -10.9463 -6.58077 4.65116 15.103 -1.94477 0.182254 -4.86827 -4.18449 -0.00130739 -2.6069 -0.00498078 -29.6912 -0.234479 -18.4353 16.5636 -3.71145 1.32247 0.01267 0.962814 -3.64056 -0.000854163 -0.78328 -0.00622592
2182.27 2431.41 951.964 126.745 6.65693 6.435 0.01609 -3.12176 -11.5016 -0.024334 -3.71369 -2.35649 -0.746901 12.3085 4.1194 -0.715326 21.7713 4.08068 -1.21917 12.7848 5.46928 0.0685051 0.898332 -0.00144032 21.5396 -0.0334326 0.241969 -9.4182 -30.3762 -69.7194 23.1719 -11.5481 4.67109 0.0615724 0.34919 -0.000187628 -2.32742e-06 -1.31995e-05 -2.57625e-13 11.7592 -5.48859 -10.8462 2.02059 -13.4401 78.1104 -28.0396 -10.8998 -1.25581 -0.00491039 0.0278482 1.19333e-06 4.63014e-09 -2.62588e-08 -3.18055e-14 22.4756 -29.1462 11.9557 28.4186 -16.3045 9.0619 -0.0651002 -0.408669 0.00902281 21.7082 -12.2955 -5.02638 1.45749 13.7638 -0.900702 0.0910762 -6.33772 -3.59901 -0.00298077 -2.53641 0.00306653 -31.1768 -2.4217 -18.5013 20.3227 -2.73161 1.14206 -0.036027 2.75561 -3.00584 9.07269e-05 -0.829853 -0.0058206
2165.94 2418.87 954.297 130.831 7.07146 5.456 0.0101929 -2.86561 -11.5805 -0.0204415 -3.43299 -2.42575 -0.438114 12.1287 4.12262 0.190391 21.8024 3.86643 -0.69596 12.7406 5.5027 0.0630896 0.832283 -0.00528938 21.4292 0.0119451 3.37396 -11.1164 -32.9896 -68.5997 21.2225 -9.38312 2.88887 0.0441326 0.250287 -9.6393e-05 -3.70216e-07 -2.0996e-06 -6.36111e-15 11.1402 -5.31012 -10.9537 -2.55126 -11.5716 78.1495 -31.1805 -11.7963 -1.83304 -0.00493217 0.0279717 1.20394e-06 3.17823e-08 -1.80246e-07 -3.18055e-15 24.2562 -29.5321 13.1909 30.6176 -16.4675 10.0675 -0.0415777 -0.174347 0.0366854 24.7022 -12.6845 -3.1394 -2.57704 12.1754 -0.0180749 -0.00290964 -5.52051 -3.32036 -0.00378088 -2.43859 0.00233755 -33.3483 -3.68467 -17.8934 28.0832 -1.48275 0.928542 -0.0857816 5.21984 -2.58272 2.2069e-05 -0.86768 -0.00256533
2150.92 2409.72 956.701 134.96 6.83531 4.326 -0.00429951 -2.61231 -11.5901 -0.00676513 -2.99846 -2.51794 -0.161059 11.8619 4.15588 0.726723 21.6015 3.90473 -0.145896 12.5347 5.54661 0.0462119 0.849127 0.0145699 21.097 0.0135279 6.14381 -15.5977 -33.3033 -69.598 21.3291 -7.78018 1.38085 0.0483223 0.274047 -0.000115564 2.08896e-07 1.18471e-06 -3.18055e-15 10.4154 -5.12494 -11.1204 -5.49858 -9.67539 78.3549 -33.232 -12.9096 -2.48332 -0.0234117 0.132774 2.71265e-05 2.61988e-08 -1.48581e-07 1.27222e-14 24.8201 -29.432 14.0212 31.3807 -16.3319 10.7256 -0.0224518 0.0811967 0.0234687 26.6521 -11.7839 -1.41155 -7.01328 10.0447 0.622345 -0.0375976 -2.67755 -3.32744 -0.00419731 -2.30814 -0.00455329 -35.2058 -4.31121 -16.6219 36.5924 0.426292 0.28609 -0.0232589 7.3029 -2.80007 -0.000977441 -0.889173 0.00181968
2137.36 2403.77 959.09 139.949 6.00347 2.988 -0.0209169 -2.43289 -11.5308 0.0258968 -2.50305 -2.62188 -0.0100562 11.5468 4.24157 0.724385 21.2052 4.16565 0.193325 12.2235 5.62217 0.0391922 1.10176 0.0420056 20.6199 0.017858 7.75019 -21.4197 -31.7293 -71.7193 23.5956 -7.19061 0.787876 0.062917 0.356815 -0.000195912 7.2254e-07 4.09773e-06 -2.54444e-14 9.27469 -4.95499 -11.5959 -6.16444 -8.25413 78.7158 -33.5896 -13.7978 -2.89769 -0.0407888 0.231324 8.23397e-05 7.70138e-08 -4.36767e-07 6.36111e-15 24.3282 -28.8384 14.4035 30.9152 -15.8782 10.9895 -0.0112499 0.260332 0.0107626 26.7659 -9.73972 -0.0148452 -11.5887 7.50373 0.973173 -0.0209521 1.15747 -3.37186 -0.00410633 -2.15841 -0.0113858 -35.9361 -4.9874 -14.7607 42.1639 3.30959 -1.22092 0.121384 8.28209 -3.48272 -0.00211571 -0.903111 0.00215565
2124.45 2399.82 961.583 146.29 4.81419 1.447 -0.0300042 -2.39038 -11.4609 0.0634006 -2.08809 -2.73694 -0.0158856 11.2727 4.44527 0.246991 20.7652 4.59455 0.10017 11.9454 5.83743 0.0626604 1.48979 0.0449476 20.3152 0.0853263 8.01404 -27.8025 -29.2111 -74.0025 27.2539 -7.28622 0.897209 0.0673556 0.381987 -0.000224528 9.04041e-07 5.12707e-06 -5.08889e-14 7.62444 -4.79379 -12.5004 -4.79157 -7.3892 78.7836 -32.8849 -13.8655 -2.88101 -0.0385973 0.218895 7.37293e-05 -9.58063e-08 5.43344e-07 1.27222e-14 23.434 -27.9812 14.5252 29.9685 -15.2394 11.0166 -0.00189509 0.45426 0.0198402 24.8996 -7.03262 1.27214 -16.1487 4.91807 0.930812 0.000429473 4.85738 -3.25511 -0.00311394 -2.02626 -0.0116242 -35.1441 -6.05916 -12.4483 43.0898 6.93161 -3.58734 0.232154 8.02084 -4.07061 -0.00263026 -0.921791 -0.000286668
2111.5 2396.14 964.287 153.57 3.53175 -0.081 -0.026623 -2.50481 -11.4596 0.0725292 -1.83157 -2.87114 -0.152319 11.1372 4.79085 -0.425666 20.4642 5.12303 -0.379287 11.8204 6.22029 0.102749 1.6983 0.0161037 20.5571 0.220476 7.21768 -34.4027 -26.7554 -75.9498 30.9844 -7.5462 1.23377 0.0542947 0.307918 -0.000145895 4.34699e-07 2.4653e-06 -1.59028e-14 5.56825 -4.62798 -13.6062 -2.52165 -6.88996 78.0756 -32.0453 -13.0815 -2.47956 -0.0234338 0.132899 2.71778e-05 -1.84854e-07 1.04836e-06 -6.36111e-15 22.9048 -27.0815 14.7574 29.4617 -14.5351 11.1061 0.0103003 0.68879 0.0226828 21.992 -4.24006 2.63773 -20.7887 2.56667 0.492157 0.00718185 7.98981 -3.05411 -0.00161283 -1.9458 -0.006268 -32.5402 -7.11199 -9.90795 40.1391 10.3559 -6.04345 0.258187 7.02078 -4.28619 -0.00195288 -0.945473 -0.000798225
2098.68 2391.8 966.974 160.642 2.38945 -1.299 -0.0158518 -2.73667 -11.5433 0.04064 -1.72231 -3.0103 -0.357092 11.1412 5.22699 -0.967891 20.3626 5.65865 -0.965598 11.8172 6.70113 0.114684 1.58523 -0.00995503 21.5261 0.34371 5.86961 -40.6362 -24.9384 -77.4139 33.8904 -7.76632 1.53807 0.0336625 0.190909 -5.60814e-05 5.61493e-08 3.18439e-07 1.27222e-14 3.34269 -4.47028 -14.464 -0.935757 -6.50402 76.4617 -31.3874 -12.2087 -2.05168 -0.0112387 0.0637376 6.25111e-06 -9.2349e-08 5.23737e-07 1.59028e-14 23.1954 -26.1495 15.2988 30.0081 -13.7492 11.4252 0.01887 0.797641 -0.00649819 19.4393 -1.80747 3.95569 -25.7099 0.596689 -0.189594 0.0160834 10.8812 -2.97754 -0.00084676 -1.93042 -0.00038439 -27.9923 -7.40884 -7.69786 35.2221 12.5427 -7.55451 0.207995 5.94114 -4.29534 -0.000779543 -0.965825 0.00146089
2086.82 2386.99 969.089 166.627 1.56045 -2.022 -0.00694218 -2.99346 -11.6511 -0.00890138 -1.69909 -3.11927 -0.548535 11.1466 5.68277 -1.23754 20.314 6.13771 -1.35525 11.7885 7.17855 0.090689 1.35503 -0.00952815 23.0156 0.376251 4.30056 -45.8009 -23.9216 -78.3812 35.9259 -7.97776 1.74479 0.0182146 0.1033 -1.64198e-05 -5.7929e-08 -3.28532e-07 -2.54444e-14 1.13065 -4.37947 -14.7199 -0.673479 -5.85221 74.1942 -30.8899 -11.7355 -1.84452 -0.00720061 0.0408367 2.56606e-06 -1.08445e-08 6.15023e-08 2.22639e-14 24.2784 -25.0619 15.8691 31.6166 -12.812 11.7713 0.00846988 0.625832 -0.0392335 18.052 0.019677 4.9527 -30.8406 -0.84305 -0.856892 0.0321222 14.0209 -3.08047 -0.000621182 -1.97062 0.00283743 -21.7823 -6.84774 -6.58452 29.9795 13.2576 -7.61749 0.140786 4.85396 -4.40153 -0.000249114 -0.975652 0.00424224
2076.82 2382.35 969.994 171.545 1.03999 -2.186 -0.00405207 -3.19275 -11.7158 -0.0505966 -1.70798 -3.17005 -0.661133 11.0418 6.09894 -1.27418 20.1522 6.52884 -1.4429 11.6128 7.57213 0.0665309 1.24171 0.00201768 24.5262 0.311046 2.62138 -49.5132 -23.4253 -79.0279 37.6624 -8.25075 1.88821 0.00966171 0.0547943 -4.61995e-06 -7.41629e-08 -4.20599e-07 9.54166e-15 -1.04176 -4.36863 -14.3445 -1.76115 -4.69519 71.4685 -30.3835 -11.4617 -1.84307 -0.00690244 0.0391457 2.35795e-06 3.33025e-09 -1.88868e-08 3.18055e-15 25.7314 -23.8712 15.9011 33.7159 -11.8658 11.7172 -0.0167797 0.284421 -0.0347639 17.1903 1.16184 5.4028 -35.5659 -1.62024 -1.285 0.0321411 17.5492 -3.20393 0.000241763 -2.03919 0.00319934 -14.5199 -6.14218 -6.93228 25.5023 13.1546 -6.6082 0.110768 3.36083 -4.74908 -0.000311459 -0.974664 0.00600875
2068.59 2378.48 969.487 176.054 0.69461 -1.808 -0.00492416 -3.30784 -11.7139 -0.0789285 -1.73787 -3.15064 -0.694805 10.8544 6.41179 -1.22829 19.8556 6.80948 -1.36944 11.2953 7.84155 0.064398 1.2558 0.00530361 25.5585 0.1833 0.915551 -51.6951 -22.9314 -79.6856 39.7137 -8.62312 2.1086 0.000674138 0.00382323 -2.24919e-08 -2.38422e-08 -1.35216e-07 -0 -3.1023 -4.35713 -13.4962 -4.64513 -3.10129 68.2946 -29.4394 -11.112 -1.98098 -0.00689555 0.0391066 2.35324e-06 5.09156e-09 -2.88756e-08 3.18055e-15 27.0086 -23.0023 15.1146 35.5012 -11.3398 11.0951 -0.0309468 0.0555521 -0.0103261 15.5202 1.73263 5.23755 -38.9846 -1.72392 -1.34396 0.00927895 20.8684 -3.18983 0.00160389 -2.10814 0.00158205 -7.0087 -6.18154 -8.36253 22.2508 12.983 -5.44994 0.0884077 1.14333 -5.15335 -0.000268726 -0.970977 0.00264544
2060.55 2375.74 967.63 -179.314 0.436412 -0.971 -0.00479729 -3.3557 -11.6638 -0.0969909 -1.7981 -3.08496 -0.696437 10.668 6.57087 -1.22384 19.4835 6.95994 -1.3101 10.9143 7.96284 0.0707946 1.27066 0.000698864 25.8781 0.0510792 -0.831364 -52.4757 -22.4471 -80.4886 42.0626 -9.04928 2.50247 -0.00995342 -0.0564486 -4.90313e-06 5.60229e-08 3.17722e-07 -1.27222e-14 -4.95449 -4.26385 -12.3556 -9.4759 -1.19153 64.9494 -27.6192 -10.5904 -2.0556 -0.0102908 0.0583618 5.24111e-06 -4.68595e-08 2.65753e-07 1.59028e-14 27.6271 -22.8425 13.6821 36.2964 -11.5047 10.0983 -0.024524 0.00569801 -0.000213899 12.2342 1.95716 4.53268 -40.7024 -1.27161 -1.00438 0.0111178 22.8629 -3.05309 0.00234373 -2.16098 0.000310032 0.0767318 -7.31801 -10.0419 20.1837 12.8746 -4.80105 0.0422874 -1.57734 -5.24157 0.000435325 -0.9809 -0.0113073
2050.32 2374.26 964.543 -174.575 0.265057 0.184 -0.00102531 -3.36447 -11.5894 -0.103786 -1.8937 -3.01565 -0.677195 10.5271 6.54811 -1.23114 19.0919 6.93404 -1.27798 10.5167 7.92557 0.0684435 1.238 -0.00222372 25.6011 -0.0211749 -2.52372 -52.2418 -22.327 -81.2978 44.2288 -9.37906 2.99171 -0.0136787 -0.077576 -9.26021e-06 9.21135e-08 5.22402e-07 1.27222e-14 -6.56956 -4.09071 -11.0808 -15.6354 0.833781 62.1895 -24.7983 -9.8817 -1.82152 -0.0195608 0.110935 1.89365e-05 -2.24168e-07 1.27132e-06 -1.27222e-14 27.3493 -23.2531 11.9597 35.8575 -12.1391 8.96018 -0.00980951 -0.00909805 -0.00122727 7.46168 2.025 3.52336 -41.4367 -0.357407 -0.315189 0.0513887 22.7163 -2.83081 0.00232346 -2.19763 0.00120957 6.23254 -9.17981 -11.2743 18.9563 12.6062 -4.56341 0.00844775 -4.18576 -4.89307 0.002242 -1.02029 -0.0302289
2035.78 2373.86 960.487 -169.986 0.191682 1.466 0.00516835 -3.35772 -11.5069 -0.100858 -2.01772 -2.96228 -0.587011 10.4203 6.34813 -1.12334 18.7029 6.66738 -1.13033 10.1263 7.70295 0.0618666 1.18756 -0.00487333 24.9782 -0.0163492 -3.77557 -51.7415 -22.519 -81.9904 45.7984 -9.42678 3.37057 -0.00812117 -0.0460575 -3.26412e-06 7.28865e-08 4.1336e-07 9.54166e-15 -7.97042 -3.91223 -9.76936 -22.4232 2.5529 60.8145 -21.1777 -9.01828 -1.38292 -0.0270792 0.153573 3.6291e-05 -3.23255e-07 1.83327e-06 -9.54166e-15 26.3415 -23.6351 10.3003 34.5051 -12.7084 7.83265 0.00306276 -0.082836 -0.00273192 1.809 2.00447 2.55504 -42.2739 1.05594 0.771883 0.0824598 20.4822 -2.6079 0.00194128 -2.22885 0.0030867 10.7139 -11.0439 -11.8499 18.1592 12.2344 -4.32533 0.00942552 -6.39146 -4.34167 0.00409455 -1.09421 -0.0390259
2016.11 2374 955.735 -165.622 0.203855 2.711 0.0112353 -3.35382 -11.4379 -0.0946868 -2.1452 -2.91357 -0.373344 10.2946 6.00458 -0.817992 18.287 6.13724 -0.736677 9.71756 7.23993 0.0583738 1.09678 -0.0185042 24.1264 0.0264305 -4.07399 -51.6431 -22.2314 -82.5856 46.7728 -9.16282 3.45938 -0.00169484 -0.00961191 -1.42163e-07 2.05863e-08 1.16751e-07 -3.18055e-15 -9.20636 -3.77536 -8.39871 -29.6816 3.66663 60.9222 -17.0138 -8.13144 -1.06014 -0.0250309 0.141957 3.10084e-05 -2.1403e-07 1.21382e-06 -9.54166e-15 24.9834 -23.3246 8.93205 32.8012 -12.705 6.8133 0.0165567 -0.177273 -0.00198357 -4.32902 1.8395 1.91452 -43.5355 2.9408 2.39386 0.0649558 17.3848 -2.63106 0.000633599 -2.25176 0.00262507 12.6845 -12.4311 -11.9534 17.5968 12.211 -4.05085 0.0225292 -8.38978 -3.829 0.00435586 -1.18778 -0.0307776
1991.88 2374.04 950.811 -161.369 0.298638 3.822 0.014995 -3.37362 -11.4156 -0.0878116 -2.24233 -2.85214 -0.043761 10.1005 5.54987 -0.364921 17.7996 5.41 -0.151245 9.21307 6.53549 0.0519775 0.896267 -0.0423843 22.9605 0.052589 -3.07858 -51.8064 -20.4211 -83.1461 47.6507 -8.77051 3.28424 -0.00181721 -0.0103059 -1.63433e-07 -1.82568e-08 -1.0354e-07 -1.90833e-14 -10.1579 -3.66016 -6.78883 -37.6229 4.37946 61.8233 -12.6749 -7.46907 -0.926838 -0.0154849 0.0878194 1.18672e-05 -7.91355e-08 4.488e-07 -1.27222e-14 23.5783 -21.9469 8.03919 31.1587 -11.8596 6.04182 0.0257731 -0.202593 0.00191864 -10.4789 1.43606 1.71084 -44.864 5.09113 4.63026 -0.00342212 15.1062 -2.93594 -0.00516911 -2.23734 0.000164381 11.961 -13.378 -11.785 17.0294 13.0232 -3.99428 0.0285386 -10.4935 -3.43537 0.0033021 -1.27486 -0.0150165
1964.65 2373.74 946.4 -157.195 0.488517 4.735 0.0149986 -3.43779 -11.4565 -0.0791774 -2.2875 -2.77966 0.321075 9.82368 5.03754 0.0983809 17.2244 4.65243 0.452217 8.60044 5.71176 0.0392631 0.584008 -0.0575477 21.34 0.0300834 -1.04741 -51.3763 -16.9063 -83.6389 49.0131 -8.48701 2.99203 -0.00533394 -0.0302503 -1.40807e-06 -5.8159e-08 -3.29836e-07 -1.59028e-15 -10.6108 -3.53624 -4.89894 -45.8127 5.18371 62.7358 -8.90491 -7.23578 -0.754152 -0.00560718 0.0317999 1.55603e-06 -2.09006e-08 1.18533e-07 -2.06736e-14 22.2397 -19.6388 7.75657 29.6927 -10.2734 5.66555 0.0136316 -0.111343 0.00623121 -15.638 0.684132 1.85571 -45.8938 7.34908 7.47536 -0.0632003 14.3685 -3.1867 -0.0204643 -2.14884 0.0030489 9.40605 -14.1937 -11.3982 16.1549 14.8333 -4.19477 0.0235013 -12.867 -3.18891 0.00224351 -1.34072 -0.00379448
1936.5 2373.61 943.302 -153.226 0.705061 5.452 0.0135514 -3.55022 -11.534 -0.0722907 -2.27939 -2.72003 0.613583 9.51651 4.53264 0.48749 16.6678 4.03277 0.945224 8.02662 4.96949 0.027836 0.2597 -0.0516118 19.3823 -0.0282847 1.2108 -49.8019 -12.6269 -84.0347 51.1449 -8.42278 2.7546 -0.00439678 -0.0249354 -9.56751e-07 -5.63102e-08 -3.19351e-07 -1.43125e-14 -10.6407 -3.39166 -2.97857 -53.0807 6.43894 63.2382 -6.50192 -7.32646 -0.455975 -0.000181864 0.0010314 1.6369e-09 -5.73479e-09 3.25236e-08 -1.59028e-15 21.0634 -17.0203 8.06222 28.4438 -8.39797 5.72457 -0.0106246 0.053253 0.00730907 -18.7044 -0.410683 2.14678 -46.7773 9.72603 10.8008 0.0049796 14.4946 -3.24276 -0.0398461 -1.97191 0.0138378 6.55752 -15.008 -10.8201 14.7439 17.2715 -4.36884 0.00597226 -15.2506 -3.10488 0.00190485 -1.38724 0.000170229
1909.3 2374.57 942.592 -149.671 0.762438 6.088 0.0156332 -3.69455 -11.6086 -0.0718946 -2.23343 -2.70488 0.776773 9.31325 4.06108 0.826175 16.3796 3.5854 1.30313 7.76425 4.43083 0.0209679 0.0181419 -0.0319573 17.5737 -0.07783 2.91055 -47.4097 -8.94463 -84.3527 53.8589 -8.55469 2.79212 0.0026277 0.0149024 -3.41727e-07 6.45715e-09 3.66204e-08 7.95139e-15 -10.7009 -3.25484 -1.31363 -59.0474 8.28505 63.2531 -5.59435 -7.45404 -0.245236 0.00127923 -0.00725486 8.09887e-08 -5.2471e-10 2.9758e-09 -1.59028e-15 20.2744 -14.8892 8.83146 27.622 -6.81479 6.16019 -0.0184834 0.196436 0.00434968 -19.3995 -1.71316 2.3703 -47.7615 12.4344 14.4717 0.268461 14.135 -3.38888 -0.0473788 -1.73694 0.0227336 4.78079 -15.4859 -10.1446 12.7375 19.4592 -4.22575 -0.0243252 -17.0242 -3.10898 0.00188722 -1.42403 1.64791e-05
1884.11 2377.45 945.041 -146.651 0.488378 6.804 0.0228447 -3.84692 -11.668 -0.0758084 -2.17024 -2.75104 0.802019 9.347 3.64388 1.16212 16.5614 3.23429 1.54284 8.01867 4.08018 0.0156076 -0.112222 -0.0120769 16.5392 -0.0920565 3.67675 -45.0664 -6.72627 -84.4877 56.6375 -8.82111 3.19582 0.00890885 0.0505246 -3.928e-06 4.45484e-08 2.52647e-07 1.59028e-15 -11.358 -3.1831 -0.00632294 -64.3918 10.8049 62.8328 -5.55846 -7.47813 -0.270396 0.00130017 -0.00737365 8.36626e-08 -1.40584e-10 7.97314e-10 -3.18055e-15 19.9826 -13.9673 9.83525 27.3165 -6.04908 6.83024 -0.00524756 0.229499 -0.00228688 -18.5222 -3.0626 2.32292 -48.0996 15.8408 18.1649 0.663931 12.4328 -3.91189 -0.0351587 -1.52215 0.0187556 4.41657 -15.0396 -9.58229 10.3632 20.4878 -3.70426 -0.0560734 -17.7385 -3.08381 0.0014678 -1.45492 -0.00103701
1860.68 2382.66 950.624 -144.011 -0.156943 7.687 0.0297011 -3.99137 -11.7209 -0.0778044 -2.10406 -2.85365 0.696883 9.64265 3.3167 1.47705 17.2145 2.92676 1.61513 8.7641 3.84958 0.00963255 -0.138547 0.000609944 16.6587 -0.0782811 3.67103 -43.5488 -5.87496 -84.4102 58.9437 -9.11303 3.8227 0.00485755 0.0275485 -1.16779e-06 3.86809e-08 2.1937e-07 -9.54166e-15 -12.8727 -3.19798 1.07657 -69.7038 14.1727 62.0826 -5.59011 -7.39091 -0.443362 0.0011607 -0.00658264 6.66755e-08 -1.893e-09 1.07359e-08 1.59028e-15 20.0086 -14.6085 10.7751 27.256 -6.37277 7.56589 0.0130371 0.121533 -0.00621907 -17.2268 -4.23451 1.88446 -46.0242 20.3442 20.8196 0.985544 9.35603 -4.77928 -0.0133771 -1.40817 -0.00283636 4.82854 -13.2616 -9.36274 7.93719 19.9225 -2.89792 -0.0745341 -17.3532 -3.01068 0.000685151 -1.47524 -0.00157933
1838.06 2389.89 958.153 -141.338 -1.01314 8.671 0.029207 -4.12743 -11.771 -0.0756433 -2.04495 -2.9963 0.486339 10.0917 3.1188 1.6236 18.1129 2.72998 1.43187 9.75523 3.6929 0.00467681 -0.0737968 0.00564642 17.6114 -0.0633678 3.36016 -42.8787 -5.7432 -84.3809 60.3188 -9.29434 4.42345 -0.0126808 -0.0719163 -7.95831e-06 1.87578e-08 1.06381e-07 3.18055e-15 -14.9668 -3.25893 2.0922 -74.4907 18.4236 61.2127 -5.36093 -7.22682 -0.529283 -5.2158e-05 0.000295803 1.34638e-10 -7.92721e-09 4.49574e-08 1.98785e-16 19.9879 -16.5849 11.3699 26.9615 -7.67352 8.17051 0.0227225 -0.0477646 -0.00326544 -16.2035 -5.06415 1.08054 -40.0841 25.907 20.852 0.901265 5.3086 -5.46666 0.0020031 -1.40581 -0.0324874 5.06363 -10.2501 -9.49206 5.76604 17.8711 -2.00738 -0.0757931 -16.111 -2.93735 1.0922e-05 -1.4815 -0.00158397
1815.56 2398.33 965.416 -138.199 -1.7947 9.626 0.0217109 -4.27961 -11.8176 -0.0712064 -2.00398 -3.16195 0.203574 10.5478 3.06634 1.43463 18.9746 2.75025 0.986405 10.7009 3.61158 0.00333518 0.0400158 0.00608639 18.394 -0.0861967 3.08049 -42.3421 -5.75765 -84.6938 60.4521 -9.33478 4.84114 -0.0347345 -0.196988 -5.97102e-05 1.65811e-07 9.40359e-07 9.54166e-15 -17.0225 -3.30201 2.96894 -77.6507 23.0549 60.3154 -5.0872 -7.0678 -0.430125 -0.0029902 0.0169583 4.42516e-07 -1.35056e-08 7.6594e-08 -1.59028e-15 19.6377 -19.309 11.3941 26.1355 -9.58582 8.3966 0.0179991 -0.150795 -0.000409156 -15.4788 -5.54049 0.0319341 -30.693 31.0644 17.3124 0.26577 1.28432 -5.20804 0.00583125 -1.45099 -0.0451659 4.31094 -6.52128 -9.75004 4.22782 14.7311 -1.2775 -0.0655931 -14.3518 -2.87008 -0.000258403 -1.47775 -0.00136683
1793.08 2407.12 970.414 -134.584 -2.27459 10.456 0.0128489 -4.47991 -11.8625 -0.065506 -1.99017 -3.33662 -0.0645263 10.922 3.1022 0.929817 19.6677 2.97982 0.422721 11.4032 3.61318 0.00579107 0.147462 0.00474573 17.9596 -0.1729 2.95326 -41.139 -5.92669 -85.4029 58.9622 -9.24419 5.08186 -0.0541791 -0.307262 -0.000145274 4.66667e-07 2.6466e-06 -3.18055e-15 -18.4915 -3.31824 3.37152 -79.0949 27.0016 59.3777 -4.78014 -6.96378 -0.223398 -0.00520509 0.0295195 1.34086e-06 -1.67712e-08 9.51141e-08 3.37934e-15 18.9965 -22.0279 10.8242 24.9697 -11.571 8.12464 0.00484693 -0.15086 -7.92973e-05 -14.7664 -5.93292 -1.16877 -21.4006 33.509 12.0714 -0.381791 -1.00907 -4.04641 0.00345013 -1.48157 -0.0313632 2.41983 -2.67077 -9.86462 3.79159 10.9707 -0.825072 -0.0476733 -12.3876 -2.81179 -0.00010045 -1.47587 -0.00173202
1771.1 2415.4 972.348 -130.978 -2.3444 11.06 0.0071121 -4.7658 -11.8633 -0.0630297 -1.94281 -3.56911 -0.19477 11.1781 3.15247 0.370557 20.1656 3.26697 -0.00825238 11.7739 3.68909 0.00987652 0.224228 0.00305407 15.7387 -0.291894 2.98432 -38.8953 -6.81098 -86.2769 55.3444 -8.91126 5.16785 -0.0755925 -0.428698 -0.0002828 1.11839e-06 6.34272e-06 -6.36111e-14 -19.0805 -3.32154 2.81499 -79.7549 28.9957 58.2679 -4.01909 -6.84618 0.0652564 -0.00111158 0.00630411 6.11524e-08 9.54326e-08 -5.41225e-07 4.57205e-15 18.2952 -24.0471 9.95675 23.8672 -13.0907 7.54653 -0.00450301 -0.119785 0.000280848 -13.8199 -6.79619 -2.40662 -16.2658 32.829 8.51335 -0.550884 -0.368003 -2.98461 0.000819786 -1.50361 -0.0155243 -0.253134 0.743118 -9.63136 4.86765 7.2025 -0.567686 -0.024288 -10.6848 -2.83712 0.000211311 -1.48664 -0.00341708
1750.26 2422.8 971.758 -127.886 -2.03222 11.357 0.00476637 -5.17381 -11.6785 -0.0744068 -1.6903 -4.04276 -0.123141 11.2974 3.18685 0.128338 20.4462 3.41365 -0.0881266 11.8381 3.8045 0.0134967 0.266648 0.00119485 11.8602 -0.366963 3.13555 -36.0882 -8.83205 -86.9958 49.4134 -8.15794 4.915 -0.0948455 -0.53788 -0.000445197 2.20099e-06 1.24824e-05 -2.51264e-13 -18.6663 -3.22469 0.946375 -80.6829 28.1493 56.5551 -2.38555 -6.55196 0.406469 0.0139183 -0.0789347 9.58743e-06 4.01871e-07 -2.27912e-06 1.43125e-14 17.6486 -25.0734 9.18187 22.9657 -13.9104 6.97894 -0.00520514 -0.121344 -0.000234002 -12.6025 -8.42977 -3.46254 -15.2489 30.1301 7.14847 -0.476188 3.02973 -2.51757 -0.00101678 -1.55123 -0.00944443 -3.1708 3.27576 -8.99223 7.29484 4.19848 -0.369745 -0.00653904 -9.81312 -2.97983 0.000359867 -1.5113 -0.00542487
1731.01 2429.49 969.995 -125.386 -1.44798 11.357 0.0035876 -5.69278 -11.1515 -0.103642 -1.08103 -4.97838 0.115118 11.2902 3.20927 0.346857 20.4975 3.34694 0.214335 11.7144 3.90212 0.0157523 0.266074 -0.00274414 7.15925 -0.351999 3.3949 -33.6418 -11.8443 -87.3999 41.5855 -6.88078 4.17312 -0.0977019 -0.554078 -0.000472416 3.37909e-06 1.91638e-05 -5.85222e-13 -17.1681 -2.87639 -2.17795 -82.5595 24.3974 53.7579 0.196227 -6.0105 0.633917 0.0337631 -0.191479 5.64173e-05 8.63984e-07 -4.8999e-06 4.92986e-14 17.0163 -25.3144 8.74207 22.1518 -14.1552 6.63504 0.000260843 -0.131692 -0.000317638 -11.2951 -10.6457 -4.15273 -15.4753 26.367 6.30996 -0.56154 7.75163 -2.32518 -0.00213623 -1.6264 -0.0102007 -5.62439 4.65179 -8.11565 10.0524 2.62262 -0.232237 -0.00231127 -9.84463 -3.13481 0.000279339 -1.54445 -0.00601848
1713.42 2436.11 968.403 -123.225 -0.7656 11.197 0.00308771 -6.26304 -10.2581 -0.136597 -0.138547 -6.4436 0.395446 11.2515 3.213 0.821172 20.4262 3.13873 0.699675 11.6107 3.92555 0.0141797 0.20844 -0.00716391 2.89369 -0.256196 3.75567 -32.2628 -15.2717 -87.5631 33.0409 -5.23385 3.09345 -0.0761069 -0.431615 -0.000286662 3.33944e-06 1.89389e-05 -5.62958e-13 -14.4851 -2.21585 -6.03933 -85.8346 18.8181 49.7179 3.2215 -5.39325 0.539613 0.0422276 -0.239483 8.82511e-05 1.08351e-06 -6.14491e-06 3.97569e-14 16.3465 -25.4004 8.7339 21.3072 -14.2398 6.62143 0.00674443 -0.102233 0.000904713 -10.0774 -12.9391 -4.52933 -14.7864 22.0402 4.90704 -0.825996 11.8859 -2.25896 -0.00148818 -1.69824 -0.00998614 -7.25243 4.99156 -7.33187 11.8652 2.65437 -0.315703 0.00170262 -10.2435 -3.17447 8.59967e-05 -1.58029 -0.00452797
1696.88 2443.92 967.797 -121.285 -0.207878 11.129 0.00431408 -6.778 -9.19326 -0.146049 0.88951 -8.18568 0.589517 11.309 3.15394 1.22969 20.4517 2.88975 1.09021 11.7273 3.8226 0.00852684 0.117782 -0.00677594 0.0934277 -0.139668 4.20119 -32.067 -18.4841 -87.6974 25.383 -3.6065 2.02014 -0.0426905 -0.242108 -9.01964e-05 1.68049e-06 9.53051e-06 -1.46306e-13 -10.8406 -1.39345 -9.67059 -90.2883 13.3862 44.7538 5.97069 -4.95555 0.238363 0.0316215 -0.179334 4.94871e-05 5.84177e-07 -3.31303e-06 4.77083e-15 15.6363 -26.0436 9.05895 20.3678 -14.669 6.89281 0.0120528 -0.0233115 0.000505735 -8.88542 -14.8142 -4.92788 -12.961 17.2944 3.14081 -0.981277 14.157 -2.41882 0.00173207 -1.72247 0.000590592 -8.25094 4.89103 -6.9727 12.0384 3.85775 -0.679303 0.016916 -10.5634 -3.07053 -8.6686e-05 -1.61747 -0.00179638
1680.56 2454.16 967.999 -119.698 0.139833 11.369 0.00495168 -7.13804 -8.28497 -0.123048 1.69522 -9.71719 0.642482 11.4921 3.01259 1.36534 20.6827 2.66403 1.2239 12.0719 3.60316 0.00340271 0.048066 -0.00278813 -1.09317 -0.0628031 4.70247 -32.505 -21.1228 -87.9983 19.7316 -2.36861 1.2064 -0.0167822 -0.0951764 -1.39388e-05 4.00102e-07 2.26909e-06 6.36111e-15 -7.10707 -0.682194 -12.0487 -94.329 9.53602 39.9212 7.99008 -4.72869 0.0261406 0.0140265 -0.0795484 9.73709e-06 1.52383e-07 -8.64209e-07 6.36111e-15 14.7796 -27.5608 9.24992 19.1333 -15.7372 7.10441 0.0147982 0.160409 -0.0117183 -7.79801 -16.1733 -5.76008 -10.5723 12.4055 1.65169 -0.905283 14.1955 -2.66493 0.00682869 -1.65614 0.0209622 -9.04082 4.9461 -7.25466 10.6066 5.57027 -1.09555 0.0294597 -11.0576 -2.84202 -0.000135813 -1.65215 -8.64607e-05
1663.77 2467.7 967.834 -118.658 0.366232 11.975 0.00024719 -7.32918 -7.73736 -0.0890177 2.16128 -10.7025 0.607441 11.6993 2.82302 1.29833 20.9865 2.47394 1.16219 12.4469 3.34977 0.00121586 0.0184646 -0.000331847 -1.28479 -0.0348483 5.06191 -33.1025 -22.979 -88.4818 16.4906 -1.67346 0.729254 -0.00457957 -0.025972 -1.03796e-06 3.97823e-08 2.25616e-07 -9.54166e-15 -4.4006 -0.236413 -12.8425 -96.1694 7.00372 36.678 9.18274 -4.66654 -0.0118021 0.00371674 -0.0210787 6.83679e-07 3.69476e-09 -2.09539e-08 2.54444e-14 13.398 -29.6203 8.51893 17.1387 -17.3021 6.624 0.014417 0.509936 -0.0299919 -7.34366 -17.2206 -7.35745 -7.99573 7.90827 0.759138 -0.715662 12.5112 -2.70848 0.012448 -1.48384 0.0365308 -9.73301 5.41307 -8.24581 7.85074 7.32766 -1.22188 0.037444 -12.505 -2.55681 -0.000236718 -1.67063 -0.00147083
1646.2 2484.65 965.822 -118.275 0.630947 12.788 -0.00817516 -7.39408 -7.53098 -0.0661827 2.36043 -11.1429 0.613082 11.7728 2.63646 1.29901 21.0943 2.29215 1.14602 12.5821 3.12043 0.000333293 0.00425726 2.52873e-05 -1.13677 -0.0357122 5.13647 -33.867 -23.7273 -88.9558 15.5599 -1.44837 0.550704 -0.00175581 -0.00995768 -1.52575e-07 3.02694e-09 1.71667e-08 -9.54166e-15 -3.51264 -0.0312913 -12.4253 -94.6927 4.37725 35.8913 9.62302 -4.83503 -0.0962796 0.00102276 -0.00580037 5.177e-08 -4.57881e-08 2.59677e-07 -1.11319e-14 11.2467 -31.3568 6.50436 14.2076 -18.72 5.10739 0.00552242 0.833076 -0.0185801 -8.18559 -18.1958 -9.82483 -5.28689 4.46412 0.334699 -0.526303 10.1089 -2.49808 0.0178826 -1.23281 0.0323969 -9.69443 6.14675 -9.78037 4.13934 8.87958 -0.869323 0.0503327 -15.2597 -2.47039 -0.000497407 -1.66616 -0.00392604
1627.54 2503.93 961.263 -118.629 1.01453 13.477 -0.0102549 -7.38943 -7.51192 -0.0589167 2.42047 -11.2647 0.772842 11.6331 2.47348 1.61973 20.8483 2.05724 1.41766 12.3416 2.8967 -0.00170231 -0.0260492 -0.000366786 -0.808818 -0.0550163 5.16169 -34.9931 -23.116 -89.1067 16.4729 -1.50848 0.504917 -0.00309801 -0.0175697 -4.75001e-07 1.79264e-09 1.01664e-08 -1.59028e-14 -4.48901 0.0660308 -11.2652 -89.5299 0.721519 37.5246 9.16406 -5.35459 -0.560504 0.000646858 -0.00366851 2.07084e-08 -9.44571e-08 5.35693e-07 3.33958e-14 8.86357 -31.9736 4.02549 11.1104 -19.2748 3.1831 -0.00962458 0.808919 0.0115534 -10.7123 -19.1103 -12.9931 -2.43009 2.6083 0.0343932 -0.322718 7.92124 -2.24589 0.021555 -0.957753 0.010683 -8.21808 6.79113 -11.3793 0.370628 10.1774 -0.214504 0.0467368 -18.6516 -2.74889 -0.00128857 -1.66211 -0.00544328
1607.14 2524.22 955.201 -119.815 1.44033 13.75 -0.00110111 -7.3691 -7.53374 -0.0596197 2.43739 -11.2956 1.15761 11.3408 2.30718 2.42245 20.3353 1.69882 2.12117 11.8272 2.63129 -0.00550294 -0.0836265 -0.000990529 -0.124735 -0.084831 5.45769 -36.4546 -21.3168 -88.5815 18.6437 -1.71297 0.45007 -0.00464045 -0.0263173 -1.06573e-06 9.41702e-10 5.34073e-09 9.54166e-15 -6.77387 0.15683 -9.45362 -80.8548 -3.64346 40.9257 7.46847 -6.14422 -1.41649 0.00219636 -0.0124562 2.38745e-07 4.36516e-09 -2.47561e-08 -4.77083e-15 7.31672 -31.3828 2.52163 9.14869 -18.8607 2.01834 -0.0126546 0.468145 0.0123926 -14.495 -19.7213 -16.488 0.265435 2.51019 -0.342596 -0.0682907 6.7864 -2.22381 0.0204518 -0.715724 -0.0105027 -5.49378 7.18029 -12.4343 -2.13399 11.4876 0.341135 0.018188 -21.6183 -3.13903 -0.00311429 -1.7017 -0.00914535
1584.34 2544.37 949.978 -121.712 1.82778 13.505 0.0123273 -7.36385 -7.55297 -0.0635153 2.43533 -11.3239 1.75532 11.0225 2.11047 3.67825 19.763 1.20876 3.22728 11.2521 2.31966 -0.00850587 -0.143278 -0.000531138 0.899821 -0.100679 6.02465 -37.735 -19.0491 -87.2016 21.3763 -2.00422 0.410251 -0.00466548 -0.0264593 -1.07726e-06 2.17927e-10 1.23586e-09 -1.27222e-14 -9.64855 0.212634 -6.80439 -69.2302 -7.75753 45.1063 4.48851 -6.85692 -2.17127 0.00653656 -0.0370707 2.11459e-06 3.09451e-07 -1.75498e-06 1.59028e-14 7.18017 -30.1318 2.71519 9.0128 -17.9371 2.16486 -0.00548915 0.156083 -0.00371457 -18.3908 -19.9234 -19.6844 2.35733 3.94391 -0.694967 0.147944 7.17218 -2.47737 0.0143811 -0.539202 -0.0180093 -2.41842 7.28996 -12.5763 -2.6308 13.3371 0.556613 -0.00924511 -23.4496 -3.32481 -0.00479987 -1.80762 -0.0142783
1558.92 2563.97 947.882 -123.959 2.12578 12.842 0.0193377 -7.37779 -7.57791 -0.0671969 2.41384 -11.3625 2.44873 10.7844 1.89253 5.1293 19.3119 0.661504 4.50956 10.8052 2.00056 -0.00771594 -0.155541 0.00116859 1.99018 -0.0910853 6.43355 -38.1985 -17.3585 -85.0911 23.968 -2.37792 0.525095 -0.00526255 -0.0298454 -1.37063e-06 2.58605e-10 1.46658e-09 3.18055e-15 -12.3642 0.187508 -3.38239 -56.553 -10.7172 48.8242 0.924573 -7.22549 -2.15573 0.00965528 -0.0547578 4.61379e-06 2.23309e-07 -1.26645e-06 1.59028e-14 8.08035 -28.8423 4.24198 10.2609 -16.9656 3.30068 -0.00142367 0.0388495 -0.00605484 -21.0455 -20.0208 -21.8803 3.36671 6.45761 -0.795584 0.198147 8.97319 -2.77225 0.00739756 -0.427169 -0.0152799 0.422211 6.95808 -12.0135 -1.85066 16.3426 0.61533 -0.057332 -23.8963 -3.31481 -0.00437616 -1.95712 -0.0139693
1531.22 2583.58 949.974 -126.242 2.22753 11.969 0.0171813 -7.3932 -7.60726 -0.0673458 2.39353 -11.4088 3.09094 10.663 1.67218 6.4649 19.0589 0.140013 5.69168 10.5701 1.69438 -0.00371773 -0.101212 0.00189595 2.92388 -0.0771956 6.20437 -37.6642 -16.969 -82.4666 26.0872 -2.76056 0.816585 -0.00850444 -0.048231 -3.57948e-06 -7.91729e-10 -4.49017e-09 -0 -14.3901 0.107685 0.363969 -45.8652 -12.2633 51.0639 -2.10297 -7.35716 -1.36582 0.00716092 -0.0406116 2.53785e-06 -3.58783e-09 2.03475e-08 -1.11319e-14 9.20744 -27.8325 6.38725 11.8227 -16.1504 4.86481 -0.000493013 -0.0107484 -0.00347996 -21.2409 -20.5656 -22.6351 2.74384 9.66976 -0.463516 0.0668072 11.5329 -2.8709 0.00267078 -0.359497 -0.0103835 3.36856 5.85675 -11.4708 -1.52119 21.0475 1.12335 -0.149236 -23.0173 -3.25732 -0.00214807 -2.0981 -0.0074077
1501.76 2603.97 955.381 -128.494 2.01818 11.032 0.0121523 -7.38615 -7.62878 -0.065403 2.40139 -11.444 3.60065 10.629 1.45674 7.52381 18.9685 -0.319266 6.62868 10.5064 1.39488 -0.000548876 -0.0223525 0.000956219 3.63261 -0.0697194 5.33482 -36.4612 -17.7657 -79.5693 27.8716 -2.97853 1.13557 -0.0134364 -0.0762018 -8.93506e-06 -8.57495e-09 -4.8631e-08 -0 -15.5144 0.0198674 3.83252 -39.4216 -12.5826 51.7079 -4.11405 -7.53707 -0.521953 0.000103165 -0.000585078 5.26741e-10 -1.90398e-08 1.0798e-07 4.77083e-15 9.95179 -27.1062 8.66056 12.8501 -15.5041 6.49898 -0.0026951 -0.103101 -0.00108828 -18.521 -21.7502 -21.9088 0.415648 13.3564 0.340501 -0.106611 13.7743 -2.80262 0.000849314 -0.316759 -0.00702603 7.11018 3.68714 -11.5521 -2.89972 27.7481 2.6956 -0.177703 -21.066 -3.18213 -0.000753524 -2.18684 0.000395374
1470.96 2625.83 961.723 -130.889 1.47746 10.032 0.01045 -7.34825 -7.62612 -0.0648952 2.45072 -11.4426 4.02812 10.6296 1.26974 8.41689 18.943 -0.715831 7.41867 10.5062 1.12069 -0.000855337 0.0196558 7.29134e-05 4.03768 -0.0508818 4.34101 -35.0576 -18.8128 -76.804 29.7528 -3.02118 1.39815 -0.017166 -0.0973532 -1.45837e-05 -2.12371e-08 -1.20441e-07 9.54166e-15 -15.798 -0.0461758 6.48448 -37.4792 -11.9195 51.3441 -5.40398 -7.86351 -0.1129 -0.0123228 0.0698859 7.51529e-06 -3.72216e-08 2.11094e-07 -1.90833e-14 10.1152 -26.5305 10.803 13.0923 -14.9701 8.02963 -0.0103088 -0.186192 -0.000524962 -13.4874 -23.1104 -20.0107 -2.84851 17.3677 1.45968 -0.178769 14.869 -2.74173 0.00118804 -0.293033 -0.00499652 11.7497 0.430068 -12.216 -6.03703 36.1685 5.45679 -0.00175022 -18.6064 -3.10751 -0.000742609 -2.21434 0.00597509
1439.37 2649.32 966.624 -133.507 0.768039 8.906 0.0122444 -7.29602 -7.58979 -0.0665668 2.52628 -11.3893 4.49657 10.6104 1.14456 9.39479 18.8679 -1.0641 8.28556 10.4507 0.913052 -0.0027159 0.013212 -0.000333756 4.00173 -0.0168278 3.89246 -33.9815 -18.9494 -74.7744 32.1268 -3.06056 1.65735 -0.0186457 -0.105745 -1.72062e-05 -2.35122e-08 -1.33345e-07 3.18055e-15 -15.5678 -0.0751839 8.10188 -38.2648 -10.8807 50.6099 -6.60724 -8.14867 -0.0701211 -0.035965 0.203967 6.4016e-05 -2.81497e-07 1.59645e-06 -0 9.78711 -25.9974 12.6055 12.7142 -14.5056 9.31988 -0.0144239 -0.184955 -0.0014598 -7.47675 -24.0143 -17.4998 -5.73363 21.482 2.5727 -0.12704 14.713 -2.75793 0.00137197 -0.284425 -0.00247957 16.5753 -3.58292 -12.95 -9.84201 45.3045 8.7599 0.308464 -16.4892 -3.11769 -0.000595802 -2.20351 0.00766415
1408.04 2673.71 969.163 -136.15 0.149676 7.683 0.0135682 -7.25795 -7.52496 -0.0678388 2.59012 -11.291 5.05311 10.5377 1.09531 10.5431 18.6797 -1.36031 9.30604 10.283 0.80323 -0.00319257 -0.00376952 -0.000376787 3.60116 0.00677945 4.35182 -33.606 -17.6757 -73.8936 35.0264 -3.23374 1.93291 -0.0181278 -0.102808 -1.62637e-05 -1.58846e-08 -9.0086e-08 2.54444e-14 -15.2523 -0.0630818 8.81191 -39.3655 -10.2324 49.7439 -8.42286 -8.29362 -0.185809 -0.0698234 0.395982 0.000241282 -1.57125e-06 8.91098e-06 1.17681e-13 9.15292 -25.5567 13.8706 11.9679 -14.1625 10.2359 -0.00937156 -0.116277 -0.00175542 -1.86091 -24.0928 -14.9599 -7.05258 25.2206 3.22602 0.000759094 13.6093 -2.84288 -0.00101559 -0.270611 0.00290774 20.63 -7.77863 -13.3054 -12.3991 53.7334 11.0907 0.387384 -15.3717 -3.24068 -0.000150495 -2.1841 0.00559858
1378.14 2698.03 970.239 -138.551 -0.261405 6.532 0.0112467 -7.24939 -7.44785 -0.0658455 2.61405 -11.1732 5.61106 10.4108 1.09677 11.6753 18.3966 -1.58264 10.3134 10.0283 0.780758 -0.00214632 -0.00474928 -7.30502e-05 3.28573 0.00607793 5.49089 -33.7198 -15.4522 -73.8866 38.1154 -3.5591 2.20707 -0.0165219 -0.0937001 -1.35097e-05 -1.19642e-08 -6.78525e-08 -1.90833e-14 -15.1643 -0.0261715 8.99218 -39.4235 -10.2187 48.57 -11.1593 -8.54711 -0.338284 -0.101985 0.578368 0.000514747 -4.75012e-06 2.69393e-05 1.15772e-12 8.365 -25.256 14.5169 11.0061 -13.9724 10.7027 -0.0043158 -0.0493721 -0.00103845 2.64124 -23.2007 -12.8068 -6.35597 27.8439 3.02641 0.114051 11.694 -2.97697 -0.00498204 -0.226219 0.0106528 23.4309 -11.6266 -13.2237 -11.6532 60.1832 10.53 0.0261164 -15.2917 -3.35134 0.00012961 -2.16994 0.00296834
1350.33 2721.41 971.586 -140.549 -0.556473 5.652 0.00654585 -7.26735 -7.37924 -0.0615018 2.59521 -11.0691 6.02546 10.2455 1.0749 12.4994 18.0658 -1.742 11.0487 9.7232 0.76535 -0.000969211 0.00950069 -2.34782e-05 3.51916 -0.0105702 6.66001 -33.7917 -13.2411 -73.9877 41.017 -3.96755 2.50025 -0.0172131 -0.09762 -1.46637e-05 -1.32306e-08 -7.50347e-08 1.90833e-14 -15.4182 0.0189682 9.16862 -38.112 -10.5803 46.9051 -14.8401 -9.15028 -0.498074 -0.126094 0.715074 0.000786859 -8.97734e-06 5.0913e-05 4.00114e-12 7.50156 -24.8352 14.6936 9.89499 -13.7364 10.8044 -0.0103551 -0.0400158 0.00108859 5.92811 -21.2673 -11.2499 -4.02348 28.6389 1.9803 0.122585 8.85411 -3.10748 -0.00722263 -0.147316 0.0153135 24.9692 -14.9134 -12.8743 -7.13538 63.84 6.51082 -0.386703 -15.7515 -3.315 0.000381227 -2.15679 0.00184959
1324.33 2743.24 974.266 -142.181 -0.873166 5.092 0.00261328 -7.30079 -7.3363 -0.0580323 2.54859 -11.0046 6.21689 10.0555 0.964134 12.8649 17.7138 -1.87883 11.3795 9.37536 0.66968 -0.000421334 0.0330252 -0.000195609 4.41945 -0.0353441 7.32804 -33.525 -11.6861 -73.572 43.6426 -4.38303 2.8408 -0.0228059 -0.129339 -2.57409e-05 -1.26747e-08 -7.18819e-08 2.8625e-14 -16.0441 0.0768644 9.69875 -35.3764 -11.0305 44.8846 -19.6401 -10.0102 -0.807682 -0.148138 0.84007 0.00108602 -1.377e-05 7.80933e-05 9.35719e-12 6.63734 -23.8418 14.7716 8.73712 -13.1187 10.8215 -0.0260939 -0.0913216 0.00335294 7.83525 -18.2547 -10.3233 -0.638847 27.3567 0.505861 0.0337605 5.12417 -3.13297 -0.00627792 -0.0590648 0.0128152 25.3477 -17.6178 -12.3853 -2.14927 64.389 2.13333 -0.164253 -16.0843 -3.15891 0.000511342 -2.13819 0.00136078
1299.33 2763.27 977.999 -143.69 -1.26986 4.736 0.000643316 -7.33476 -7.32429 -0.0567972 2.49626 -10.9868 6.23111 9.86173 0.755915 12.8733 17.3689 -2.03722 11.3956 9.01601 0.462742 -0.000411881 0.0617453 -0.000376484 5.75866 -0.0616379 7.421 -33.0577 -10.8133 -72.5645 46.1195 -4.76636 3.22453 -0.0313245 -0.177649 -4.85618e-05 1.05959e-08 6.00922e-08 -7.95139e-15 -17.0973 0.145959 10.6016 -30.9823 -11.7354 42.9334 -25.9436 -10.864 -1.47116 -0.169148 0.959193 0.00141589 -1.92184e-05 0.000108993 1.82755e-11 5.98488 -22.0141 15.1686 7.85501 -11.9081 11.0988 -0.0376047 -0.143337 0.00286029 8.03807 -14.3243 -9.83374 3.61592 24.4361 -0.96751 -0.0581372 1.01594 -3.03257 -0.00357862 0.00811701 0.00642202 24.6763 -19.621 -11.8458 -0.485716 62.0046 1.03124 0.828216 -15.8512 -3.04805 0.000476401 -2.11803 0.00206478
1274.54 2781.63 981.894 -145.239 -1.76425 4.451 0.00049498 -7.35325 -7.34071 -0.0568567 2.46059 -11.0112 6.16814 9.71831 0.470734 12.7343 17.1119 -2.26028 11.2798 8.74405 0.146849 -0.000567648 0.0847889 -0.000384578 7.09534 -0.0734149 7.25522 -32.6684 -10.3967 -71.3401 48.4835 -5.10366 3.58905 -0.0342425 -0.194198 -5.80307e-05 6.20433e-08 3.51865e-07 1.59028e-15 -18.6549 0.202337 11.7032 -24.8284 -13.2469 41.4088 -33.9445 -11.709 -2.42404 -0.176087 0.998535 0.00153444 -2.0324e-05 0.000115263 2.04478e-11 5.93744 -19.5171 16.0723 7.84574 -10.1616 11.7801 -0.0400929 -0.151667 -9.84571e-05 6.63326 -9.82606 -9.34775 8.63535 20.6246 -2.21604 -0.081134 -2.68503 -2.92066 -0.00132551 0.0457982 0.00169688 22.9652 -20.6429 -11.4226 -1.82799 56.7471 2.78198 1.89758 -14.9605 -3.10169 0.000588682 -2.10786 0.00733728
1249.42 2798.97 985.115 -146.511 -2.44796 4.257 0.00320771 -7.34583 -7.37802 -0.0573456 2.45556 -11.0649 6.04816 9.69196 0.116657 12.4897 17.0445 -2.56112 11.0667 8.66538 -0.278799 -0.000666196 0.0860116 -7.70015e-05 7.9865 -0.0547278 7.14225 -32.4184 -10.2832 -70.3179 50.6476 -5.36712 3.88496 -0.026933 -0.152744 -3.59003e-05 6.44528e-08 3.6553e-07 -7.95139e-15 -20.6527 0.206747 12.6886 -17.757 -15.9432 40.2501 -42.9973 -12.8817 -3.27137 -0.17718 1.00473 0.00155354 -2.31315e-05 0.000131185 2.64622e-11 6.75384 -16.8755 17.2119 9.10236 -8.19298 12.5987 -0.049181 -0.162861 -0.00188145 4.39507 -5.06659 -8.53944 13.5838 16.56 -3.0709 -0.0478438 -5.51799 -2.90044 -0.000191099 0.0628359 -6.09023e-05 19.9465 -20.3918 -11.3668 -3.41083 48.7697 4.53449 2.18539 -13.5408 -3.2519 0.000785542 -2.1125 0.0157726
1223.8 2816.37 987.018 -146.769 -3.46757 4.315 0.0109634 -7.31459 -7.425 -0.058868 2.47071 -11.1302 5.77694 9.80234 -0.30375 11.9455 17.2088 -2.89264 10.5839 8.81547 -0.806267 -0.000577704 0.0605882 0.000341027 8.11463 -0.0214862 6.98758 -32.1282 -10.4849 -69.6745 52.568 -5.53644 4.13472 -0.0153932 -0.0872992 -1.1727e-05 2.80166e-08 1.5889e-07 -1.27222e-14 -22.7675 0.145029 13.0793 -11.3563 -19.7705 39.0738 -51.712 -14.7275 -3.78077 -0.229923 1.30373 0.002616 -6.12542e-05 0.00034739 1.85713e-10 8.28708 -14.7271 18.1719 11.3856 -6.47846 13.1978 -0.0639943 -0.18793 -0.000591282 2.66789 -0.272063 -7.60392 16.7082 12.8936 -3.29365 -0.0184735 -7.54668 -2.95949 0.0003895 0.0651366 -0.000413501 15.3558 -18.7985 -11.7668 -3.30541 38.9124 4.47182 1.56141 -11.7569 -3.26863 0.000590782 -2.12339 0.0175844
1197.75 2834.51 987.192 -145.42 -4.81076 4.805 0.0220733 -7.28662 -7.48218 -0.0607723 2.47106 -11.2094 5.25058 9.98193 -0.758459 10.8796 17.5267 -3.15513 9.63572 9.11104 -1.36857 -0.000143803 0.0156312 0.000696298 7.36512 -0.0113188 6.46762 -31.5299 -10.8721 -69.3794 54.3005 -5.65008 4.39127 -0.00661965 -0.0375419 -2.16869e-06 5.14116e-09 2.9157e-08 1.59028e-15 -24.5666 0.0618306 12.5228 -6.97941 -24.347 37.3083 -58.8215 -17.0852 -4.14468 -0.378139 2.14352 0.00707421 -0.00015605 0.000885002 1.2052e-09 10.0675 -13.5643 18.8174 13.9581 -5.45584 13.5346 -0.0608685 -0.173924 0.00137718 2.55167 4.26929 -7.29013 16.4358 10.4127 -2.80515 -0.0279611 -9.04229 -3.00617 0.00101771 0.0465563 0.000360437 9.47861 -16.205 -12.3763 -1.16072 28.4396 2.75301 0.669756 -9.66499 -2.95539 0.000273962 -2.1396 0.0108045
1171.76 2853.39 985.284 -142.834 -6.14408 5.781 0.0273613 -7.3084 -7.56268 -0.0600088 2.42395 -11.3267 4.49729 10.1228 -1.13807 9.33344 17.8381 -3.22362 8.26208 9.38895 -1.79807 0.000747069 -0.0415784 0.00100922 6.04778 -0.0283869 5.47582 -30.5678 -11.0401 -69.4328 55.8622 -5.77012 4.65606 -0.00150655 -0.00854408 -1.1233e-07 -1.88566e-10 -1.06949e-09 -4.77083e-15 -25.6394 0.0198923 11.1077 -5.11107 -29.2458 34.3228 -63.8431 -19.1869 -4.59319 -0.565079 3.20133 0.0157908 -0.000265692 0.00150682 3.49372e-09 11.5858 -13.5807 19.2334 16.0487 -5.31762 13.7679 -0.041265 -0.152654 0.00116098 3.96406 7.92505 -8.20942 13.005 9.77733 -1.98412 -0.0472079 -10.3063 -2.97186 0.00142553 -0.000966493 0.00308661 3.4708 -13.3431 -12.8845 2.7236 18.6178 0.585169 0.12748 -7.30925 -2.41186 0.000360459 -2.17184 0.00117167
1146.74 2872.49 981.384 -140.474 -7.02789 6.967 0.0182104 -7.38882 -7.66106 -0.0542904 2.3324 -11.4777 3.71452 10.1734 -1.27363 7.70054 18.0149 -3.00233 6.81268 9.52872 -1.89144 0.00162284 -0.100214 0.000818277 4.80958 -0.0351325 4.27168 -29.4585 -10.665 -69.872 57.034 -5.89042 4.83815 0.00252783 0.0143361 -3.16247e-07 -6.8277e-10 -3.87216e-09 1.11319e-14 -25.7645 0.0350068 9.31813 -5.3618 -34.2228 29.8703 -66.9376 -20.3356 -5.09386 -0.669128 3.78919 0.0221343 -0.00033734 0.00191315 5.632e-09 12.6151 -14.6085 19.4624 17.3569 -5.94858 13.9513 -0.0293077 -0.17852 -0.00086099 5.94905 10.0218 -9.91092 8.57836 10.9924 -1.34604 -0.0424215 -11.5748 -2.86302 0.00114804 -0.0771906 0.00610545 -1.01183 -11.0222 -13.177 7.92311 10.5851 -0.832022 -0.0172244 -4.92753 -2.01124 0.000690258 -2.2172 -0.00641655
1123.06 2890.99 976.39 -139.727 -7.3121 7.948 0.000468767 -7.47719 -7.74467 -0.0457546 2.23601 -11.6086 3.1125 10.133 -1.08631 6.41906 17.9928 -2.51175 5.6763 9.48034 -1.58543 0.00159037 -0.13733 8.95842e-05 4.14029 -0.0162809 3.29014 -28.4789 -9.71218 -70.615 57.4745 -5.93285 4.84797 0.00419922 0.023815 -8.72703e-07 -3.38636e-09 -1.92049e-08 -1.43125e-14 -25.0392 0.0705854 7.7033 -7.22271 -39.1888 24.1815 -68.3156 -20.3295 -5.50296 -0.611302 3.46258 0.0184773 -0.000293128 0.00166241 4.25249e-09 13.1989 -16.227 19.3449 18.0042 -7.05747 13.9302 -0.0270285 -0.194139 -0.0026166 7.77412 10.6633 -11.3411 5.4711 13.2558 -1.10428 -0.0260918 -12.9172 -2.74312 0.000720327 -0.177036 0.00525798 -3.16049 -9.7085 -13.3169 13.734 5.33467 -1.21545 -0.0252146 -2.89777 -1.9749 0.000731396 -2.26001 -0.00845388
1100.14 2908.53 971.662 -140.825 -7.17901 8.588 -0.0121397 -7.52965 -7.78847 -0.0399665 2.17415 -11.6767 2.75033 10.0103 -0.66326 5.63596 17.7854 -1.8878 4.98448 9.25544 -1.01054 0.000559113 -0.139575 -0.00052042 4.06772 0.00136704 2.78902 -27.8281 -8.4197 -71.502 56.9535 -5.8723 4.65091 0.00272949 0.0154797 -3.68716e-07 -4.9083e-09 -2.78362e-08 -6.36111e-15 -23.7335 0.0889576 6.40917 -10.4906 -44.0656 17.7613 -68.0774 -19.4904 -5.69813 -0.426282 2.41611 0.00898934 -0.000146318 0.000829813 1.0596e-09 13.4195 -18.0555 18.7178 18.1503 -8.38233 13.5546 -0.0217627 -0.147784 -0.00329681 9.53902 10.4977 -12.0798 4.52518 15.6545 -1.2194 -0.0165248 -14.3234 -2.67621 0.00116575 -0.285384 -0.000620428 -3.72409 -9.31659 -13.4518 19.2547 3.25647 -1.36256 -0.0125579 -1.4487 -2.15534 0.000283661 -2.2939 -0.00599616
1076.59 2925.73 968.695 -142.96 -6.94495 9.041 -0.012906 -7.55705 -7.79125 -0.0393693 2.14199 -11.6824 2.53673 9.82446 -0.185303 5.18146 17.4639 -1.28617 4.58576 8.90978 -0.384788 -0.000517742 -0.118865 -0.000909048 4.15707 -0.00501118 2.72831 -27.4482 -7.09001 -72.3439 55.3652 -5.75343 4.23347 0.000831916 0.00471803 -3.42521e-08 -1.58109e-09 -8.96691e-09 2.38542e-14 -22.1861 0.0857996 5.14095 -14.7561 -48.6902 11.394 -66.5244 -18.4619 -5.6347 -0.231088 1.31034 0.00264258 -4.1252e-05 0.000233952 8.42322e-11 13.337 -19.7968 17.6324 17.9001 -9.69816 12.8421 -0.0143811 -0.087953 -0.00176981 11.6654 9.98714 -12.3756 5.06267 17.9909 -1.63281 0.00356055 -15.6666 -2.67284 0.00453363 -0.35249 -0.0055278 -4.04482 -9.28146 -13.6976 23.9299 3.72106 -2.07657 0.00993658 -0.718684 -2.29016 -0.000307286 -2.32248 -0.00255414
1051.16 2944.02 968.412 -145.094 -6.87854 9.51 -0.00539216 -7.59922 -7.76317 -0.0405613 2.0909 -11.6434 2.34114 9.60291 0.188052 4.78082 17.0886 -0.806238 4.23472 8.49881 0.10835 -0.000996584 -0.0928032 -0.00120677 3.88877 -0.0243681 3.06967 -27.0783 -5.83118 -73.1367 52.7434 -5.58549 3.64861 0.000286355 0.001624 -4.05825e-09 5.35339e-09 3.03603e-08 -6.36111e-15 -20.7631 0.0761532 3.56646 -19.1279 -52.8089 5.9057 -64.2079 -17.6453 -5.38731 -0.103367 0.586202 0.000528787 -6.98253e-06 3.95999e-05 2.39814e-12 13.0771 -21.1804 16.2609 17.4473 -10.7841 11.9027 -0.00863687 -0.0575041 5.2081e-05 13.6835 9.32209 -12.3962 6.29063 20.8602 -2.55449 0.0661694 -16.7546 -2.7001 0.0146222 -0.286866 -0.0109106 -4.9831 -8.76636 -14.0884 27.644 5.43597 -3.3032 -0.0148077 -1.07537 -2.22147 -0.000680311 -2.34758 -0.000279161
1024.19 2964.72 970.569 -146.7 -7.08894 10.114 0.00352863 -7.6835 -7.72204 -0.0400828 1.97455 -11.5849 2.09778 9.37771 0.399808 4.28578 16.7036 -0.471995 3.79918 8.07657 0.400189 -0.000880653 -0.0693718 -0.000887715 3.13462 -0.037914 3.927 -26.5455 -4.59636 -74.1227 49.2833 -5.27024 3.01948 -0.00222282 -0.0126062 -2.44533e-07 2.91899e-08 1.65544e-07 -0 -19.7151 0.0670082 1.56648 -22.6253 -56.1771 1.80367 -61.6192 -17.0821 -5.06104 -0.0421022 0.238772 8.77275e-05 -6.51719e-07 3.69608e-06 1.90833e-14 12.8365 -22.0383 14.7099 17.0809 -11.5017 10.8132 -0.00145821 -0.0216386 -0.000492858 14.2135 8.50252 -11.9897 8.25369 25.0404 -4.43831 0.143603 -17.4153 -2.7594 0.0322184 -0.00693026 -0.0355483 -6.69857 -7.02416 -14.6056 30.2613 7.08642 -4.37498 -0.0882996 -2.91212 -1.93731 -0.00076625 -2.36831 0.000587756
997.383 2987.57 974.124 -147.772 -7.492 10.874 0.00963594 -7.81915 -7.69331 -0.0387668 1.77622 -11.5437 1.81928 9.16437 0.489833 3.71963 16.3316 -0.250098 3.30062 7.67529 0.536169 -0.000629331 -0.0576552 -4.09299e-05 2.05697 -0.0444051 5.2492 -25.7211 -3.4239 -75.364 45.357 -4.70554 2.48805 -0.00917193 -0.0520166 -4.16342e-06 4.081e-08 2.31445e-07 -1.27222e-14 -19.1408 0.056747 -0.718857 -24.8849 -58.6672 -0.939656 -58.8989 -16.7267 -4.68806 -0.0170815 0.0968741 1.44405e-05 -1.82161e-08 1.03309e-07 -9.54166e-15 12.6864 -22.2547 12.8705 16.9104 -11.7917 9.49469 0.01163 0.0789092 -0.004254 12.3399 7.37607 -11.0263 11.2079 30.6734 -7.38991 0.131997 -17.3523 -2.91322 0.0460977 0.479349 -0.0786786 -9.04339 -3.77725 -15.1511 31.6378 7.74171 -4.59878 -0.112542 -5.99967 -1.63228 -0.000805133 -2.38242 4.83239e-05
972.681 3010.52 977.722 -148.389 -7.83563 11.751 0.011069 -8.00259 -7.69847 -0.0394145 1.50386 -11.5512 1.54916 8.94121 0.531619 3.17283 15.9372 -0.0853788 2.8205 7.26004 0.60693 -0.000630229 -0.0559587 0.000227918 0.720828 -0.0547439 6.71882 -24.4688 -2.49191 -76.6452 41.3394 -3.90665 2.09838 -0.0168385 -0.0954959 -1.40325e-05 -7.74307e-09 -4.3913e-08 2.54444e-14 -18.982 0.0428263 -3.03729 -26.4577 -60.2981 -2.80266 -55.9166 -16.5522 -4.25335 -0.00658386 0.0373389 2.14531e-06 -6.61937e-10 3.754e-09 6.36111e-15 12.4129 -21.7462 10.508 16.6502 -11.642 7.75747 0.030217 0.265836 -0.00886634 8.32977 5.8233 -9.68938 14.6834 36.8892 -10.6877 0.00634135 -16.3033 -3.17351 0.0407606 1.03859 -0.098004 -12.2307 0.618575 -15.5446 32.3269 7.02437 -3.80721 -0.0557022 -9.28373 -1.60242 -0.00116111 -2.38101 -0.00202118
951.052 3031.15 980.221 -148.563 -7.80728 12.658 0.00853688 -8.21741 -7.74452 -0.0430223 1.18143 -11.6183 1.31791 8.63877 0.580889 2.70437 15.3972 0.0687746 2.41212 6.70052 0.686772 -0.00071072 -0.04765 -1.26251e-05 -1.06922 -0.0702523 7.91075 -22.6559 -1.99969 -77.5927 37.2792 -2.93521 1.75368 -0.0200702 -0.113824 -1.99358e-05 -3.50902e-08 -1.99006e-07 1.59028e-14 -19.0454 0.02769 -5.13463 -27.8775 -61.189 -3.96538 -52.812 -16.5258 -3.80178 -0.00164688 0.00933995 1.34232e-07 -8.9455e-10 5.07323e-09 6.36111e-15 11.7118 -20.4434 7.58139 15.8761 -10.9966 5.55278 0.037381 0.467674 -0.00691208 3.43327 3.82068 -8.39023 17.5727 42.2996 -13.2065 -0.0551159 -14.29 -3.38441 0.0209534 1.49006 -0.0658911 -16.5382 5.2268 -15.5025 33.7732 5.15672 -2.48018 -0.0134012 -11.4638 -1.86835 -0.00189555 -2.35494 -0.00302655
932.191 3047.91 981.294 -148.232 -7.22254 13.455 0.00547008 -8.43724 -7.81817 -0.0480236 0.845516 -11.7273 1.11486 8.18502 0.656617 2.28808 14.5819 0.235678 2.05074 5.85935 0.803388 -0.000572074 -0.0293393 -9.76481e-05 -3.51706 -0.0698208 8.52471 -20.2255 -1.9703 -77.9081 33.1342 -1.86711 1.39944 -0.0165193 -0.0936855 -1.35055e-05 -2.19778e-08 -1.24642e-07 -6.36111e-15 -19.2164 0.0153479 -6.75744 -28.8117 -61.4463 -4.01019 -50.2073 -16.603 -3.45469 0.000548112 -0.0031085 1.48685e-08 -1.01915e-10 5.77964e-10 -6.36111e-15 10.6377 -18.2908 4.49404 14.5971 -9.72104 3.19879 0.0227986 0.503524 0.00287207 -1.03869 1.52562 -7.36114 19.1116 45.6337 -14.3601 0.0523432 -11.5932 -3.39527 0.00525161 1.74064 -0.0170134 -21.6623 8.91796 -14.8292 37.1249 2.83315 -1.17013 -0.029353 -11.888 -2.06131 -0.00247912 -2.31059 -0.000238223
915.417 3060.78 981.303 -147.239 -6.16962 14.031 0.00396394 -8.62915 -7.88807 -0.0511026 0.545247 -11.8329 0.88394 7.59517 0.742547 1.80855 13.5197 0.418258 1.62925 4.76404 0.934407 -0.000299256 -0.0142226 -3.12839e-05 -6.43489 -0.0437201 8.59458 -17.3543 -2.14767 -77.6439 29.1328 -0.828476 1.09926 -0.00905388 -0.0513471 -4.05693e-06 -6.15371e-09 -3.48995e-08 6.36111e-15 -19.4794 0.00815 -7.75956 -28.6624 -61.1409 -2.74716 -48.8302 -16.7394 -3.3035 0.000614683 -0.00348604 1.86996e-08 1.16446e-10 -6.60553e-10 -9.54166e-15 9.65019 -15.5582 1.88128 13.3612 -7.93415 1.21949 0.00804871 0.322911 0.00677034 -4.52313 -0.73036 -6.55127 19.2374 46.3078 -14.231 0.247877 -8.84999 -3.25013 0.000658753 1.81834 0.00837044 -26.7866 10.9915 -13.7346 41.9221 0.908607 -0.138823 -0.0487176 -11.0497 -2.02426 -0.00222331 -2.2584 0.00427351
900.54 3070.9 980.944 -145.517 -4.96798 14.371 0.00249175 -8.75916 -7.92796 -0.0508378 0.337051 -11.8945 0.555622 6.988 0.830676 1.12864 12.4263 0.630553 1.02202 3.63596 1.05731 -0.000184223 -0.0102529 -7.88985e-06 -9.20234 -0.0147769 8.13369 -14.3332 -2.25733 -76.9027 25.7903 -0.0128998 0.912802 -0.00239953 -0.0136084 -2.84959e-07 -1.02663e-09 -5.82222e-09 6.36111e-15 -19.7594 0.00707486 -8.18257 -27.4774 -60.394 -0.874953 -49.0437 -16.9178 -3.34663 -0.00319887 0.0181417 5.06432e-07 6.84462e-10 -3.88171e-09 1.90833e-14 9.15088 -12.9032 0.0549618 12.7148 -6.1325 -0.143001 0.00576139 0.112787 0.00256692 -6.83371 -2.65196 -5.87628 17.9771 44.6386 -12.9557 0.505508 -6.90732 -3.13425 0.00196909 1.80788 0.010424 -30.9028 11.5619 -12.667 46.3698 -0.150996 0.488667 -0.0412685 -10.0396 -1.97785 -0.0011799 -2.19639 0.00634016
887.904 3079.85 980.967 -143.196 -3.98622 14.564 0.000114012 -8.80867 -7.93559 -0.0498144 0.255851 -11.9061 0.110774 6.52319 0.929187 0.217431 11.5884 0.880596 0.201332 2.77009 1.16464 -0.000233591 -0.00972261 -3.92578e-06 -11.1165 0.00421012 6.9341 -11.4581 -2.17665 -75.6137 23.6379 0.424793 0.813903 6.63301e-05 0.000376177 -2.1775e-10 -7.7437e-11 -4.39183e-10 -3.18055e-15 -19.953 0.00920992 -8.27908 -25.9722 -59.5418 0.538635 -50.6066 -17.1153 -3.54554 -0.0100161 0.0568039 4.96504e-06 6.94309e-10 -3.93759e-09 2.54444e-14 9.10667 -11.0391 -1.14109 12.6441 -4.88028 -1.03583 0.00477697 0.0408028 0.000331228 -7.84791 -3.99589 -5.31557 15.4449 41.2958 -10.7447 0.776614 -6.51825 -3.20256 0.00387401 1.77369 0.00571843 -33.6201 11.4291 -11.8699 48.814 -0.44425 0.629775 -0.0309692 -9.7645 -2.0281 0.000279243 -2.11861 0.0039837
877.991 3089.32 981.676 -140.489 -3.40175 14.793 -0.000319852 -8.79063 -7.92579 -0.0515734 0.2813 -11.8897 -0.396729 6.29167 1.02687 -0.810878 11.1673 1.13759 -0.727598 2.33556 1.24687 -0.000226385 0.00299768 0.00011907 -11.8053 0.0294998 4.95306 -9.00878 -1.86155 -73.8214 22.7198 0.492433 0.763589 -0.000796069 -0.00451473 -3.13638e-08 -8.69754e-11 -4.93305e-10 1.90833e-14 -20.0405 0.00906763 -8.43376 -24.6944 -59.0545 1.18347 -52.9793 -17.2903 -3.87468 -0.0144336 0.0818569 1.03104e-05 -1.54619e-09 8.76892e-09 -9.54166e-15 9.0294 -10.3446 -2.10954 12.4962 -4.46131 -1.74156 -0.00182133 0.0940076 -0.000378578 -7.50194 -4.63904 -4.9834 12.3669 36.8403 -8.30339 0.868055 -8.05028 -3.47424 0.00337332 1.74875 0.00400694 -35.5558 11.4713 -11.4034 49.0551 -0.289957 0.358371 -0.0452302 -10.6463 -2.08472 0.00169219 -2.02982 -0.000555958
870.94 3100.42 982.808 -137.583 -3.10982 15.182 0.00329697 -8.7249 -7.95343 -0.0563643 0.313698 -11.8166 -0.878249 6.25622 1.11044 -1.78745 11.0993 1.36977 -1.59731 2.26945 1.31605 0.000650411 0.0332355 1.05628e-05 -11.3677 0.0637135 2.53554 -7.25737 -1.33872 -71.9113 22.5176 0.385126 0.772026 -0.00224192 -0.0127146 -2.48753e-07 -3.16198e-10 -1.79318e-09 -6.36111e-15 -20.1365 -0.0310335 -8.96163 -23.5864 -59.112 1.63726 -55.647 -17.4291 -4.28532 -0.0130598 0.0740656 8.44112e-06 -3.82597e-09 2.1698e-08 2.8625e-14 8.4459 -10.6238 -3.22583 11.6411 -4.72011 -2.50991 -0.0103381 0.163541 -0.000218602 -5.68838 -4.75014 -5.00396 9.43783 31.7719 -6.25235 0.694126 -11.0402 -3.74735 -0.000377141 1.76164 0.00977785 -37.6388 12.0909 -11.2602 48.2127 0.0502324 -0.0937584 -0.0829564 -12.6906 -2.12799 0.00262458 -1.94185 -0.00325438
866.374 3113.45 983.794 -134.63 -2.87617 15.677 0.00847031 -8.62891 -8.10533 -0.0641259 0.234431 -11.5848 -1.25304 6.2955 1.19013 -2.56994 11.1756 1.57198 -2.25352 2.35192 1.40606 0.00331163 0.058111 -0.00148283 -10.3306 0.075797 0.322364 -5.88471 -0.725421 -70.4842 22.1895 0.326784 0.930741 -0.00396722 -0.0224992 -7.78935e-07 -3.45206e-09 -1.95776e-08 -3.18055e-15 -20.3518 -0.169047 -9.90551 -22.4641 -59.417 2.53193 -58.1359 -17.5415 -4.68512 -0.00756536 0.0429053 2.83262e-06 -1.54272e-09 8.74928e-09 2.8625e-14 7.31068 -11.2448 -4.63718 10.0642 -5.19427 -3.4885 -0.014974 0.178624 0.00127018 -2.51421 -4.65375 -5.33551 6.75651 26.5159 -4.65133 0.394604 -14.3221 -3.68092 -0.00506677 1.82586 0.0212235 -40.0539 13.108 -11.3826 47.3643 0.460898 -0.547033 -0.133061 -15.6764 -2.24057 0.00296854 -1.86512 -0.00268314
863.818 3128.03 983.869 -131.871 -2.47848 16.074 0.0122096 -8.54477 -8.39056 -0.0745713 0.0311017 -11.169 -1.49568 6.26624 1.31936 -3.11038 11.1412 1.78446 -2.65102 2.31255 1.57409 0.00636718 0.0415748 -0.00377026 -9.38667 0.0483682 -1.14731 -3.54581 -0.115682 -69.9081 20.9405 0.392091 1.34288 -0.00651764 -0.0369634 -2.10237e-06 -2.62938e-08 -1.4912e-07 -6.36111e-15 -20.5 -0.392675 -10.9683 -21.4291 -59.4075 3.89924 -60.1524 -17.6328 -5.00371 -0.000435725 0.00247112 9.39623e-09 3.5126e-10 -1.99206e-09 -6.36111e-15 5.95715 -11.4786 -6.25984 8.26087 -5.36714 -4.66255 -0.0135872 0.1497 0.0010341 1.50852 -4.70594 -5.78758 4.32499 21.4019 -3.2924 0.164562 -16.4486 -3.18282 -0.00669615 1.92909 0.0293468 -41.7281 13.8968 -11.8688 46.5308 0.969444 -0.931035 -0.175052 -19.0969 -2.43021 0.00259389 -1.80807 -0.000828299
862.898 3143.29 982.497 -129.671 -1.82485 16.101 0.0152075 -8.51795 -8.69308 -0.0832708 -0.208194 -10.7035 -1.63013 6.07653 1.58124 -3.43293 10.8163 2.08452 -2.84672 1.96591 1.90038 0.00691451 -0.0184214 -0.00422348 -8.88471 0.0101726 -1.79975 0.947524 0.407115 -70.0233 18.5192 0.569474 1.84636 -0.00801067 -0.0454307 -3.17589e-06 -8.05035e-08 -4.56558e-07 1.90833e-14 -20.08 -0.610003 -11.7978 -20.7787 -58.711 5.36309 -61.5834 -17.6854 -5.22793 0.010297 -0.058397 5.24743e-06 2.54118e-09 -1.44119e-08 -1.90833e-14 4.85845 -10.8896 -7.85024 6.84458 -4.94839 -5.8436 -0.010767 0.130413 -0.000114168 5.44891 -5.21066 -6.04303 2.53814 16.9755 -2.06234 0.0677585 -16.4187 -2.61427 -0.00432905 2.03363 0.0258591 -41.3185 13.7279 -12.8427 44.959 1.76704 -1.35173 -0.171846 -22.2439 -2.56461 0.00173261 -1.77299 -9.35548e-05
863.29 3158.61 980.01 -128.227 -0.985627 15.644 0.0165303 -8.58255 -8.81242 -0.0838419 -0.377668 -10.4494 -1.69498 5.72325 1.99984 -3.5803 10.1775 2.49636 -2.93881 1.29518 2.39612 0.00423791 -0.076465 -0.00248253 -8.62099 -0.00628924 -1.89943 7.23704 0.742255 -70.3666 15.4321 0.90232 1.98413 -0.00633484 -0.0359266 -1.98609e-06 -1.19068e-07 -6.75268e-07 -3.18055e-15 -18.6698 -0.699499 -12.2322 -20.6358 -57.4319 6.74758 -62.4753 -17.6817 -5.3753 0.0250859 -0.142269 3.11449e-05 1.95669e-08 -1.10969e-07 9.54166e-15 4.29179 -9.45393 -9.14091 6.12417 -3.94923 -6.80979 -0.0133341 0.157028 -8.90554e-05 8.06768 -6.15174 -5.91141 2.04075 13.8275 -1.15777 0.0622225 -14.407 -2.38369 -0.00204975 2.09825 0.0155302 -38.796 12.3684 -14.0472 42.3452 2.94468 -1.98078 -0.107717 -24.55 -2.57463 0.000685348 -1.7559 -0.000729982
864.42 3173.79 977.664 -127.317 -0.123224 14.865 0.0116257 -8.75217 -8.63769 -0.0763364 -0.439683 -10.5818 -1.73883 5.27492 2.48478 -3.63951 9.34663 2.94226 -3.04173 0.431255 2.94326 0.001224 -0.0876974 -0.000730302 -8.08448 -0.00967423 -1.76009 13.4075 0.923646 -70.5649 12.6466 1.36346 1.53649 -0.00271271 -0.0153845 -3.64196e-07 -8.16923e-08 -4.633e-07 -6.36111e-15 -16.403 -0.602078 -12.2245 -20.8356 -55.9258 8.04675 -62.983 -17.638 -5.46586 0.0377041 -0.21383 7.03566e-05 6.06735e-08 -3.44097e-07 -0 4.22197 -7.37634 -9.96428 6.02288 -2.52287 -7.44402 -0.01912 0.197924 0.000213429 8.32449 -7.1519 -5.60241 3.19905 12.1051 -0.82835 0.0919172 -11.4161 -2.49983 -0.00222858 2.10948 0.00861865 -35.859 10.4708 -14.9017 39.5468 4.27605 -2.81559 -0.0184667 -25.6893 -2.53726 4.66084e-05 -1.74811 -0.00208557
865.237 3189.01 976.866 -126.4 0.553573 14.085 0.00280905 -8.99258 -8.29941 -0.0669727 -0.468075 -10.9765 -1.81079 4.82885 2.89792 -3.73469 8.51312 3.31104 -3.2325 -0.429185 3.38398 0.000231038 -0.0571013 0.000150488 -6.92136 -0.0210644 -1.65855 17.6594 1.15456 -70.4649 10.8317 1.70181 0.842037 0.00185811 0.0105379 -1.70873e-07 -4.3709e-08 -2.47886e-07 3.18055e-15 -14.0032 -0.388401 -11.7419 -21.2931 -54.3858 8.99887 -63.1874 -17.5981 -5.49607 0.0382977 -0.217196 7.25892e-05 7.37377e-08 -4.18187e-07 6.36111e-15 4.34886 -4.89593 -10.3673 6.16565 -0.824409 -7.80539 -0.0216947 0.219801 4.45251e-05 5.81622 -7.61793 -5.56831 5.69066 11.4323 -1.02727 0.0825766 -8.83263 -2.68462 -0.00293046 2.08147 0.00760244 -34.6595 9.16807 -15.0709 37.9404 5.40639 -3.71766 0.0493997 -25.6145 -2.54181 0.000470647 -1.73146 -0.00395071
864.809 3204.26 977.976 -124.901 0.932601 13.563 -0.00184843 -9.24403 -8.00749 -0.0596762 -0.562192 -11.3965 -1.95624 4.44893 3.17559 -3.98678 7.80573 3.56565 -3.55818 -1.15195 3.65503 0.000809406 -0.01474 0.000589174 -5.31619 -0.0318694 -1.75848 19.8824 1.69081 -70.0622 10.1298 1.68102 0.296394 0.00801644 0.0454635 -3.18047e-06 -5.46095e-08 -3.09706e-07 1.59028e-14 -12.2364 -0.174393 -10.7754 -22.0789 -52.7646 9.13102 -63.3937 -17.6327 -5.48604 0.0188547 -0.10693 1.75941e-05 4.12043e-08 -2.33681e-07 6.36111e-15 4.19495 -2.23056 -10.6208 5.93469 1.01816 -8.07208 -0.0210905 0.231469 0.000145484 0.87377 -7.02973 -5.97867 8.76306 11.1716 -1.49117 0.00884497 -7.95231 -2.71156 -0.00208644 2.04659 0.00775252 -35.8369 8.9666 -14.7526 37.9642 6.13274 -4.50935 0.0866248 -24.5734 -2.57248 0.00168395 -1.68822 -0.0056316
863.223 3218.94 979.875 -122.558 1.12764 13.328 -0.00161915 -9.46283 -7.88161 -0.0541334 -0.759915 -11.6955 -2.17413 4.14864 3.3716 -4.41103 7.25613 3.76659 -3.99635 -1.70649 3.82817 0.0022718 0.0226727 0.000656228 -3.85324 -0.0303753 -2.06648 20.9865 2.71229 -69.4739 10.6232 1.35881 0.0132905 0.0149919 0.0850233 -1.11235e-05 -1.07687e-07 -6.10723e-07 3.18055e-15 -11.3628 -0.0456661 -9.6014 -23.0175 -51.0376 8.4714 -64.2318 -17.8103 -5.52082 -0.0180829 0.102553 1.61832e-05 6.40538e-08 -3.63267e-07 -2.54444e-14 3.47602 0.225691 -10.9298 4.92586 2.75505 -8.31392 -0.0196829 0.231046 0.000711645 -5.45624 -5.52635 -6.478 11.5206 11.1359 -2.01682 -0.0593892 -9.30975 -2.57542 -0.000513492 2.03108 0.00614502 -38.0329 9.24169 -14.441 38.5056 6.66256 -5.11039 0.0993395 -22.9827 -2.57212 0.00282966 -1.6154 -0.00571195
861.75 3232.33 981.001 -119.578 1.38144 13.201 -0.00124764 -9.65033 -7.91046 -0.0496317 -1.02256 -11.8656 -2.39276 3.92661 3.58072 -4.86031 6.85523 3.99308 -4.41749 -2.11141 4.02424 0.00351533 0.0422325 -0.00013322 -2.97452 -0.0259528 -2.54097 21.3291 4.19764 -68.8538 12.5074 1.02182 0.0116697 0.0200444 0.113677 -1.98845e-05 -1.45052e-07 -8.2263e-07 -0 -11.0806 -0.00957892 -8.82558 -23.4821 -49.3873 7.95048 -66.3027 -18.1207 -5.73175 -0.0556523 0.315617 0.000153282 6.47923e-08 -3.67455e-07 1.59028e-14 2.34524 1.94412 -11.275 3.32268 4.02294 -8.47509 -0.0176213 0.206993 0.000889998 -11.6995 -3.94021 -6.71223 12.9329 11.6404 -2.45857 -0.0447032 -12.6379 -2.35359 0.000391111 2.03395 0.00426123 -39.0519 8.92327 -14.6811 38.0188 7.30812 -5.50069 0.0839775 -21.4028 -2.52717 0.00268318 -1.53538 -0.00515513
861.911 3244.03 980.72 -116.459 1.84776 13.022 -0.000874655 -9.82756 -7.9919 -0.0479732 -1.28471 -11.9891 -2.52904 3.78796 3.79713 -5.14 6.59371 4.21934 -4.67357 -2.38206 4.24554 0.0019441 0.0228117 -0.00182273 -2.63579 -0.0295585 -3.06133 20.3159 5.86334 -68.2496 15.8568 0.830371 0.325023 0.0204551 0.116007 -2.07077e-05 -6.60638e-08 -3.74666e-07 -3.18055e-15 -10.9464 -0.00661818 -8.81349 -22.6902 -48.0775 8.74569 -69.895 -18.4505 -6.25019 -0.0723243 0.410164 0.000258876 6.3977e-08 -3.62831e-07 -1.90833e-14 1.27057 2.63008 -11.4827 1.79146 4.58376 -8.49302 -0.0149484 0.17981 -0.000416499 -16.8072 -2.99026 -6.75404 12.4964 12.7953 -2.65414 0.0421098 -17.0517 -2.15 0.000605829 2.03999 0.00426576 -37.3845 7.34408 -15.6817 35.9881 8.01344 -5.6352 0.0480845 -20.3085 -2.4521 0.000580089 -1.48876 -0.00874926
864.657 3254.22 979.663 -113.714 2.51054 12.857 -0.00159146 -9.98991 -8.05926 -0.0506386 -1.5112 -12.0917 -2.54369 3.71674 3.87844 -5.15269 6.44275 4.29278 -4.69063 -2.54279 4.3281 -0.00300361 -0.0355587 -0.00254601 -2.32868 -0.0477594 -3.48516 17.4088 7.29237 -67.5035 20.3523 0.678139 0.818722 0.0162663 0.0922508 -1.3095e-05 -3.19007e-09 -1.80918e-08 3.18055e-15 -10.702 -0.00749951 -9.28431 -20.3315 -47.1167 11.3119 -74.7652 -18.721 -7.08775 -0.0709051 0.402116 0.000248816 2.30084e-08 -1.30487e-07 -3.18055e-15 0.764242 2.49498 -11.4264 1.08589 4.53442 -8.37429 -0.00632914 0.143371 -0.00621994 -20.5985 -2.72928 -6.96207 10.7887 14.1563 -2.52327 0.0996045 -21.4486 -2.11725 0.000144469 2.0281 0.0057021 -33.2868 4.58877 -17.0986 33.3452 8.51457 -5.57006 0.0199751 -19.6675 -2.3269 -0.00143543 -1.48506 -0.0134572
870.014 3263.44 978.831 -111.655 3.2821 12.933 -0.00795211 -10.1211 -8.09607 -0.0552174 -1.68935 -12.1479 -2.46714 3.66367 3.69285 -4.97256 6.33144 4.0853 -4.53416 -2.66159 4.1062 -0.00653916 -0.084346 -0.00124292 -1.48507 -0.0786623 -3.74401 13.2324 8.1063 -66.4625 25.2626 0.386628 1.20038 0.0135451 0.0768182 -9.08019e-06 -1.27618e-08 -7.23756e-08 -2.8625e-14 -10.2175 -0.0147851 -9.53934 -16.8646 -46.1926 14.9712 -80.42 -18.8802 -8.12074 -0.0627593 0.355921 0.000194931 -9.85184e-08 5.58726e-07 3.18055e-15 1.14399 2.08637 -11.2602 1.64705 4.23983 -8.25808 0.0203534 0.0197642 -0.0159486 -23.1807 -2.77092 -7.66432 9.18377 14.997 -2.26179 0.0570802 -24.9771 -2.32629 -0.0021368 1.98271 0.00360872 -28.3479 1.33499 -18.496 31.687 8.65151 -5.45574 0.00540857 -19.2422 -2.20127 0.000926668 -1.47691 -0.00519614
877.064 3272.13 978.594 -110.291 4.07706 13.38 -0.016972 -10.2125 -8.09925 -0.0582421 -1.81385 -12.1529 -2.3774 3.60116 3.25204 -4.77586 6.21798 3.62282 -4.36068 -2.78314 3.57802 -0.00548479 -0.083737 0.000118251 0.0215862 -0.0947844 -3.8578 9.25666 8.17142 -65.2058 29.8895 -0.0637509 1.39846 0.0190795 0.108205 -1.80161e-05 -2.72658e-08 -1.54632e-07 3.18055e-15 -9.38917 -0.0223318 -9.12811 -13.0438 -45.0987 18.5893 -86.4601 -19.1806 -9.20997 -0.0987167 0.559832 0.00048228 -2.76524e-07 1.56825e-06 -3.49861e-14 2.53644 1.67612 -11.3349 3.63432 3.89654 -8.40046 0.0670256 -0.177627 -0.0134456 -24.5794 -2.78571 -8.90741 8.87939 14.9301 -2.22026 -0.0159157 -27.113 -2.55053 -0.00657354 1.89897 -0.00540063 -24.1151 -1.70603 -19.7766 31.9043 8.47349 -5.43341 -0.0248169 -19.0349 -2.20041 0.00915253 -1.39835 0.0181065
884.376 3280.79 978.681 -109.454 4.77431 14.077 -0.0187843 -10.2669 -8.08149 -0.0586246 -1.88991 -12.1258 -2.33872 3.57611 2.70683 -4.69352 6.18109 3.07157 -4.28601 -2.82625 2.91872 -0.00267082 -0.051193 0.000320984 1.91011 -0.0762544 -3.94382 6.47431 7.62405 -63.9755 34.0884 -0.539454 1.65228 0.0250799 0.142235 -3.113e-05 -7.10485e-08 -4.02936e-07 9.54166e-15 -8.07616 -0.0218472 -8.30284 -9.27267 -43.9573 21.6017 -92.5061 -18.1139 -10.2665 0.088893 -0.504124 0.000391071 -2.85617e-07 1.61981e-06 -1.27222e-14 4.89856 1.01007 -11.8026 6.99151 3.29509 -8.93782 0.11097 -0.247451 0.0161624 -24.687 -2.63775 -10.4294 9.99115 13.9498 -2.42493 -0.023636 -27.6757 -2.55778 -0.01064 1.77491 -0.0177501 -21.1065 -4.14683 -20.9624 33.585 8.11661 -5.55517 -0.0791196 -19.1705 -2.32096 0.017315 -1.22242 0.0381003
890.307 3289.69 978.714 -108.981 5.2018 14.739 -0.0115785 -10.2986 -8.06826 -0.0575748 -1.93685 -12.1052 -2.35668 3.67882 2.23293 -4.72953 6.37661 2.61474 -4.31388 -2.62609 2.34878 -0.000924053 -0.0236311 9.78885e-05 3.88949 -0.0531011 -4.02433 4.58239 6.6525 -63.1083 38.2763 -0.935884 2.19328 0.0136278 0.077287 -9.19136e-06 1.26883e-07 7.19592e-07 1.27222e-14 -6.23451 -0.0180984 -7.70324 -5.45704 -42.9819 24.2593 -98.1133 -18.6571 -11.2478 -0.0100061 0.0567472 4.95513e-06 -1.14205e-07 6.47689e-07 6.36111e-15 7.96402 -0.303829 -12.3593 11.3552 2.09993 -9.59767 0.108507 -0.0304029 0.044832 -23.6827 -2.20997 -11.8004 11.7936 12.1909 -2.54354 0.0155805 -26.7414 -2.43506 -0.0105679 1.62092 -0.0233161 -18.6355 -5.88123 -21.8884 35.5727 7.58432 -5.65742 -0.119677 -19.7627 -2.40498 0.0178811 -0.996738 0.038607
893.649 3298.52 978.688 -108.837 5.21057 15.123 -0.0047863 -10.324 -8.08719 -0.0574478 -1.97677 -12.1339 -2.3751 3.96821 1.91543 -4.7668 6.90786 2.33202 -4.34022 -2.07588 1.98973 -0.000273524 -0.0120899 1.19152e-05 5.97856 -0.0642034 -3.98154 2.42283 5.34486 -62.9507 42.9754 -1.25973 3.09006 -0.0257766 -0.146186 -3.28836e-05 9.67477e-07 5.48683e-06 -3.18055e-14 -4.0978 -0.0219224 -7.70935 -1.2978 -42.2811 27.1288 -102.904 -18.8669 -12.1192 -0.0578626 0.328151 0.000165699 6.67506e-08 -3.78561e-07 -9.54166e-15 11.3011 -2.29416 -12.448 16.0927 0.335791 -9.82433 0.0513063 0.32567 0.0347278 -22.3964 -1.31743 -12.6694 13.622 9.95585 -2.33106 0.0356845 -24.6217 -2.40259 -0.006444 1.46458 -0.0174865 -15.7426 -6.91359 -22.3117 36.7241 6.88649 -5.47 -0.109337 -20.6856 -2.327 0.0113657 -0.811407 0.0227257
894.29 3306.64 979.124 -109.141 4.76373 15.145 -0.00490102 -10.3544 -8.14652 -0.059646 -2.02605 -12.2249 -2.32361 4.44101 1.76338 -4.66404 7.76688 2.2172 -4.23955 -1.18827 1.86366 -0.000119195 -0.00903 -5.27844e-07 8.45594 -0.0966404 -3.6985 -0.882063 3.66564 -63.7512 48.2981 -1.56836 4.17748 -0.0845907 -0.479726 -0.000354133 3.69911e-06 2.09787e-05 -6.83819e-13 -2.06056 -0.0271245 -8.12807 3.42014 -41.8279 30.4378 -106.813 -18.8614 -12.8439 -0.083275 0.472265 0.000343203 4.47226e-07 -2.53635e-06 3.81667e-14 14.4291 -4.56677 -11.7935 20.4664 -1.5416 -9.3413 -0.00349654 0.508275 0.00246028 -21.4088 -0.0421334 -12.9222 15.1592 7.78925 -1.92027 0.0326463 -21.9113 -2.48759 -0.00222078 1.34192 -0.00791705 -12.4319 -7.1342 -22.2112 36.6502 6.22004 -4.97918 -0.0630267 -21.5526 -2.13928 0.00430248 -0.722975 0.00788724
892.902 3313.36 980.617 -109.933 3.97853 14.824 -0.00924978 -10.3919 -8.22282 -0.0626404 -2.0861 -12.3416 -2.16528 5.04259 1.77737 -4.35247 8.85417 2.25503 -3.9531 -0.0695665 1.96293 -8.81883e-05 -0.00469407 3.61955e-05 11.3726 -0.103977 -3.16981 -5.20199 1.68394 -65.415 53.9553 -2.0077 5.08075 -0.127318 -0.72202 -0.00080222 6.23512e-06 3.53611e-05 -1.92742e-12 -0.502882 -0.0221313 -8.43896 8.81776 -41.576 34.0039 -110.243 -18.5073 -13.4498 -0.0739073 0.419142 0.000270332 6.10295e-07 -3.46115e-06 1.59028e-14 17.0201 -6.82619 -10.6605 23.9882 -3.22145 -8.40923 -0.0152822 0.436578 -0.0118371 -20.6354 1.11734 -12.6158 16.0156 6.40799 -1.63947 0.0342233 -19.3695 -2.54756 -0.000436635 1.27907 -0.00304005 -9.84102 -6.36683 -21.8008 36.0735 5.77353 -4.4777 -0.0224884 -22.0596 -1.98265 0.000980075 -0.72582 0.00483902
890.581 3318.34 983.249 -111.048 3.08239 14.241 -0.0113723 -10.4255 -8.27262 -0.0635184 -2.13753 -12.4167 -1.91039 5.7012 1.95559 -3.85556 10.0428 2.43411 -3.50243 1.14944 2.26564 0.000143412 0.00880699 0.000138337 14.2422 -0.0726237 -2.56469 -9.37894 -0.372588 -67.3649 59.6029 -2.81297 5.61825 -0.112147 -0.635988 -0.000622425 2.69208e-06 1.52676e-05 -3.60993e-13 0.366633 -0.0135483 -8.27869 14.991 -41.5965 37.6022 -113.752 -17.9554 -14.0179 -0.0540222 0.306372 0.000144434 3.56422e-07 -2.02137e-06 6.36111e-15 18.9556 -9.2149 -9.52798 26.514 -4.86495 -7.43823 0.00318784 0.278649 -0.00774554 -19.8487 1.67519 -11.9354 15.8126 6.27258 -1.67196 0.0480185 -17.785 -2.47282 -0.000769486 1.28385 -0.00549728 -9.02611 -4.75359 -21.2519 35.9133 5.59488 -4.23183 -0.012318 -21.9355 -1.95332 0.000546943 -0.772963 0.00716586
888.519 3321.63 986.464 -112.215 2.31983 13.524 -0.00759823 -10.4393 -8.25583 -0.0615676 -2.15581 -12.3895 -1.59546 6.33743 2.25517 -3.23844 11.1953 2.70623 -2.94078 2.33175 2.70059 0.000864865 0.0283007 0.000185256 16.3548 -0.0406821 -2.09597 -11.7751 -2.35252 -68.7846 64.8693 -4.12241 6.08569 -0.0256075 -0.145227 -3.24537e-05 -1.84684e-06 -1.0474e-05 -1.52667e-13 0.596694 -0.0137978 -7.56906 21.7919 -42.0164 41.1263 -117.542 -17.415 -14.6003 -0.0365517 0.207294 6.61213e-05 4.48575e-08 -2.544e-07 1.27222e-14 20.1905 -11.9478 -8.69795 28.0362 -6.71368 -6.63327 0.0261835 0.16205 -0.00291364 -19.1057 1.48917 -11.1386 14.5648 7.3508 -1.92286 0.061159 -17.5972 -2.32425 -0.00172749 1.35354 -0.0133624 -9.65098 -2.92425 -20.5813 36.423 5.51945 -4.17751 -0.0275983 -20.9463 -2.01252 0.000522492 -0.81404 0.00632463
887.416 3323.26 989.267 -113.208 1.86998 12.792 0.000447391 -10.424 -8.15556 -0.0587719 -2.12972 -12.2368 -1.25541 6.85557 2.57913 -2.55964 12.1416 2.96975 -2.31806 3.30694 3.13602 0.00172762 0.0390906 1.44029e-05 17.388 -0.0302509 -1.87132 -11.3706 -4.246 -68.9215 69.4368 -5.79876 6.8952 0.11935 0.676835 -0.000704949 -2.50529e-05 -0.000142082 -3.10852e-11 0.363459 -0.0180498 -6.40002 28.7079 -42.8179 44.5143 -121.281 -17.062 -15.1739 -0.0247406 0.140311 3.02935e-05 -7.74731e-08 4.39372e-07 3.18055e-15 20.7169 -14.8219 -8.16868 28.5888 -8.65173 -5.99719 0.035934 0.0802854 -0.001279 -18.5517 0.700456 -10.4313 12.6502 9.18148 -2.15148 0.0600776 -18.3949 -2.26 -0.0020342 1.4723 -0.0203449 -9.99556 -1.75119 -19.7995 37.1929 5.2063 -4.03747 -0.0448189 -19.2843 -2.03651 0.000326819 -0.83067 0.00412245
887.218 3323.24 990.757 -113.989 1.80293 12.112 0.00832453 -10.3849 -7.99078 -0.0572285 -2.06925 -11.9882 -0.924953 7.16852 2.84113 -1.88752 12.7187 3.14499 -1.70101 3.90693 3.46624 0.00174305 0.031545 -0.000190408 17.6874 -0.0218823 -1.84508 -8.51457 -6.0582 -67.5208 73.2178 -7.52148 7.96785 0.310153 1.75841 -0.00475968 -0.000145358 -0.000824365 -1.0457e-09 -0.125145 -0.0164048 -4.90713 35.1527 -43.6759 47.5333 -124.516 -16.8856 -15.6785 -0.0190386 0.107973 1.7939e-05 -7.16559e-08 4.06381e-07 9.54166e-15 20.5835 -17.2263 -7.81264 28.26 -10.2434 -5.52093 0.0302988 0.00437867 -0.000137977 -17.8328 -0.516568 -9.9358 10.6019 11.1385 -2.20119 0.0438604 -19.1757 -2.32255 -0.00141375 1.60472 -0.0202613 -8.46001 -1.80835 -18.9631 37.6091 4.52635 -3.65425 -0.0549093 -17.3716 -2.0415 0.000251779 -0.829944 0.00380995
886.951 3321.66 990.727 -114.605 2.06399 11.494 0.0124586 -10.3435 -7.80395 -0.0572 -2.00671 -11.7075 -0.648898 7.23881 3.02612 -1.31985 12.8529 3.24209 -1.18326 4.05101 3.68867 0.000872562 0.0140111 -0.000158153 17.9115 -0.00352756 -1.86824 -4.36054 -7.73814 -64.917 76.2515 -9.12743 8.84316 0.549894 3.11548 -0.0149541 -0.000443449 -0.00251492 -9.73231e-09 -0.704651 -0.0105583 -3.145 40.8118 -44.2299 49.7436 -127.089 -16.714 -16.0777 -0.0199272 0.113012 1.96526e-05 -3.8486e-08 2.18265e-07 -9.54166e-15 20.0083 -18.6294 -7.61093 27.3751 -11.1372 -5.26747 0.0197073 -0.0455537 0.000450401 -16.3667 -2.00536 -9.61106 8.81001 12.782 -2.10627 0.0270522 -19.3025 -2.38798 -0.00071693 1.70789 -0.0155308 -5.14692 -2.94643 -18.0236 37.6172 3.76287 -3.12558 -0.0562518 -15.5728 -2.13859 0.000173031 -0.817803 0.00395868
885.211 3318.87 989.731 -115.013 2.49654 10.915 0.0118673 -10.3228 -7.64078 -0.057622 -1.97599 -11.4625 -0.470411 7.10872 3.18568 -0.950881 12.6206 3.33962 -0.848934 3.81492 3.88144 3.68993e-05 0.000674782 -3.43019e-05 18.4626 0.0168149 -1.90239 -0.0508887 -9.30835 -61.6865 78.7762 -10.5569 9.22278 0.822372 4.65348 -0.0334149 -0.000860537 -0.00488035 -3.66495e-08 -1.37729 -0.00886514 -1.18666 45.8506 -44.4351 50.8686 -129.118 -16.4303 -16.3809 -0.0253097 0.143538 3.17032e-05 1.18117e-09 -6.69872e-09 -2.54444e-14 19.4433 -19.0263 -7.54536 26.5693 -11.3588 -5.202 0.0118156 -0.0508084 0.000260759 -14.0628 -3.49918 -9.23849 7.36638 13.9099 -1.95151 0.0181515 -18.9439 -2.39336 -0.000539595 1.75678 -0.0118946 -1.96257 -4.40064 -16.9498 37.6308 3.38371 -2.81289 -0.0455673 -14.1352 -2.3206 -0.000127054 -0.792926 0.00120033
881.287 3315.43 988.722 -115.112 2.91868 10.362 0.00745627 -10.327 -7.5304 -0.0573858 -1.98416 -11.297 -0.395033 6.88452 3.38119 -0.796329 12.2181 3.50634 -0.709276 3.40148 4.12069 -6.25158e-05 -0.0004339 2.38124e-05 19.3698 0.0324145 -1.9912 3.62583 -10.9762 -58.5105 81.1373 -11.4608 9.25701 1.03379 5.84227 -0.0527534 -0.00103456 -0.00586726 -5.29709e-08 -2.28194 -0.0195597 0.855099 50.6274 -44.6422 51.0202 -130.721 -16.071 -16.6154 -0.0298381 0.16922 4.40626e-05 4.9674e-08 -2.81715e-07 -6.36111e-15 19.3407 -18.9272 -7.5206 26.435 -11.2745 -5.19022 0.00879241 -0.0125473 0.00116177 -11.5789 -4.67495 -8.64796 6.24602 14.5965 -1.77426 0.0167366 -18.7427 -2.38142 -0.000941048 1.76708 -0.0083468 -1.12325 -5.38101 -15.9718 37.9567 3.66892 -3.09966 -0.0290761 -13.1103 -2.44315 -0.000499932 -0.752975 -0.00555033
875.549 3311.92 988.369 -114.841 3.19915 9.871 0.00199769 -10.3479 -7.46789 -0.056264 -2.01873 -11.2034 -0.375241 6.68201 3.60971 -0.760961 11.8568 3.72578 -0.678503 3.029 4.39939 0.000757535 0.0109171 0.00011235 20.4986 0.0393416 -1.92017 6.26341 -12.9672 -56.0768 83.5725 -11.6044 9.28776 1.10368 6.23416 -0.0601048 -0.000797422 -0.0045224 -3.14706e-08 -3.56863 -0.0403753 2.93129 55.1938 -45.3517 50.5775 -131.856 -15.7468 -16.7813 -0.0294631 0.167093 4.29619e-05 7.11508e-08 -4.03516e-07 -9.54166e-15 19.8404 -18.9635 -7.42054 27.1119 -11.3194 -5.10907 0.0117546 0.0551451 0.00305962 -9.69478 -5.29002 -7.8875 5.46358 14.978 -1.595 0.0211965 -19.0675 -2.34878 -0.00168682 1.78488 -0.00149375 -3.44074 -5.51532 -15.3396 38.9515 4.50254 -3.92645 -0.0261574 -12.7189 -2.41236 -0.000613792 -0.699469 -0.0115381
868.923 3308.97 988.568 -114.307 3.28991 9.548 -0.000361625 -10.3789 -7.4301 -0.0548106 -2.06791 -11.1471 -0.338459 6.57515 3.79504 -0.692384 11.668 3.90012 -0.619154 2.83413 4.62741 0.00183623 0.0236137 9.39809e-05 21.7284 0.0331337 -1.23338 7.6351 -15.3318 -54.9517 86.5012 -13.0356 9.54296 1.38071 7.78143 -0.093907 -0.000750682 -0.00425733 -2.78895e-08 -5.21738 -0.0531941 5.00599 59.1296 -46.7432 49.8482 -132.48 -15.5182 -16.8628 -0.0235303 0.133447 2.74021e-05 4.30574e-08 -2.44191e-07 1.90833e-14 20.6512 -19.5012 -7.08857 28.1692 -11.7177 -4.82505 0.0177001 0.116969 0.00238488 -8.44818 -5.24509 -7.18154 5.03753 14.9374 -1.45552 0.0250095 -19.5268 -2.25522 -0.00194171 1.84383 0.00669104 -7.85138 -4.80212 -15.0523 40.9862 5.38322 -4.77264 -0.0418323 -13.1029 -2.31833 -0.000168486 -0.647144 -0.0115146
862.092 3307.26 988.856 -113.847 3.20552 9.508 0.00251066 -10.4196 -7.3894 -0.0530118 -2.12905 -11.0867 -0.210668 6.58219 3.83129 -0.434734 11.6847 3.89984 -0.388671 2.85432 4.68125 0.00169571 0.0203265 -0.000270067 22.93 0.0161374 0.372964 7.71001 -18.0216 -55.2554 90.4887 27.9382 10.0888 -6.39936 -32.2973 -1.85474 -0.00565381 -0.0320644 -1.58202e-06 -6.91105 -0.0434066 7.05816 61.7834 -48.5733 48.9911 -132.726 -15.3777 -16.8744 -0.0144531 0.0819675 1.03383e-05 1.19336e-08 -6.76789e-08 -9.54166e-15 21.2972 -20.5482 -6.38269 28.9478 -12.4183 -4.23269 0.0240374 0.130751 -3.33514e-05 -7.2692 -4.61286 -6.77899 4.94133 14.2973 -1.39129 0.0247769 -19.3755 -2.10934 -0.00106357 1.93772 0.0112742 -12.3719 -3.36124 -14.9471 44.0702 5.55516 -5.04144 -0.0651825 -13.8041 -2.29022 0.000660252 -0.620424 -0.00833043
855.247 3306.87 989.19 -113.788 2.99817 9.755 0.00759701 -10.4725 -7.32042 -0.0507246 -2.20755 -10.9841 0.054417 6.68545 3.6548 0.105177 11.8784 3.64467 0.0978546 3.06306 4.48489 -6.5284e-05 -0.00206841 -0.00060837 23.8136 0.00245684 2.69808 6.94971 -21.0962 -56.2916 95.4764 0.0744786 10.7388 -0.810173 -4.58475 -0.0324325 9.10951e-05 0.000516626 -4.10689e-10 -8.22577 -0.0203421 9.03103 62.7656 -50.353 48.2677 -132.873 -15.2971 -16.8709 -0.00707551 0.0401272 2.47767e-06 2.23547e-09 -1.2678e-08 -0 21.5407 -21.9302 -5.24499 29.1276 -13.2659 -3.31623 0.0299882 0.109291 -0.000358112 -5.7611 -3.63276 -6.77458 4.88989 13.1608 -1.32295 0.0176825 -18.3231 -1.99102 0.000156333 2.02953 0.00993644 -15.6036 -1.35901 -14.8767 47.4729 4.63815 -4.41871 -0.0910303 -14.1428 -2.30502 0.00138243 -0.629675 -0.0069326
848.496 3306.89 989.968 -114.088 2.7392 10.146 0.0109707 -10.5385 -7.21319 -0.0499107 -2.30619 -10.8235 0.441157 6.86552 3.29737 0.894743 12.2097 3.16773 0.808582 3.41812 4.07129 -0.00199799 -0.0292527 -0.000540382 23.99 0.00579926 5.09161 6.16666 -24.8926 -56.8933 100.432 -1.45159 11.3919 -0.469149 -2.65873 -0.0108871 0.000142693 0.000809254 -1.00771e-09 -8.98234 1.03898e-05 10.7339 62.2159 -51.5909 48.1444 -133.204 -15.2431 -16.9072 -0.0045234 0.0256535 1.01265e-06 -2.41018e-10 1.36695e-09 -1.59028e-14 21.4947 -23.5116 -3.66279 28.8601 -14.179 -2.09387 0.0325705 0.116216 0.00089626 -4.26854 -2.62126 -7.02236 4.3975 11.994 -1.14749 0.00754171 -16.8766 -1.93016 0.00105184 2.08483 0.00693526 -17.2883 0.740053 -14.7994 49.8143 3.23007 -3.27135 -0.113775 -13.9925 -2.32484 0.00158818 -0.658454 -0.00675847
842.069 3305.64 991.275 -114.368 2.50148 10.489 0.0116838 -10.612 -7.06947 -0.0521167 -2.41726 -10.6073 0.894025 7.10123 2.84489 1.82138 12.631 2.56726 1.6388 3.86721 3.53316 -0.00305442 -0.0503892 -0.000321063 23.2035 0.0243543 7.11325 6.23075 -29.8125 -56.229 103.497 -2.20387 11.9275 -0.30211 -1.71283 -0.00451608 9.67627e-05 0.000548768 -4.634e-10 -9.41563 0.0159746 11.9791 60.7454 -52.0394 49.0746 -133.854 -15.1838 -16.9989 -0.00583981 0.0331192 1.68782e-06 -1.69439e-09 9.60937e-09 2.54444e-14 21.3719 -25.1439 -1.66852 28.42 -15.0801 -0.603171 0.0302939 0.153361 0.000854205 -3.68528 -1.82024 -7.20591 3.48257 11.3647 -0.934152 0.0172643 -16.0063 -1.82911 0.00204607 2.09402 0.00761199 -17.943 2.28811 -14.6972 50.32 2.28157 -2.45367 -0.136839 -14.0743 -2.38705 0.00181996 -0.674902 -0.0061407
835.892 3301.76 992.524 -114.206 2.33361 10.665 0.0105998 -10.6822 -6.90505 -0.0555153 -2.52479 -10.3596 1.34359 7.3423 2.37167 2.74119 13.0505 1.93619 2.45867 4.3137 2.95212 -0.00337833 -0.0644619 -0.000343978 21.5123 0.0449767 8.8744 7.78547 -35.7737 -54.159 103.273 -2.74233 12.131 -0.221618 -1.25666 -0.00243045 4.46077e-05 0.000252983 -9.84732e-11 -9.92845 0.0284195 12.7769 58.9257 -51.7835 50.9201 -134.768 -15.0965 -17.1246 -0.00799221 0.0453261 3.16127e-06 -4.01503e-09 2.27704e-08 3.18055e-15 21.186 -26.5612 0.578646 27.8453 -15.8048 1.027 0.02644 0.144991 -0.000686216 -4.56771 -1.30014 -7.08239 2.65562 11.6061 -0.775437 0.0459936 -16.4706 -1.69129 0.00279281 2.06895 0.0101574 -18.3955 2.96406 -14.4663 49.727 2.2287 -2.43991 -0.169624 -15.1859 -2.57015 0.00296909 -0.66065 -0.00382794
829.407 3295.35 992.947 -113.418 2.20572 10.728 0.00954135 -10.7336 -6.74978 -0.0578721 -2.60455 -10.1261 1.74621 7.52986 1.89011 3.56445 13.3694 1.30399 3.19038 4.656 2.34849 -0.00359476 -0.0797682 -0.000656577 19.2271 0.0614101 10.709 10.712 -42.1287 -51.0826 100.114 -2.1494 11.8209 -0.35715 -2.02464 -0.00631093 4.54037e-07 2.57497e-06 -9.54166e-15 -10.716 0.0348797 13.3549 56.708 -51.063 52.8407 -135.759 -14.9742 -17.248 -0.00779286 0.0441955 3.00554e-06 -3.70707e-09 2.10237e-08 3.18055e-15 20.707 -27.5084 2.80693 26.9195 -16.2005 2.59907 0.0221512 0.061586 -0.0009476 -6.20625 -1.00275 -6.7343 2.17266 12.5917 -0.599673 0.0536279 -18.2552 -1.70833 0.0023669 2.03861 0.0106499 -19.1351 3.0187 -14.0273 49.5907 2.74482 -2.95057 -0.194348 -17.3008 -2.8567 0.00429065 -0.626679 3.48339e-05
822.291 3287.62 992.466 -112.232 2.08188 10.804 0.00895935 -10.7489 -6.63068 -0.0591706 -2.62734 -9.9474 2.12326 7.62503 1.3776 4.33538 13.5254 0.648992 3.87636 4.82851 1.70702 -0.00361676 -0.0995393 -0.000760631 16.8062 0.071395 12.8658 14.2882 -48.1519 -47.5385 95.5711 -1.06648 11.0953 -0.567883 -3.21719 -0.0159478 -3.20888e-05 -0.000181984 -5.09588e-11 -11.6672 0.0334011 14.0651 53.6995 -50.0607 54.0033 -136.617 -14.8259 -17.3275 -0.00177468 0.0100647 1.55873e-07 -8.1959e-09 4.64812e-08 1.43125e-14 19.7774 -27.9464 4.80845 25.5307 -16.2732 3.99088 0.0168924 -0.0293498 -2.44251e-05 -6.63942 -0.965494 -6.4822 1.43333 13.9084 -0.205367 0.0252991 -20.7597 -1.93806 0.000751846 2.03867 0.0111781 -20.1625 3.02041 -13.426 50.7058 3.03509 -3.31396 -0.179319 -19.3483 -2.99444 0.00450161 -0.598752 0.00188581
815.126 3279.78 991.687 -110.972 2.05564 10.968 0.0070265 -10.7148 -6.56227 -0.0599489 -2.57369 -9.8459 2.50545 7.59029 0.849019 5.11368 13.4521 -0.0151407 4.5727 4.7603 1.05351 -0.00285274 -0.110297 -0.000246611 14.8617 0.074777 15.356 17.5688 -53.4565 -43.9923 90.9447 0.262749 10.2333 -0.801033 -4.53325 -0.031706 -3.62023e-05 -0.000205313 -6.4842e-11 -12.4569 0.0199584 15.2758 49.3301 -48.8733 53.728 -137.129 -14.6734 -17.3286 0.00945754 -0.0536363 4.42675e-06 -2.60366e-08 1.47661e-07 9.54166e-15 18.5405 -28.0009 6.55533 23.8696 -16.1353 5.20401 0.0113098 -0.0572504 2.69134e-05 -3.90521 -1.40661 -6.59888 -0.867028 15.1148 0.577872 -0.0623561 -23.5021 -2.32038 0.000308989 2.0945 0.017933 -21.4709 3.21111 -12.8518 52.4305 2.78127 -3.19607 -0.139491 -20.0652 -2.86243 0.00365893 -0.59172 0.000813512
809.082 3272.32 990.809 -109.721 2.29821 11.216 0.00359492 -10.6243 -6.54473 -0.0588576 -2.43774 -9.82223 2.87882 7.36689 0.370091 5.8672 13.0408 -0.605863 5.25634 4.33706 0.478407 -0.00137791 -0.0907982 0.000949599 14.1393 0.106891 17.9813 19.8519 -58.113 -40.5735 86.3141 -2.45713 9.39998 -0.311414 -1.76555 -0.00479844 -1.86841e-05 -0.000105963 -1.72863e-11 -12.7584 -0.00431899 17.1039 43.0115 -47.3622 51.404 -137.053 -14.5419 -17.234 0.0184615 -0.1047 1.6868e-05 -6.02937e-08 3.41943e-07 1.74931e-14 17.2695 -27.5755 8.03401 22.2568 -15.729 6.21335 0.00676418 -0.0264695 -3.53252e-05 2.52739 -2.52289 -6.99563 -5.16189 15.7751 1.61622 -0.296032 -26.5023 -2.91238 0.00521273 2.21601 0.0362816 -23.2461 3.36341 -12.4936 53.7804 2.29558 -2.81909 -0.105628 -19.2469 -2.64723 0.00202581 -0.597498 -0.000697365
804.679 3265.2 989.408 -108.415 2.88463 11.448 0.00187108 -10.4875 -6.56889 -0.0547208 -2.23748 -9.86149 3.18538 6.90908 0.039937 6.4784 12.2092 -0.987032 5.82794 3.47541 0.123758 -0.000131396 -0.0382144 0.00183114 15.3931 0.225681 20.411 21.1811 -62.3524 -36.7466 80.7942 -3.75378 8.45666 -0.070993 -0.402614 -0.000249433 -7.67672e-06 -4.35368e-05 -2.91975e-12 -12.4039 -0.0241864 19.2335 34.899 -45.0588 46.9501 -136.204 -14.4612 -17.0517 0.0173079 -0.0981578 1.48257e-05 -8.87273e-08 5.03198e-07 -9.54166e-15 16.1316 -26.3665 9.05992 20.9286 -14.8349 6.87696 0.00601271 0.00754938 7.87055e-06 11.0525 -4.13757 -7.2025 -10.2758 15.727 2.58941 -0.659149 -29.7648 -3.56403 0.0126071 2.39007 0.0591244 -25.8823 3.31801 -12.3347 54.586 1.84732 -2.44859 -0.064997 -17.7554 -2.44908 -5.02976e-05 -0.598512 -0.00172016
801.089 3258.78 986.996 -106.981 3.66308 11.643 0.00215809 -10.3403 -6.62522 -0.0503755 -2.0206 -9.94674 3.37041 6.25381 -0.106183 6.83764 11.0272 -1.09691 6.18248 2.25083 0.0401679 0.000547999 0.0151397 0.00145731 18.9076 0.40332 22.1764 22.2206 -66.3449 -31.658 73.8271 -4.4342 7.18051 0.0447532 0.253806 -9.91228e-05 5.85356e-08 3.31972e-07 -6.36111e-15 -11.4113 -0.0266161 21.1932 25.9601 -41.5154 41.0478 -134.585 -14.452 -16.8169 0.00580699 -0.0329331 1.6689e-06 -3.6749e-08 2.08414e-07 1.11319e-14 15.1831 -24.2576 9.41737 19.963 -13.3569 7.04989 0.00904119 0.006294 -0.000363361 18.6773 -5.56848 -7.07858 -14.429 15.247 3.32222 -0.966772 -32.7775 -3.90344 0.0144006 2.57903 0.0669671 -29.519 3.31598 -12.2801 55.2326 1.47772 -2.12211 0.000989664 -16.825 -2.21447 -0.00171611 -0.584306 -0.00248074
796.927 3254.09 983.573 -105.526 4.33338 11.913 0.00326196 -10.2206 -6.6999 -0.0486904 -1.83754 -10.0567 3.46207 5.54181 -0.148575 7.0027 9.74526 -1.04395 6.35448 0.922533 0.100778 0.000919721 0.0430107 0.000485175 23.9943 0.487414 22.9359 24.1343 -70.2766 -24.6134 65.814 -4.19086 5.59022 0.00410347 0.0232719 -8.33356e-07 -2.18062e-07 -1.23669e-06 -3.18055e-15 -10.0909 -0.0214363 22.6591 17.4378 -36.7811 34.9777 -132.451 -14.502 -16.5704 -0.00641717 0.0363936 2.03805e-06 -1.65097e-08 9.36314e-08 -1.90833e-14 14.5001 -21.5923 9.19986 19.3533 -11.5202 6.80272 0.0109716 -0.0175193 -0.000511007 22.9047 -6.36084 -7.08715 -16.7321 15.0619 3.86943 -1.03457 -34.804 -3.74425 0.00894225 2.73848 0.0514513 -33.2759 3.77333 -12.2791 55.7492 1.06202 -1.65737 0.0566786 -17.2526 -1.9865 -0.00212561 -0.55955 -0.00275701
791.561 3252.06 979.928 -104.334 4.72652 12.402 0.00413818 -10.1501 -6.7724 -0.0493782 -1.72279 -10.1629 3.55482 4.93242 -0.220618 7.16863 8.64395 -1.02305 6.51274 -0.217241 0.110614 0.000788622 0.0445596 -0.000127923 29.2605 0.384677 22.8908 27.7995 -74.4865 -15.8369 57.905 -3.75596 4.04827 -0.0122847 -0.0696699 -7.46891e-06 -5.12422e-07 -2.90609e-06 -9.54166e-15 -8.9593 -0.0222589 23.6657 10.0709 -31.6293 29.7385 -130.217 -14.58 -16.3441 -0.00980306 0.0555959 4.75611e-06 -3.61252e-08 2.04876e-07 3.18055e-15 14.1077 -19.1376 8.83807 19.0143 -9.83986 6.45194 0.00864029 -0.0282484 -0.000356102 23.1002 -6.79234 -7.57685 -17.7344 16.0332 4.41207 -0.878879 -35.4095 -3.30636 0.00233075 2.84937 0.0279683 -35.6135 4.75136 -12.4154 55.5018 0.534154 -0.990435 0.0586549 -18.8259 -1.88412 -0.00174933 -0.545204 -0.00272189
785.644 3252.66 976.954 -103.545 4.92532 13.177 0.00220586 -10.1282 -6.82697 -0.0508681 -1.68252 -10.2436 3.72358 4.49634 -0.423982 7.49351 7.84918 -1.17613 6.80937 -1.03438 -0.0573381 0.000320091 0.027883 -0.000360279 33.4699 0.192679 22.64 33.9949 -79.2977 -5.53062 51.3631 -2.90722 3.00799 -0.0183403 -0.104013 -1.66473e-05 -9.01557e-07 -5.11298e-06 -3.18055e-14 -8.4416 -0.020318 24.448 3.78783 -27.0694 25.5849 -128.19 -14.6719 -16.1388 -0.00496071 0.0281336 1.21791e-06 -1.3519e-08 7.66699e-08 9.54166e-15 13.903 -17.5091 8.77217 18.82 -8.71424 6.34146 0.00578829 -0.020372 -0.000275749 20.3006 -7.38524 -8.49514 -18.0292 18.465 5.12408 -0.600377 -34.8801 -2.81424 -0.000767674 2.92918 0.0103838 -35.4029 5.76881 -12.9884 53.64 0.0937518 -0.362408 0.0217069 -20.6873 -1.93601 -0.00193673 -0.56521 -0.00250282
780.298 3254.31 975.131 -102.907 5.12419 14.088 -0.00164605 -10.1373 -6.86379 -0.052922 -1.69695 -10.2985 3.9802 4.20815 -0.735353 8.00357 7.31571 -1.48223 7.27737 -1.57406 -0.36272 0.000198688 0.00439921 -0.00062822 36.1174 0.0577402 22.6124 47.532 -84.3577 10.92 46.8246 -1.87374 2.57731 -0.0170533 -0.0967141 -1.43928e-05 -8.60017e-07 -4.8774e-06 -3.49861e-14 -8.86194 -0.00368596 24.9271 -1.60285 -23.7207 22.6917 -126.442 -14.7899 -15.9292 -0.000567516 0.00321854 1.59399e-08 7.19429e-10 -4.08005e-09 3.18055e-15 13.7826 -16.7481 9.2205 18.6991 -8.15404 6.63988 0.00529625 0.00282646 0.000266314 15.786 -8.21691 -9.59607 -17.3402 21.748 5.89717 -0.258326 -33.699 -2.36968 -2.98908e-05 3.01639 1.32731e-05 -32.6362 6.08201 -14.1485 49.9145 -0.0133693 -0.0153951 -0.00768819 -21.9585 -2.0898 -0.00365421 -0.641281 -0.003854
776.165 3254.8 974.578 -102.019 5.47562 14.873 -0.0026262 -10.1678 -6.89857 -0.0549503 -1.75274 -10.3505 4.27141 3.99956 -1.04119 8.58441 6.92519 -1.804 7.81352 -1.96234 -0.662993 0.000499442 -0.0137934 -0.000564582 37.4519 0.0104928 22.8302 109.273 -87.7909 74.7876 44.169 -1.03169 2.51077 -0.0132225 -0.0749882 -8.65272e-06 -4.12828e-07 -2.34126e-06 -2.38542e-15 -10.3246 0.0169135 24.8661 -6.09402 -21.7417 21.2016 -124.857 -14.9325 -15.6943 -0.0015656 0.00887898 1.21309e-07 7.22711e-10 -4.09873e-09 6.36111e-15 13.7104 -16.4398 10.1331 18.6274 -7.87692 7.28839 0.00492487 0.0370227 0.00126702 10.3614 -8.83929 -10.5435 -15.1575 24.648 6.13196 0.0227322 -32.015 -2.14689 0.00272495 3.14815 -0.00518238 -28.6044 5.24026 -15.5379 45.0085 0.305968 -0.0699354 -0.0206135 -22.1736 -2.27857 -0.00605978 -0.792026 -0.0100351
773.146 3252.71 974.982 -100.703 6.00413 15.333 0.000610255 -10.222 -6.94859 -0.0556653 -1.84527 -10.4249 4.5352 3.81049 -1.23436 9.10568 6.57774 -2.00877 8.29769 -2.30938 -0.829324 0.000690623 -0.0158285 0.000103638 38.0031 0.0103358 23.085 178.074 -85.7957 145.364 42.8947 -0.557268 2.56373 -0.00953246 -0.0540613 -4.49716e-06 -1.10986e-07 -6.29436e-07 -8.94531e-15 -12.497 0.0205673 24.1835 -9.74818 -20.931 20.9941 -123.13 -15.0727 -15.412 -0.00399694 0.0226678 7.90648e-07 1.09111e-09 -6.18807e-09 6.36111e-15 13.6358 -16.0465 11.2371 18.5528 -7.5267 8.06197 0.00182037 0.0548096 0.00113328 4.92293 -8.86619 -11.0115 -11.7027 26.2094 5.40196 0.127152 -30.0741 -2.19996 0.0035855 3.32806 -0.00615884 -25.0893 3.59117 -16.5111 40.1614 0.844403 -0.398221 -0.0545249 -21.3511 -2.48371 -0.00618554 -1.01491 -0.0197102
770.744 3248.39 975.75 -99.2201 6.62699 15.427 0.00465251 -10.3001 -7.01824 -0.0555349 -1.96488 -10.5286 4.73478 3.61438 -1.25774 9.49831 6.22655 -2.02408 8.66652 -2.66884 -0.790827 0.000501531 -0.00323577 0.000426316 38.2017 0.0218853 23.2101 -166.236 -83.3053 162.518 42.4498 -0.400527 2.60714 -0.00532727 -0.0302125 -1.40455e-06 -2.50545e-08 -1.42091e-07 -5.56597e-15 -14.6837 0.00720815 22.9439 -12.8174 -21.037 21.7128 -120.886 -15.2043 -15.0574 -0.00333754 0.0189281 5.51292e-07 4.21548e-10 -2.39073e-09 1.27222e-14 13.4813 -15.3404 12.1484 18.3989 -6.96586 8.67997 -0.00475614 0.028312 -0.000363827 0.849324 -8.47577 -10.9059 -8.51084 26.3216 4.26986 0.0991744 -28.2762 -2.40618 0.000768814 3.52183 -0.00176284 -23.1802 2.02942 -16.7722 36.6872 1.14668 -0.624157 -0.121057 -19.8291 -2.69512 -0.00326057 -1.27585 -0.0266862
768.476 3243.83 976.508 -98.263 7.18897 15.332 0.00616922 -10.3847 -7.09319 -0.0551309 -2.08744 -10.6407 4.85309 3.4204 -1.15731 9.73149 5.88103 -1.89365 8.88967 -3.02792 -0.606084 0.000399605 0.00153441 0.000189916 38.3639 0.020621 23.1887 -158.106 -81.5135 171.415 42.1102 -0.34603 2.56957 0.000682212 0.00386902 -2.30339e-08 -5.4615e-09 -3.09739e-08 8.74653e-15 -16.1443 0.00152549 21.4749 -15.7214 -22.1399 22.6009 -117.821 -15.3615 -14.5935 -0.00125003 0.00708924 7.73332e-08 -1.70083e-10 9.64417e-10 2.54444e-14 13.3229 -14.5354 12.5097 18.2586 -6.36231 8.90222 -0.0134437 -0.0324643 -0.000797055 -0.33744 -8.30924 -10.5316 -7.22328 25.7314 3.67139 0.0454423 -27.0338 -2.58403 -0.00222049 3.68764 0.00652491 -22.8637 1.29533 -16.6031 35.1469 0.908526 -0.478723 -0.175387 -18.1093 -2.86245 -4.25025e-05 -1.50963 -0.0252598
765.651 3241.2 977.237 -98.4328 7.48053 15.298 0.00454522 -10.4397 -7.15227 -0.0533392 -2.17246 -10.7302 4.88929 3.25978 -1.04401 9.79772 5.59375 -1.74294 8.9564 -3.32393 -0.425131 0.000583911 -0.0143609 0.000267242 38.5981 -0.000853991 23.0836 -152.623 -80.2457 176.476 41.0541 -0.122925 2.42322 0.00930065 0.0527466 -4.2811e-06 6.25656e-09 3.54826e-08 -7.95139e-16 -16.6021 0.0142648 20.1584 -18.924 -24.5497 22.7542 -113.738 -15.549 -13.9701 0.00194133 -0.0110098 1.86521e-07 -7.23917e-09 4.10553e-08 1.90833e-14 13.4611 -13.9489 12.1907 18.4953 -5.94426 8.64467 -0.0198595 -0.0881927 -0.000140037 1.7371 -8.8824 -10.2849 -7.80201 25.6496 3.85337 0.0133842 -26.5083 -2.63825 -0.00225146 3.79845 0.0125008 -23.3102 1.57991 -16.3826 35.1718 0.234614 -0.0289135 -0.173338 -16.7555 -2.90498 0.000892377 -1.64842 -0.0178575
761.586 3241 977.974 -99.7732 7.3427 15.414 0.00274885 -10.4462 -7.18541 -0.0509538 -2.19321 -10.7818 4.83 3.17141 -0.996852 9.67087 5.43607 -1.66823 8.84115 -3.48379 -0.363914 0.000588104 -0.0305294 6.78017e-05 38.7879 -0.0278492 22.9601 -149.19 -79.3461 177.954 38.7522 0.431962 2.16028 0.0233242 0.132278 -2.69242e-05 9.08281e-08 5.15112e-07 6.36111e-15 -16.4439 0.0288062 19.2659 -22.7397 -28.4162 21.3671 -108.648 -15.6929 -13.1627 0.0120997 -0.0686206 7.24563e-06 -3.89902e-08 2.21124e-07 1.27222e-14 14.1941 -13.6745 11.3925 19.498 -5.77388 8.04565 -0.021128 -0.110785 0.000322857 5.5953 -10.0672 -10.2053 -8.73901 26.728 4.28482 0.0236354 -26.169 -2.56596 -0.000285443 3.85574 0.0138337 -23.5423 2.56456 -16.1293 36.305 -0.465866 0.407304 -0.130723 -16.3635 -2.81018 0.000895379 -1.67704 -0.00950772
756.274 3242.05 978.749 -101.864 6.80464 15.57 0.0024187 -10.4175 -7.19223 -0.0502707 -2.15665 -10.7938 4.66867 3.16791 -1.02834 9.34611 5.43168 -1.6812 8.54223 -3.49157 -0.435233 0.000347705 -0.0282207 -0.000490337 38.7781 -0.0455143 22.8195 -146.836 -78.8019 176.86 35.3922 1.30463 1.81551 0.0405989 0.230246 -8.15745e-05 3.68124e-07 2.08774e-06 -1.98785e-15 -16.3534 0.0337616 18.9891 -27.3622 -33.2996 17.808 -102.739 -15.9272 -12.183 -0.0024681 0.0139973 3.01478e-07 -3.11349e-08 1.76575e-07 -1.27222e-14 15.4205 -13.5902 10.4643 21.1521 -5.76869 7.35242 -0.0171224 -0.0790239 0.000260851 9.19886 -11.228 -10.1242 -8.41856 28.4954 4.1928 0.0807494 -25.1044 -2.4319 0.00169583 3.89096 0.0130372 -23.2076 3.75692 -15.6622 38.3509 -0.828648 0.601577 -0.0916283 -17.1762 -2.61965 0.00127641 -1.64505 -0.00473385
750.583 3242.85 979.405 -104.048 6.14384 15.616 0.00154223 -10.3789 -7.17528 -0.0513642 -2.09141 -10.7684 4.41555 3.19073 -1.08491 8.84352 5.47636 -1.70393 8.08335 -3.45897 -0.544841 0.000267971 -0.0233952 -8.75534e-05 38.558 -0.057257 22.5938 -143.762 -78.7682 175.545 31.8478 2.3387 1.47199 0.0492405 0.279255 -0.000119997 6.04036e-07 3.42566e-06 -2.0276e-14 -16.7458 0.0380224 19.1425 -32.7255 -38.2275 12.2282 -96.2217 -16.2332 -11.0549 -0.0420364 0.238399 8.74537e-05 -1.08819e-07 6.17144e-07 -1.27222e-14 16.6428 -13.5063 9.64331 22.8133 -5.78862 6.73476 -0.0112481 0.00302882 -0.00157735 11.3819 -11.816 -9.94368 -6.67402 29.7852 3.43889 0.125254 -22.5253 -2.53083 0.00300971 3.94118 0.00963629 -22.8588 4.82085 -14.9379 41.3093 -0.86763 0.637389 -0.0703024 -18.7994 -2.33101 0.00121609 -1.6236 -0.0058267
745.855 3242.97 979.807 -105.855 5.69818 15.567 -0.00133529 -10.3449 -7.13612 -0.052288 -2.02674 -10.708 4.08716 3.149 -1.12814 8.1867 5.40826 -1.68184 7.48847 -3.5502 -0.628314 0.000492751 -0.0297959 0.000775475 38.2959 -0.063262 22.2212 -138.932 -79.3787 175.835 29.152 3.35754 1.20219 0.039964 0.226646 -7.90432e-05 3.41513e-07 1.93682e-06 -1.19271e-15 -17.4997 0.0449756 19.297 -38.2211 -42.4441 5.76082 -89.3801 -15.7141 -9.82723 0.0446804 -0.253394 9.8801e-05 -3.64351e-08 2.06634e-07 1.90833e-14 17.5195 -13.3328 8.90082 24.0255 -5.74566 6.16609 -0.0075676 0.0853323 -0.00236805 12.3401 -11.7631 -9.66986 -5.60249 29.5433 2.98683 0.116946 -17.996 -3.14666 0.00277997 4.02449 0.00186216 -23.5015 5.77702 -14.1632 45.117 -0.864172 0.802664 -0.0666917 -20.4106 -1.9169 0.000670898 -1.64642 -0.00825185
742.904 3243.33 980.114 -107.304 5.55475 15.616 -0.00484445 -10.3178 -7.07796 -0.0518435 -1.97808 -10.6194 3.71739 3.0198 -1.19016 7.44023 5.18468 -1.6633 6.81301 -3.80368 -0.737077 0.000771431 -0.0397037 0.000588311 38.1721 -0.0556612 21.6707 -133.296 -80.6617 177.527 28.0384 4.16929 1.01647 0.0259317 0.147065 -3.32804e-05 8.33694e-08 4.72811e-07 -3.57812e-15 -18.1877 0.047033 19.1627 -43.1741 -45.8884 -0.353324 -82.5146 -16.0682 -8.57799 -0.0449094 0.254692 9.98164e-05 1.02008e-07 -5.78517e-07 1.27222e-14 18.1609 -13.1383 7.97948 24.9188 -5.68386 5.46355 -0.0100155 0.108513 -3.59174e-05 13.0849 -11.4311 -9.46055 -7.47228 27.7435 3.7459 0.114605 -12.0749 -3.87733 0.000859432 4.11781 -0.00332079 -25.4414 6.89728 -13.6669 49.1262 -1.05157 1.33594 -0.0981882 -21.2396 -1.46787 -0.000513231 -1.68866 -0.00773316
741.566 3244.99 980.424 -108.7 5.5087 15.923 -0.00506327 -10.2944 -7.01023 -0.049063 -1.94645 -10.5179 3.3478 2.87267 -1.32227 6.69065 4.93018 -1.73028 6.13116 -4.0849 -0.955087 0.000810842 -0.038685 -0.000436004 38.1567 -0.0350567 20.9356 -130.026 -82.6914 177.916 28.6686 4.58729 0.861461 0.0325002 0.184317 -5.22756e-05 -1.69575e-07 -9.61709e-07 8.74653e-15 -18.4447 0.0387021 18.6631 -47.6295 -48.8897 -5.7644 -75.7958 -15.6342 -7.37539 -0.025108 0.142394 3.11998e-05 7.47089e-08 -4.23695e-07 6.36111e-15 18.9087 -13.007 6.66116 25.9427 -5.69312 4.47937 -0.0192523 0.0788543 0.000805358 14.5888 -11.274 -9.54286 -12.5344 25.3452 5.60334 0.111239 -6.42015 -3.93183 -0.000116548 4.16471 0.00304274 -27.6294 8.35257 -13.6257 52.2275 -1.5123 2.2216 -0.148626 -20.9765 -1.08783 -0.00246602 -1.70796 -0.00610915
741.196 3248.22 980.848 -110.376 5.28723 16.507 -0.000553207 -10.2735 -6.94789 -0.0444402 -1.9268 -10.4259 3.03035 2.79725 -1.55134 6.04568 4.80613 -1.92431 5.54044 -4.22421 -1.30887 0.000685041 -0.0275875 -0.000700238 38.0271 -0.0186374 20.0277 -135.422 -85.7112 170.787 30.7661 4.5373 0.720078 0.0599581 0.340035 -0.000177918 -7.90663e-07 -4.48407e-06 -4.37326e-14 -18.1861 0.0259716 17.9992 -52.3933 -51.5444 -11.1475 -69.0825 -15.0861 -6.21321 -0.00760074 0.0431059 2.85917e-06 9.04691e-09 -5.13075e-08 3.18055e-15 19.8911 -12.9208 4.88536 27.2917 -5.80761 3.17882 -0.0247262 0.0898938 -0.00111379 17.3747 -11.5918 -10.0059 -19.0927 23.4102 7.93554 0.0555511 -2.63794 -3.20041 0.0011171 4.13249 0.0113344 -28.447 9.95436 -14.0149 53.6885 -2.11647 3.12925 -0.158413 -20.0176 -0.713103 -0.00337897 -1.69024 -0.00410801
741.187 3252.48 981.441 -112.341 4.8123 17.247 0.00409826 -10.2566 -6.90827 -0.0421617 -1.9084 -10.3679 2.79202 2.80262 -1.83268 5.56505 4.82292 -2.186 5.09851 -4.21365 -1.71293 0.000752488 -0.02266 -0.000115657 37.5985 -0.0287465 18.9569 139.896 -88.6278 85.2946 33.933 4.09336 0.713625 0.0780708 0.442753 -0.000301647 -1.70032e-06 -9.64302e-06 -1.44715e-13 -17.5414 0.0205255 17.4054 -58.1573 -53.5246 -17.1981 -61.8763 -14.4699 -5.03272 -4.01554e-05 0.000227733 7.97858e-11 1.31276e-08 -7.44502e-08 -1.11319e-14 20.8593 -12.7286 2.74362 28.6651 -5.93421 1.62726 -0.0218129 0.184085 -0.00275516 21.2169 -12.4901 -10.7192 -24.8751 22.581 10.2356 -0.0185107 -1.03821 -2.41509 0.00282406 4.0514 0.00818222 -27.0887 11.1964 -14.7769 53.5165 -2.56115 3.64753 -0.130659 -19.3185 -0.326627 -0.00209819 -1.65346 -0.000812574
741.339 3256.68 981.97 -114.177 4.32507 17.919 0.00424553 -10.2404 -6.90067 -0.0448768 -1.8788 -10.3564 2.61739 2.79284 -2.04837 5.22135 4.8031 -2.37487 4.785 -4.24071 -2.00488 0.00101417 -0.0263425 0.000118564 36.8689 -0.0582595 17.5929 72.0776 -84.3122 17.0942 37.9033 3.46799 1.05232 0.0637485 0.361531 -0.000201124 -1.58643e-06 -8.99709e-06 -1.27222e-13 -16.7539 0.0214656 16.8359 -64.5262 -54.52 -23.5394 -53.836 -13.553 -3.86113 0.0204782 -0.116137 2.07545e-05 9.1596e-08 -5.19467e-07 -0 21.5558 -12.2533 0.517285 29.7172 -5.89451 0.00505269 -0.0160568 0.260093 -0.00145705 25.4555 -13.9039 -11.3512 -28.8626 22.8135 12.2714 -0.0807451 -0.283783 -2.01347 0.00416704 3.96555 -0.000770858 -24.5904 11.6965 -15.7285 52.4881 -2.62772 3.61471 -0.108155 -19.5055 -0.0345383 -0.00013348 -1.62225 0.00236502
741.922 3259.92 982.233 -115.496 4.21369 18.337 0.00349224 -10.2191 -6.91738 -0.0499451 -1.83557 -10.3799 2.4932 2.64923 -2.10518 4.98371 4.53755 -2.39098 4.57421 -4.52192 -2.07373 0.000910174 -0.0238668 -0.000101175 36.0019 -0.0736817 15.676 60.7814 -78.94 5.20957 42.6373 2.88738 1.84909 0.0224781 0.12748 -2.50062e-05 -4.51529e-07 -2.56075e-06 -2.22639e-14 -16.1175 0.0175261 16.0673 -70.2197 -54.5984 -29.0384 -45.3447 -12.3054 -2.86009 0.0430264 -0.244014 9.16215e-05 4.00774e-07 -2.2729e-06 1.11319e-14 22.0228 -11.5066 -1.45619 30.4675 -5.6302 -1.4605 -0.00813898 0.226506 -6.02512e-05 29.3691 -15.6298 -11.5181 -31.2567 23.5613 13.8513 -0.134941 1.43553 -1.85272 0.00484505 3.8934 -0.00646221 -23.0119 11.4501 -16.5057 51.696 -2.28144 3.04271 -0.0849686 -20.3175 0.102079 0.00139914 -1.60048 0.00245182
743.516 3261.76 982.308 -116.286 4.71021 18.46 0.00482349 -10.1926 -6.94299 -0.0537227 -1.78772 -10.4164 2.41685 2.33083 -2.01417 4.83646 3.95945 -2.24869 4.44816 -5.12479 -1.94221 0.000234878 -0.00815521 -0.000201757 35.1142 -0.0600789 13.1085 52.6126 -73.8053 -4.27043 48.3263 2.42746 3.03877 -0.0261425 -0.148261 -3.38238e-05 2.79098e-08 1.58285e-07 9.54166e-15 -15.7921 0.00639767 15.0078 -74.3419 -54.0596 -33.0697 -37.32 -11.0066 -2.09808 0.0451829 -0.256243 0.000101036 3.34704e-07 -1.8982e-06 1.27222e-14 22.3949 -10.6516 -2.9576 31.0627 -5.23215 -2.6062 0.000579138 0.131662 -0.000607614 32.286 -17.5207 -11.0244 -32.8556 24.3729 15.0555 -0.105369 4.95673 -1.96984 0.00626507 3.8574 -0.0104027 -23.5064 10.6099 -16.9513 51.5536 -1.58245 1.94955 -0.0410317 -20.8485 0.0926999 0.00295076 -1.56882 -0.00210359
746.702 3262.35 982.57 -116.843 5.76978 18.418 0.000884683 -10.1672 -6.96491 -0.0555865 -1.74626 -10.4476 2.39344 1.88603 -1.90354 4.78279 3.15647 -2.08064 4.40412 -5.95825 -1.76863 -0.000615533 0.0131608 -0.00017153 34.0808 -0.0312121 10.2692 44.0674 -68.862 -15.0141 55.1897 2.02498 4.41728 -0.0603125 -0.342045 -0.000180028 -2.98841e-08 -1.69481e-07 -6.36111e-15 -15.6873 -0.00577784 13.9203 -77.151 -53.0339 -35.9455 -30.4606 -9.93386 -1.51146 0.0282906 -0.160443 3.96106e-05 8.52236e-08 -4.83327e-07 1.11319e-14 22.6423 -9.74444 -3.89182 31.457 -4.7372 -3.36017 0.00279297 0.0699486 -0.000396292 33.7987 -19.588 -9.99851 -34.5233 25.0616 16.226 0.0872759 9.88997 -2.41848 0.0111063 3.88552 -0.0196723 -25.3762 9.25069 -17.3845 51.5955 -0.579604 0.463909 0.0149772 -20.4451 0.0580262 0.00479185 -1.51045 -0.00793569
751.269 3262.14 983.345 -117.365 7.13499 18.43 -0.00990258 -10.1408 -6.97613 -0.0564667 -1.70595 -10.4641 2.38995 1.39689 -1.93279 4.76306 2.27078 -2.05271 4.38751 -6.87813 -1.75587 -0.00142147 0.0304066 -8.35914e-05 32.606 0.00536622 8.07391 35.5505 -63.564 -26.4642 62.884 1.63911 5.72893 -0.0633138 -0.359065 -0.00019839 1.23246e-07 6.98961e-07 3.18055e-15 -15.4723 -0.0221205 13.2578 -79.6208 -51.3768 -38.3268 -24.7891 -9.11769 -1.06891 0.0115506 -0.0655066 6.60293e-06 1.82596e-08 -1.03555e-07 -6.36111e-15 22.7314 -8.69434 -4.23422 31.6159 -4.07268 -3.7057 -0.00268434 0.0574863 -2.76497e-05 33.5982 -21.7495 -8.91789 -36.3461 25.5918 17.4578 0.320679 15.0484 -2.83184 0.0158892 3.96543 -0.0297862 -26.5632 7.31032 -18.2469 50.8235 0.672929 -1.14384 0.0569163 -19.452 0.148052 0.0062046 -1.42812 -0.00912773
755.924 3261.11 984.467 -117.599 8.47881 18.577 -0.0159292 -10.0987 -6.9779 -0.0561643 -1.64533 -10.4683 2.32778 0.939842 -2.15171 4.6321 1.43504 -2.2241 4.26942 -7.74953 -1.99427 -0.00189677 0.0328399 9.44587e-05 30.5468 0.0495037 7.29836 28.8861 -57.9146 -36.4675 70.3171 1.38938 6.8436 -0.0438812 -0.248861 -9.52979e-05 1.93453e-07 1.09713e-06 -3.18055e-15 -14.8768 -0.0445723 13.2783 -82.5393 -49.1434 -40.604 -19.8841 -8.45907 -0.748285 0.00481117 -0.0272855 1.14559e-06 -1.41932e-09 8.04935e-09 1.43125e-14 22.8012 -7.40427 -4.00095 31.7408 -3.17008 -3.65371 -0.00864412 0.0533735 -6.26659e-05 31.6483 -23.6113 -8.31048 -37.982 25.8816 18.5879 0.342553 18.8725 -2.76279 0.0144743 4.03151 -0.0283772 -25.3783 4.77778 -19.4806 48.4107 1.8834 -2.40261 0.0595264 -18.8285 0.308381 0.00609601 -1.33922 -0.00393719
758.959 3259.35 985.422 -117.178 9.52463 18.731 -0.0142926 -10.0289 -6.97644 -0.0539328 -1.54671 -10.4676 2.17282 0.569106 -2.48301 4.32396 0.751998 -2.52274 3.99127 -8.46305 -2.41145 -0.00130996 0.0145184 0.000114359 28.2073 0.0806838 7.83505 24.8267 -52.9077 -43.7829 76.2587 1.42169 7.7631 -0.0328114 -0.186082 -5.32815e-05 8.754e-08 4.96464e-07 -6.36111e-15 -13.964 -0.0565981 13.8355 -85.7519 -46.8414 -42.5902 -15.578 -7.86919 -0.535007 0.00566697 -0.032139 1.58939e-06 -3.85438e-09 2.18592e-08 -9.54166e-15 23.094 -5.87922 -3.29307 32.1756 -2.05518 -3.28048 -0.0069045 0.038445 -0.000793267 28.7448 -24.5158 -8.27171 -39.1388 25.6773 19.2482 0.145897 19.9915 -2.29308 0.00873005 4.01889 -0.0179584 -21.5443 1.84209 -20.5328 44.0934 2.72777 -2.91604 0.0333784 -19.2865 0.383296 0.0045251 -1.2604 0.00337747
759.558 3257.28 985.952 -116.104 10.1208 18.747 -0.0124525 -9.93531 -6.97805 -0.0510795 -1.41078 -10.4695 1.95268 0.311483 -2.82976 3.88847 0.280431 -2.84904 3.59651 -8.95517 -2.88382 9.62096e-05 -0.00694667 1.21241e-05 26.1321 0.079211 8.84766 22.4853 -49.2923 -48.834 80.3851 1.7036 8.54502 -0.0451124 -0.255843 -0.00010072 3.11678e-08 1.76761e-07 3.18055e-15 -13.0096 -0.0465308 14.597 -88.4177 -45.1992 -43.9531 -12.2133 -7.36431 -0.388097 0.00893682 -0.0506832 3.95271e-06 -3.94101e-09 2.23505e-08 4.77083e-15 23.7365 -4.22581 -2.38915 33.1053 -0.83565 -2.80251 0.00546223 0.0100576 -0.00158149 26.0363 -24.0888 -8.49553 -39.6906 24.8259 19.1123 -0.0386307 18.154 -1.89723 0.00411636 3.92839 -0.0100467 -15.789 -1.20713 -20.9588 38.0707 3.2992 -2.75035 0.00878118 -20.7863 0.376466 0.00280701 -1.19994 0.0078292
758.447 3255.56 986.235 -114.78 10.2903 18.632 -0.0114405 -9.83843 -6.9789 -0.0503302 -1.26394 -10.4695 1.71354 0.161927 -3.14968 3.41489 0.0135767 -3.15684 3.16388 -9.23413 -3.33932 0.000713462 -0.00976785 -2.65332e-05 24.6721 0.0533666 9.44037 20.5349 -46.7594 -52.7344 83.6214 12.1506 9.20342 -1.86 -10.3284 -0.151776 3.27156e-05 0.000185539 -5.30135e-11 -12.264 -0.0270023 15.3327 -89.6371 -44.4864 -44.49 -9.93743 -6.95611 -0.310391 0.0131143 -0.0743746 8.51169e-06 -3.54928e-08 2.01289e-07 9.54166e-15 24.5231 -2.60215 -1.61123 34.2484 0.353521 -2.4524 0.0182268 -0.0176879 -0.000868421 24.2234 -22.7094 -8.74448 -39.8551 23.5166 18.3694 -0.103469 14.6712 -1.73185 0.0022618 3.816 -0.00673079 -8.76791 -4.25672 -20.7491 30.8704 3.89573 -2.20277 -0.0201381 -22.7755 0.334429 0.00162641 -1.16641 0.00731026
757.051 3254.96 986.544 -113.629 10.2165 18.463 -0.00923774 -9.75951 -6.9631 -0.0515896 -1.14156 -10.4454 1.47472 0.083633 -3.41093 2.94141 -0.118587 -3.41202 2.72831 -9.37195 -3.72558 7.76414e-05 0.000991858 -4.44533e-05 23.8687 0.0273 9.13584 18.369 -44.6572 -56.1445 86.4739 34.6983 9.73873 -6.44769 -32.2834 -1.83489 0.000122627 0.000695451 -7.44215e-10 -11.7351 -0.0132127 15.84 -88.6385 -43.833 -43.8605 -8.2508 -6.57404 -0.395226 0.0186087 -0.105535 1.7138e-05 -2.24596e-07 1.27375e-06 3.18055e-15 25.0482 -1.25612 -1.12508 35.0363 1.32589 -2.29626 0.0193449 -0.00378486 -0.000462834 23.3093 -21.1817 -8.9845 -39.6974 22.2661 17.455 -0.101939 11.9224 -1.63444 0.00164716 3.73252 -0.00477125 -0.484645 -7.52277 -19.9736 22.9828 4.68688 -1.54686 -0.0697538 -24.6685 0.236415 -0.00010733 -1.1756 0.00129616
756.366 3255.4 987.04 -112.713 10.1477 18.242 -0.00740836 -9.7099 -6.92575 -0.0527238 -1.06508 -10.3895 1.2069 0.0160583 -3.53885 2.40888 -0.227458 -3.53628 2.2377 -9.48135 -3.95571 -9.83473e-05 0.00200841 4.68728e-05 23.5767 0.0158775 7.8695 16.1423 -42.5817 -59.0317 89.1524 2.07085 10.23 -0.0600596 -0.0572433 0.0557552 -3.77223e-05 -0.000213934 -7.04159e-11 -11.2308 -0.00134884 16.0237 -85.443 -41.8769 -41.9629 -6.41797 -6.1335 -0.65905 0.0220065 -0.124805 2.39678e-05 -7.0182e-07 3.98022e-06 3.81667e-14 25.0044 -0.362018 -1.0402 35.028 1.94563 -2.34415 0.0108528 0.0745825 -0.00282809 22.6763 -20.0592 -9.17449 -38.7315 21.596 16.4907 -0.111488 11.6282 -1.50374 0.00112022 3.68841 -0.00357494 9.02659 -11.0953 -18.418 15.1127 5.58892 -0.953241 -0.115557 -26.0995 0.127299 -0.00227676 -1.22564 -0.00611978
756.504 3256.19 987.797 -111.879 10.2303 17.928 -0.0066567 -9.69033 -6.88099 -0.053068 -1.03502 -10.3224 0.868681 -0.0891269 -3.4669 1.73493 -0.403368 -3.46035 1.61716 -9.6559 -3.96052 0.00130818 -0.016813 0.000284304 23.7292 0.0217622 5.76138 14.2455 -40.5315 -61.0625 91.1061 47.5285 10.816 -10.0507 -44.5404 -4.09364 -0.00140576 -0.00797244 -9.78023e-08 -10.5736 0.0171757 15.8936 -80.98 -37.9044 -39.3458 -4.04911 -5.62712 -0.899597 0.0181813 -0.103111 1.63598e-05 -1.0246e-06 5.8108e-06 4.45278e-14 24.354 0.15182 -1.46881 34.1579 2.25245 -2.66314 0.000621119 0.186205 -0.00288062 21.8927 -19.3712 -9.20473 -36.6592 21.5118 15.3214 -0.145138 13.5549 -1.47648 0.000846879 3.66601 -0.00365127 18.9523 -14.4613 -15.9768 8.21567 6.3757 -0.455884 -0.120102 -26.9933 0.133232 -0.00258864 -1.27302 -0.00613124
757.194 3256.96 988.751 -111.07 10.4292 17.547 -0.00582883 -9.68579 -6.84574 -0.0534153 -1.02703 -10.2694 0.4262 -0.218443 -3.23021 0.852108 -0.629034 -3.22341 0.80059 -9.88145 -3.80204 0.00299221 -0.0427442 0.000203859 24.4084 0.0387927 3.16409 13.0834 -38.749 -62.0066 93.3543 17.8952 10.8278 -2.8265 -15.5357 -0.368112 -0.000226553 -0.00128484 -2.54019e-09 -9.62725 0.0359511 15.4249 -76.4608 -32.5314 -36.9946 -1.49615 -5.14517 -0.833443 0.00951693 -0.0539732 4.48252e-06 -6.16256e-07 3.49496e-06 2.54444e-14 23.3675 0.438226 -2.3194 32.7952 2.37884 -3.22921 -0.00594155 0.233432 0.00471408 21.1006 -18.8934 -9.04321 -34.209 21.4955 14.0183 -0.159313 16.023 -1.70609 0.000797976 3.651 -0.00385031 27.6591 -16.8939 -13.2003 2.84708 6.87088 -0.0582932 -0.0870351 -27.1962 0.278362 -0.00170759 -1.26288 0.000450736
758.216 3257.47 989.685 -110.307 10.616 17.222 -0.00454553 -9.66893 -6.8253 -0.0544506 -1.00038 -10.2385 -0.138719 -0.309862 -2.98884 -0.276022 -0.79715 -2.99223 -0.250216 -10.0525 -3.69379 0.00283261 -0.0459441 -0.000522553 25.5202 0.0507398 0.820043 13.0169 -37.3782 -61.9051 94.7464 1.95086 10.9438 0.0145535 0.082537 -1.04825e-05 2.51293e-08 1.42516e-07 -1.59028e-14 -8.27919 0.032877 14.6354 -72.6658 -27.483 -35.5089 0.494432 -4.78541 -0.492944 0.00304398 -0.0172632 4.58575e-07 -2.24687e-07 1.27427e-06 -2.54444e-14 22.5334 0.541661 -3.17564 31.629 2.39914 -3.79681 -0.00132569 0.137997 0.00988691 20.6138 -18.3956 -8.79836 -32.6981 20.9654 12.9088 -0.145811 17.3209 -2.04137 0.00112881 3.64901 -0.00513855 33.7438 -18.2486 -10.9623 -1.20841 7.04304 0.283475 -0.0696276 -26.5057 0.42078 -0.00334574 -1.17209 0.000663
759.426 3257.75 990.106 -109.499 10.724 17.05 -0.00264094 -9.61224 -6.81323 -0.0556253 -0.916194 -10.2205 -0.794092 -0.318986 -2.90078 -1.58544 -0.82228 -2.92299 -1.47354 -10.0801 -3.81379 0.000811707 -0.0168126 -0.000813039 26.6205 0.0601868 -0.375956 14.3247 -36.5082 -60.9084 95.251 1.80453 11.0318 0.0110025 0.0623982 -5.99115e-06 -7.30204e-09 -4.14119e-08 -5.56597e-15 -6.56049 0.000526711 13.3749 -69.7387 -24.602 -34.5766 1.42402 -4.60333 -0.277814 -0.000724911 0.00411117 2.60075e-08 -3.22891e-08 1.83121e-07 2.22639e-14 22.2899 0.277647 -3.44675 31.2939 2.20158 -3.96537 0.0151099 0.0172475 0.0052549 20.5892 -17.789 -8.6221 -32.8763 19.7902 12.236 -0.140881 16.6534 -2.28047 0.00159736 3.65362 -0.0102207 36.8266 -18.9733 -9.73684 -4.64107 7.10665 0.647437 -0.0890208 -25.0879 0.463857 -0.00732164 -1.02377 -0.00858688
760.912 3257.87 989.44 -108.551 10.8476 17.039 -0.00164479 -9.51019 -6.81434 -0.0558074 -0.766438 -10.2231 -1.43716 -0.283865 -3.01554 -2.87241 -0.761937 -3.05552 -2.6749 -10.0148 -4.16868 -0.00125069 0.0146434 -0.000250027 27.1552 0.0755465 0.213511 16.8197 -36.0187 -59.4447 95.3685 1.59809 11.095 0.0105245 0.0596876 -5.48194e-06 -3.23545e-08 -1.83491e-07 6.36111e-15 -4.81172 -0.0275443 11.4125 -67.6487 -25.8075 -33.3824 0.974024 -4.55452 -0.715473 -0.00271774 0.0154131 3.65549e-07 2.00115e-08 -1.13491e-07 1.27222e-14 22.7544 -0.497099 -2.81266 31.9524 1.69483 -3.48941 0.0265311 0.0802296 0.00413349 20.7559 -17.2022 -8.61706 -33.9058 18.4533 11.8308 -0.118496 13.8133 -2.58308 0.00233797 3.62418 -0.0229162 37.1712 -19.5474 -9.46658 -7.52388 7.34065 0.998863 -0.105433 -23.5962 0.48191 -0.0084152 -0.864867 -0.0143075
763.066 3258.22 987.736 -107.662 11.1499 17.196 -0.00714422 -9.39156 -6.8535 -0.0541226 -0.591401 -10.283 -1.91607 -0.308372 -3.29581 -3.83641 -0.794653 -3.35064 -3.57532 -10.0355 -4.66281 -0.00161564 0.0202237 0.000128857 26.9599 0.0763034 2.72106 19.3275 -35.4746 -58.67 95.7028 1.54027 11.1428 -0.00997817 -0.056589 -4.92754e-06 -1.03272e-07 -5.85686e-07 -1.90833e-14 -3.71006 -0.00313402 8.85018 -65.8369 -32.485 -31.1756 -1.10101 -4.55575 -1.96876 -0.00102047 0.0057874 5.15386e-08 -3.85636e-08 2.18705e-07 1.27222e-14 23.7583 -1.46875 -1.4933 33.3355 1.11892 -2.51207 0.0268872 0.274687 0.00593771 20.6794 -16.9434 -8.82339 -33.7234 17.7448 11.2581 -0.0519159 8.83899 -3.12839 0.00450657 3.51932 -0.0458051 35.5799 -20.2668 -9.84321 -9.09818 7.86679 1.22417 -0.124056 -23.0263 0.4944 -0.00443136 -0.727644 -0.0101148
766.398 3259.53 985.71 -107.267 11.6628 17.539 -0.0207144 -9.30188 -6.94551 -0.0503366 -0.459048 -10.4207 -2.11522 -0.449699 -3.65358 -4.24473 -1.02745 -3.72486 -3.96023 -10.2601 -5.1689 -0.000777955 0.0107381 5.62148e-05 26.5493 0.0440018 6.70622 20.1714 -34.4212 -60.0537 96.8138 1.66771 11.2541 -0.0390014 -0.221187 -7.52813e-05 -1.85947e-07 -1.05456e-06 1.59028e-15 -4.01885 0.0675576 6.12071 -62.6823 -44.2169 -27.5717 -4.88914 -4.69721 -3.36963 0.00434167 -0.0246228 9.32915e-07 -2.06336e-07 1.17019e-06 -9.54166e-15 24.8748 -2.08208 -0.065213 34.8438 0.850138 -1.47539 0.0211985 0.353288 0.000258732 19.8716 -17.3485 -9.25844 -30.9346 18.4041 10.3476 -0.0263287 2.19917 -3.48676 0.00725869 3.33076 -0.0624677 33.4277 -21.2418 -10.5209 -8.86886 8.57054 1.25215 -0.192536 -23.9613 0.39232 0.00118075 -0.618593 -0.00114968
770.735 3261.84 984.222 -107.673 12.1966 18.024 -0.0316574 -9.27825 -7.07595 -0.0469168 -0.425724 -10.6153 -2.02968 -0.651124 -4.00779 -4.07992 -1.375 -4.09202 -3.80973 -10.6137 -5.58458 -0.000420377 0.00635501 9.53095e-06 26.6363 0.000932032 11.282 18.6372 -32.6009 -64.0723 98.7061 1.94257 11.5368 -0.0616552 -0.349659 -0.000188132 -1.1201e-07 -6.35242e-07 -1.43125e-14 -6.02139 0.126977 3.95088 -55.5528 -57.9955 -21.6108 -10.1611 -5.31162 -3.8628 0.0121099 -0.0686786 7.25786e-06 -3.08101e-07 1.74733e-06 -1.59028e-14 25.6302 -1.97575 0.908463 35.8578 1.06033 -0.824948 0.0140165 0.254701 -0.00380895 17.8475 -18.3189 -9.96498 -25.783 20.5272 9.06 -0.0701267 -5.03618 -3.12324 0.00685716 3.10378 -0.0501269 32.1553 -22.2723 -11.1124 -7.12699 9.08393 1.04795 -0.263133 -25.921 0.243704 0.00466901 -0.529997 0.0066014
774.777 3263.78 983.702 -108.628 12.4734 18.425 -0.0302032 -9.32587 -7.21367 -0.0484522 -0.494676 -10.8215 -1.75331 -0.794748 -4.28875 -3.52428 -1.63804 -4.37126 -3.28988 -10.894 -5.8378 -3.83475e-05 -0.000528462 -0.000174465 27.3434 -0.0178277 15.4908 15.5357 -30.1068 -69.4843 100.966 2.18275 11.9535 -0.0672696 -0.381499 -0.000223955 9.24641e-09 5.2439e-08 -2.06736e-14 -9.2375 0.142547 2.93897 -40.7391 -69.1904 -9.81545 -16.7395 -6.55684 -3.19438 0.0332682 -0.188673 5.47754e-05 -7.02246e-07 3.98263e-06 1.03368e-14 25.9016 -1.19601 1.27256 36.2311 1.65729 -0.666402 0.0155067 0.111182 -0.00184109 14.4911 -19.1534 -10.8834 -19.8312 23.267 7.50358 -0.0871999 -11.571 -2.22489 0.00334264 2.91427 -0.0195909 32.5179 -22.8995 -11.1819 -4.96101 9.00658 0.70503 -0.234095 -27.7394 0.27178 0.00468935 -0.454838 0.00919012
776.912 3263.59 984.008 -109.336 12.3585 18.404 -0.0286049 -9.41646 -7.33058 -0.0537601 -0.622104 -10.9963 -1.44367 -0.80773 -4.41692 -2.90036 -1.67675 -4.48236 -2.70367 -10.947 -5.88424 0.00116669 -0.0145886 -0.000331091 28.023 -0.00252424 18.6893 12.4592 -27.5986 -74.075 103.187 2.19617 12.3395 -0.054691 -0.310165 -0.000148033 9.25597e-08 5.24932e-07 -6.36111e-15 -12.7133 0.121851 2.90706 -15.3108 -74.4537 12.0129 -25.7145 -8.56165 -1.98829 0.0792638 -0.449518 0.000310936 -6.75525e-07 3.83109e-06 3.89618e-14 25.8871 -0.0946413 1.27745 36.2245 2.42001 -0.779093 0.0228284 0.0195745 -0.000256819 10.0243 -19.0486 -11.6678 -14.9351 25.5217 6.14994 -0.0417299 -16.6783 -1.51658 0.000784714 2.80393 0.00043373 33.8781 -22.6053 -10.6316 -3.35355 8.09581 0.40984 -0.126226 -28.5495 0.476243 0.00246699 -0.400994 0.00644489
776.443 3261.21 984.721 -109.154 11.8965 17.862 -0.0361227 -9.51091 -7.41046 -0.0565994 -0.758366 -11.114 -1.26381 -0.699735 -4.36016 -2.54253 -1.48699 -4.40522 -2.36744 -10.7556 -5.75326 0.00186366 -0.0206319 -0.000132931 27.9096 0.020985 20.6749 10.7762 -25.992 -76.1954 105.068 2.03485 12.6065 -0.0456874 -0.259105 -0.000103305 8.05502e-08 4.56823e-07 3.18055e-15 -15.3777 0.0920799 3.14313 10.2809 -72.7205 34.7117 -38.7778 -11.8349 -1.21029 0.0883969 -0.501311 0.000386718 0.000126373 -0.000716699 7.90373e-10 25.8624 0.906848 1.20638 36.2088 3.0994 -0.928316 0.0218587 -0.00587075 0.000143852 5.20793 -17.7072 -11.8913 -11.8975 26.586 5.27124 0.0104281 -20.213 -1.36783 0.000355742 2.75899 0.00328881 34.7239 -21.1685 -9.95975 -2.28303 6.33994 0.233073 -0.0458405 -28.5164 0.654376 -4.23651e-05 -0.392873 0.00214799
774.319 3258.78 985.314 -108.089 11.1722 17.087 -0.0343842 -9.58307 -7.44893 -0.0562211 -0.868756 -11.1694 -1.28193 -0.50245 -4.16652 -2.57948 -1.12179 -4.19638 -2.40028 -10.3732 -5.52148 0.00119847 -0.0124647 6.66217e-05 26.8634 0.0153927 21.6177 10.8569 -25.4778 -75.7058 106.657 1.78411 12.8411 -0.0446928 -0.253464 -9.88557e-05 -2.10884e-08 -1.19598e-07 1.11319e-14 -16.4476 0.087922 3.08217 24.1329 -65.5535 47.1174 -56.3618 -15.646 -2.30166 0.00691419 -0.0392123 2.36598e-06 0.000316296 -0.0017938 4.95125e-09 25.9003 1.40861 1.14108 36.2763 3.43533 -1.02602 0.0122797 0.00653965 0.00027163 1.18541 -15.5039 -11.5611 -10.4472 26.4528 4.71544 0.0271661 -22.343 -1.51518 0.00053235 2.74021 0.000348205 34.0785 -19.0405 -9.80677 -1.43396 4.24897 0.130541 -0.0257246 -28.4374 0.742789 -0.00135656 -0.453617 0.00152842
772.724 3258.72 985.348 -106.723 10.2992 16.495 -0.014903 -9.62918 -7.45231 -0.0559899 -0.941258 -11.1747 -1.42129 -0.23545 -3.94411 -2.8498 -0.6303 -3.96151 -2.6475 -9.8588 -5.27851 0.00047095 -0.00448504 -6.72242e-06 25.4975 -0.0209116 21.8787 11.8666 -25.3797 -73.7496 108.369 1.43621 13.1396 -0.0338096 -0.191743 -5.65729e-05 -5.02988e-08 -2.85259e-07 3.18055e-15 -15.6893 0.108106 2.77169 30.3864 -54.6982 53.6131 -76.3261 -18.0715 -5.67298 -0.162038 0.918884 0.00129938 0.000425444 -0.00241281 8.95806e-09 25.799 1.23781 1.03269 36.1392 3.30971 -1.07517 0.00321955 0.0220346 0.000175422 -1.12733 -13.167 -11.1576 -10.046 25.6446 4.3716 0.0167152 -23.4896 -1.64301 0.000607962 2.72231 -0.0028373 32.0571 -17.1006 -10.3983 -0.645325 2.81371 -0.00856234 -0.0266466 -28.834 0.815892 -0.000686804 -0.58516 0.00611913
773.783 3261.37 984.585 -105.789 9.44511 16.266 0.00325604 -9.65267 -7.42962 -0.0562732 -0.977407 -11.143 -1.52242 0.0831528 -3.81137 -3.04161 -0.0526551 -3.81437 -2.81821 -9.25907 -5.11754 0.000826294 -0.00856779 -0.0001211 24.6758 -0.0597116 21.9093 12.5143 -24.9555 -71.8535 110.511 1.04468 13.5253 -0.00973377 -0.0552029 -4.68911e-06 -1.30569e-08 -7.40495e-08 4.77083e-15 -13.3436 0.107913 2.80654 32.9041 -41.5789 57.8076 -94.6879 -13.9789 -9.76044 0.388695 -2.2033 0.00747455 0.00038238 -0.00216858 7.23632e-09 25.4298 0.554326 0.89236 35.6217 2.83813 -1.07848 -0.00182971 0.0250212 0.000242876 -1.34765 -11.3925 -11.0471 -10.2477 24.5949 4.23394 0.00108321 -24.1821 -1.65533 0.000489727 2.69453 -0.00518559 29.6736 -16.1041 -11.4183 0.0424436 2.94868 -0.187519 -0.0231913 -29.6973 0.885203 0.00101287 -0.759823 0.0100802
778.641 3265.24 983.203 -105.649 8.74763 16.279 0.00721196 -9.65153 -7.39024 -0.05623 -0.976299 -11.0862 -1.48486 0.442358 -3.80725 -2.9624 0.593755 -3.79444 -2.73807 -8.59194 -5.07282 0.00172619 -0.0197677 -9.38416e-05 24.86 -0.0796722 22.0311 12.1858 -24.0411 -70.8914 113.028 0.754053 13.9707 0.0127229 0.0721553 -8.01129e-06 -4.78713e-09 -2.71492e-08 3.18055e-15 -10.0814 0.0784066 3.57569 33.518 -28.1256 60.7693 -108.323 -12.9766 -12.8424 0.246559 -1.39802 0.00300818 0.000177154 -0.00100469 1.55322e-09 24.9321 -0.381719 0.764163 34.9143 2.19905 -1.04864 -0.00548551 0.019302 0.000236741 -0.251009 -10.5 -11.2004 -10.7676 23.5284 4.29379 -0.00760182 -24.9051 -1.59421 0.000184151 2.65076 -0.004496 28.1992 -16.4134 -12.3411 0.318977 4.94166 -0.219794 -0.0317916 -30.6952 0.899873 0.00141494 -0.936155 0.00727915
787.295 3269.36 981.648 -106.104 8.29603 16.346 0.00379941 -9.62478 -7.34501 -0.0563926 -0.935531 -11.0192 -1.35649 0.818454 -3.84594 -2.70795 1.26662 -3.81771 -2.50083 -7.8997 -5.06707 0.00220122 -0.0273459 -5.7518e-05 25.8702 -0.0658071 22.1483 11.3407 -23.0971 -70.7113 115.591 0.63692 14.3913 0.0231016 0.131015 -2.64125e-05 -3.41208e-09 -1.93509e-08 -9.54166e-15 -6.68806 0.0664445 4.86551 33.4416 -16.5306 62.6938 -117.247 -11.6122 -14.5747 0.266693 -1.51213 0.00351944 4.06473e-05 -0.000230522 8.17721e-11 24.5449 -1.40667 0.559456 34.3362 1.48132 -1.07544 -0.0109719 0.0133406 6.24021e-05 0.210362 -10.1446 -11.5019 -11.2569 22.3365 4.44312 -0.00172115 -25.7775 -1.51414 -0.000215659 2.60489 -0.00159238 28.5249 -17.9923 -12.7565 0.00182995 8.15114 0.0500919 -0.0590343 -31.6513 0.836378 -0.000467598 -1.08301 -0.000469437
798.758 3274.64 980.115 -106.638 8.1174 16.424 0.00141684 -9.57488 -7.29554 -0.0573414 -0.8577 -10.9448 -1.25548 1.16082 -3.80544 -2.5097 1.87717 -3.76047 -2.31897 -7.27269 -4.98051 0.00148371 -0.0234111 -0.0001439 27.119 -0.027706 21.8002 10.9958 -22.6013 -70.5418 117.875 0.649445 14.7287 0.0220228 0.124897 -2.40034e-05 -1.57664e-08 -8.94158e-08 -4.77083e-15 -3.70498 0.0863333 6.1118 32.9643 -8.12323 63.457 -122.699 -11.823 -15.3825 0.134935 -0.765208 0.000901069 8.59927e-06 -4.87689e-05 3.65923e-12 24.3768 -2.45803 0.0954413 34.0482 0.698632 -1.29059 -0.0166327 0.0120966 -7.21142e-05 -1.64465 -9.5512 -12.1048 -11.2014 20.6362 4.43866 -0.00813705 -26.607 -1.48699 -0.00029935 2.5807 -0.00189256 30.7661 -20.4518 -12.5372 -0.983434 11.399 0.518367 -0.080295 -32.6382 0.729778 -0.00240177 -1.18706 -0.00565835
811.724 3282.74 978.463 -106.656 8.16165 16.572 0.00109039 -9.50482 -7.23244 -0.0591904 -0.754977 -10.8501 -1.25671 1.42697 -3.63367 -2.5132 2.35657 -3.56783 -2.3224 -6.77848 -4.76123 -0.000875479 0.00137286 -6.62841e-05 28.0237 -0.00811462 20.4805 11.9931 -22.5767 -69.4634 119.789 0.685291 14.9969 0.0149466 0.0847662 -1.10564e-05 -4.14773e-08 -2.35229e-07 1.43125e-14 -1.40078 0.097476 6.77765 31.6339 -2.72848 63.2802 -125.686 -12.0715 -15.8016 0.0312505 -0.17723 4.83327e-05 1.08694e-06 -6.16434e-06 6.52014e-14 24.3764 -3.54189 -0.551287 34.0049 -0.144283 -1.63825 -0.0207594 0.0482162 0.000743105 -6.06117 -8.10511 -13.1498 -10.0638 18.3553 3.95476 -0.0677641 -27.3156 -1.56671 0.00155601 2.59073 -0.00540999 33.9619 -23.1824 -11.9415 -2.78464 13.6977 1.05765 -0.0813528 -33.4774 0.641834 -0.00251547 -1.24924 -0.0053801
825.048 3294.06 976.574 -105.47 8.33216 16.83 0.00626921 -9.41648 -7.14331 -0.063104 -0.653034 -10.7163 -1.41888 1.63595 -3.37733 -2.83382 2.7416 -3.27648 -2.61838 -6.36521 -4.48493 -0.0043022 0.0482644 0.000311227 28.3994 -0.0342279 18.0699 14.5514 -22.5632 -66.9127 121.483 0.579466 15.1875 0.00454223 0.0257603 -1.0211e-06 -2.49616e-07 -1.41564e-06 -3.18055e-15 0.390231 0.085618 6.72284 29.0866 0.703709 62.6624 -126.788 -12.056 -16.0047 -0.0204284 0.115855 2.06536e-05 -5.24497e-08 2.97457e-07 1.27222e-14 24.5618 -4.7977 -0.846075 34.2173 -1.08313 -1.73864 -0.0322874 0.208431 0.00729025 -12.007 -5.67294 -14.4302 -7.83379 15.8553 2.92115 -0.14819 -28.0996 -1.70069 0.00555035 2.63451 -0.00421344 36.6407 -25.7879 -11.4776 -5.43402 14.7795 1.82585 -0.0697335 -33.7857 0.567103 -0.001708 -1.28303 -0.00380315
837.86 3307.16 974.731 -102.462 8.49723 17.187 0.0252784 -9.31468 -7.03056 -0.0706786 -0.577985 -10.5448 -1.80958 1.89005 -3.12462 -3.60599 3.20751 -2.95097 -3.33168 -5.83603 -4.277 -0.00832064 0.108511 0.00109811 28.5486 -0.101365 14.9695 18.1981 -21.9455 -63.0334 123.163 0.198729 15.2646 -0.00957782 -0.0543185 -4.54006e-06 -1.22602e-06 -6.95308e-06 -9.54166e-14 2.16037 0.0833971 6.17523 25.0131 3.11726 62.0962 -126.363 -11.9534 -15.9551 -0.0362771 0.205737 6.51318e-05 -2.62217e-07 1.48711e-06 -6.36111e-15 25.0662 -6.49553 -0.212833 34.8159 -2.23148 -1.15984 -0.0472195 0.504406 0.013814 -18.0899 -2.59777 -15.638 -5.53242 13.6272 1.79696 -0.168441 -29.2438 -1.77388 0.00896286 2.69493 0.00368366 37.8604 -28.2474 -11.436 -8.76861 15.0685 2.96939 -0.0626649 -33.3875 0.456553 -0.00221287 -1.31684 -0.00718417
849.941 3319.55 973.46 -97.4242 8.60278 17.627 0.0588538 -9.22129 -6.92574 -0.0799172 -0.537242 -10.379 -2.44753 2.28952 -2.93574 -4.86933 3.92508 -2.63421 -4.48971 -5.0229 -4.18709 -0.0123072 0.170791 0.00179514 28.9433 -0.185773 11.9887 22.0246 -20.4367 -58.7365 124.845 -0.42368 15.2465 -0.0254567 -0.144372 -3.20725e-05 -3.656e-06 -2.07342e-05 -6.71097e-13 4.28969 0.100225 5.54167 19.061 4.91431 61.893 -124.776 -11.8208 -15.5966 -0.0197235 0.111857 1.92529e-05 -1.23214e-06 6.9878e-06 6.44062e-14 25.8395 -8.75191 1.41788 35.7021 -3.61849 0.192907 -0.0391185 0.711959 0.00240146 -23.5905 0.582915 -16.7036 -4.75679 12.0089 1.16364 -0.0990181 -30.7218 -1.70488 0.0103035 2.74386 0.0115867 37.7673 -30.7582 -11.4863 -12.715 15.1976 4.38037 -0.0696162 -32.5083 0.29071 -0.00431529 -1.37862 -0.0161003
861.673 3329.3 973.232 -90.8639 8.74391 18.21 0.0922224 -9.17888 -6.8663 -0.0861944 -0.527074 -10.2779 -3.24222 2.82455 -2.86563 -6.44658 4.8731 -2.39605 -5.91847 -3.98133 -4.21635 -0.0150307 0.219727 0.00121965 29.7939 -0.240645 9.98898 25.2328 -18.3033 -55.2898 126.277 -1.11046 15.2423 -0.0336958 -0.191098 -5.61927e-05 -5.76669e-06 -3.27045e-05 -1.66661e-12 6.81418 0.103437 5.3131 11.4379 6.26568 62.023 -122.303 -11.5556 -14.9228 0.0546183 -0.309752 0.000147639 -1.01569e-05 5.76028e-05 5.1024e-12 26.5132 -11.2413 3.41018 36.3937 -5.05734 1.86786 -0.0167836 0.588577 -0.0153979 -28.402 3.4639 -17.7789 -6.33193 10.9315 1.16869 0.0170469 -31.8742 -1.50626 0.0105391 2.76403 0.0157452 37.0755 -33.4373 -11.106 -17.3752 15.5602 5.85377 -0.0928103 -31.6185 0.078014 -0.00523602 -1.47665 -0.0211842
873.74 3335.96 974.031 -83.9764 9.08591 18.974 0.0973524 -9.21197 -6.85447 -0.0859537 -0.545745 -10.2575 -3.98103 3.36272 -2.93998 -7.92132 5.82353 -2.31004 -7.24064 -2.97277 -4.34772 -0.0160959 0.241621 -0.000331175 30.8243 -0.227995 9.22798 27.5835 -16.2402 -53.4327 127.143 -1.72355 15.3485 -0.0247027 -0.140096 -3.02007e-05 -4.05632e-06 -2.30046e-05 -8.36486e-13 9.37614 0.0791021 5.75557 3.25124 7.4822 62.5275 -119.1 -11.0344 -14.1707 0.208837 -1.1842 0.00215823 -3.0448e-05 0.000172679 4.58795e-11 26.5852 -13.3973 4.79633 36.2816 -6.32342 3.10558 -0.0131744 0.264312 -0.0136435 -32.2467 5.73933 -19.0113 -9.17312 9.98437 1.44766 0.17257 -31.6286 -1.13663 0.0105082 2.77238 0.0177577 35.7141 -35.9921 -10.5672 -22.4717 16.0425 7.20438 -0.121419 -30.7494 -0.112162 -0.00282845 -1.59676 -0.0142133
886.694 3340.24 975.442 -77.969 9.71036 19.819 0.0676023 -9.29706 -6.85745 -0.079505 -0.591307 -10.2719 -4.47271 3.76359 -3.11541 -8.9159 6.53544 -2.37691 -8.1261 -2.24307 -4.54773 -0.0154489 0.226752 -0.00116585 31.5143 -0.164924 9.33263 29.2912 -14.9556 -53.0604 127.351 -2.24061 15.5294 -0.00227197 -0.012885 -2.55467e-07 -1.30519e-06 -7.4021e-06 -7.95139e-14 11.5569 0.048545 6.82973 -3.79127 8.88605 63.7264 -115.541 -10.3018 -13.8528 0.399696 -2.26559 0.00790344 3.3224e-05 -0.000188423 5.46387e-11 25.8384 -14.8503 5.0368 35.1478 -7.29072 3.44477 -0.0185619 0.0484327 -0.00331553 -34.8868 7.23341 -20.4065 -11.011 8.81763 1.48784 0.421717 -29.1884 -0.510884 0.0110593 2.80393 0.020813 32.6029 -38.0982 -11.0511 -26.9244 16.7079 8.3831 -0.102227 -29.3035 -0.168912 0.000490998 -1.71454 -0.0024801
900.084 3343.23 977.202 -73.524 10.5051 20.649 0.0301828 -9.39788 -6.8452 -0.0703569 -0.664787 -10.2645 -4.66614 3.99934 -3.33423 -9.32377 6.96246 -2.54294 -8.48493 -1.822 -4.78325 -0.0129149 0.18172 -0.00127817 31.5143 -0.101147 9.77076 30.8274 -14.8501 -53.5017 126.966 -2.65081 15.6588 0.0179496 0.101797 -1.59455e-05 -2.19552e-07 -1.24514e-06 -3.18055e-15 13.269 0.0257131 8.32617 -8.06345 10.5636 65.6266 -112.457 -9.87462 -14.0995 0.49366 -2.79742 0.0120537 0.000204385 -0.00115913 2.06742e-09 24.6101 -15.6112 4.35269 33.446 -7.90576 3.02767 -0.0160727 -0.00495877 -0.000163134 -36.5169 8.13036 -21.8406 -10.3175 7.29814 1.12756 0.62021 -24.5827 -0.00715058 0.0118332 2.86588 0.0218201 26.9947 -39.5889 -13.6167 -29.2676 18.0806 9.40376 0.046628 -26.7644 0.0282967 0.00113107 -1.8149 0.00183721
912.39 3345.38 979.236 -70.792 11.2128 21.383 0.00897377 -9.50017 -6.81031 -0.0623205 -0.771919 -10.2168 -4.61433 4.14242 -3.54701 -9.24269 7.2327 -2.74016 -8.40267 -1.56604 -5.00159 -0.00882199 0.122232 -0.00157626 30.8109 -0.0535619 10.1629 32.8341 -15.8949 -53.9119 125.976 -2.91616 15.6464 0.0230765 0.130873 -2.63553e-05 -1.07125e-08 -6.07536e-08 -4.77083e-15 14.6199 0.0098382 9.86178 -8.85736 12.4974 67.5789 -110.634 -10.2499 -14.2716 0.414724 -2.35067 0.00850867 0.000175215 -0.000993695 1.51941e-09 23.4709 -15.9187 3.5018 31.9028 -8.19276 2.43557 -0.0113211 0.00510218 0.000362374 -37.7202 8.89255 -23.0388 -7.23293 5.50902 0.610836 0.545041 -18.8785 -0.235144 0.00964165 2.92685 0.0165583 19.8371 -40.0459 -17.9913 -28.7444 20.29 10.1138 0.287415 -23.0927 0.448822 -0.000993242 -1.89519 -0.00184158
921.749 3346 981.594 -69.458 11.5693 21.912 0.00275912 -9.60172 -6.7636 -0.0576161 -0.904425 -10.1473 -4.42284 4.26975 -3.7078 -8.87763 7.47762 -2.90588 -8.06252 -1.33623 -5.14637 -0.0048876 0.0670334 -0.00130623 29.6195 -0.0151507 10.3426 35.891 -17.6515 -53.6523 124.323 -3.00818 15.5182 0.013129 0.074458 -8.53079e-06 -1.03928e-08 -5.89404e-08 1.43125e-14 15.6674 0.00227425 10.9064 -7.26544 14.7245 68.887 -109.902 -11.2554 -13.9477 0.238917 -1.35471 0.00282463 5.52397e-05 -0.00031328 1.51026e-10 22.7833 -15.9308 3.21966 30.9842 -8.19531 2.22553 -0.0152468 0.0383299 0.000705204 -39.3489 9.96928 -23.5887 -3.00571 3.86296 0.202779 0.284801 -13.6996 -1.05195 0.00464993 2.95316 0.00842196 13.4799 -39.0622 -22.5268 -26.1362 22.6916 10.244 0.44023 -18.753 0.773586 -0.00294557 -1.9558 -0.00524206
926.806 3344.31 984.185 -68.943 11.4441 22.151 -0.000948516 -9.69388 -6.71801 -0.0558722 -1.03644 -10.0786 -4.19522 4.38633 -3.77344 -8.43494 7.70014 -2.98857 -7.65415 -1.12638 -5.17874 -0.00257831 0.0321556 -0.00054178 28.224 0.0064115 10.1088 40.1354 -19.4977 -52.3894 122.055 -2.9726 15.3321 -0.00347192 -0.0196903 -5.96581e-07 -6.8836e-09 -3.90389e-08 4.77083e-15 16.4135 0.00478434 10.9533 -5.66254 17.1211 69.5623 -109.179 -12.3847 -13.5029 0.0610773 -0.346382 0.000184622 6.80634e-06 -3.86007e-05 2.28687e-12 22.4591 -15.56 3.69389 30.5746 -7.85691 2.52399 -0.0285829 0.0606631 -1.79753e-05 -41.8822 11.4099 -23.2017 1.16427 2.97227 -0.0948392 0.0814151 -10.3421 -1.76318 0.0011808 2.94376 0.00272756 9.6673 -36.6758 -25.7317 -23.0394 24.2724 9.71807 0.3939 -14.6035 0.810757 -0.00248784 -1.9907 -0.00353873
927.797 3340.12 986.623 -68.683 10.9142 22.11 -0.00495704 -9.76869 -6.67262 -0.0552266 -1.14826 -10.0102 -3.9899 4.43459 -3.72496 -8.0305 7.79435 -2.97005 -7.28627 -1.04344 -5.09217 -0.00209704 0.0207999 -6.14072e-06 26.8041 0.00349042 9.31165 45.1324 -20.9554 -50.245 119.289 -2.91752 15.0879 -0.0147216 -0.0834901 -1.0726e-05 -2.33359e-08 -1.32345e-07 -3.18055e-15 16.8616 0.0155226 10.0169 -5.33897 19.3499 69.9991 -107.708 -13.1346 -13.1816 -0.0507184 0.287636 0.000127308 8.97002e-07 -5.08715e-06 4.46272e-14 22.0618 -14.5893 4.54323 30.1055 -7.06747 3.03284 -0.0365114 0.0321841 -0.000438817 -45.0827 12.8352 -21.9658 4.74096 3.126 -0.392097 0.00419178 -9.26671 -2.10572 0.000181246 2.92717 0.000723522 8.43425 -33.3252 -27.2788 -20.433 24.608 8.74855 0.238277 -11.4882 0.729653 -0.000633915 -1.99449 0.000966753
926.807 3333.86 988.533 -68.352 10.2228 21.92 -0.00604081 -9.82606 -6.61323 -0.0543457 -1.23535 -9.92074 -3.80208 4.36428 -3.59918 -7.65499 7.67152 -2.89368 -6.95099 -1.18197 -4.93445 -0.00315661 0.0294648 0.00032724 25.253 -0.0189777 8.11528 50.1837 -21.976 -47.6948 116.172 -2.94331 14.7482 -0.0135889 -0.0770665 -9.13899e-06 -1.09933e-08 -6.23461e-08 1.59028e-14 17.0673 0.0302985 8.81228 -5.93455 21.0549 70.2391 -105.75 -13.4268 -12.887 -0.0848527 0.481212 0.000356329 2.11262e-07 -1.19813e-06 -1.47101e-14 21.2735 -12.9944 5.13585 29.1589 -5.88912 3.30802 -0.025811 -0.0127735 -1.28173e-05 -48.3463 13.8119 -20.351 7.50254 4.16983 -0.719331 -0.0136208 -10.0735 -2.26387 0.000378327 2.94627 0.000873624 8.93693 -29.7684 -27.5979 -18.189 24.0505 7.48705 0.117627 -10.0894 0.665075 0.000636262 -1.97459 0.00461632
926.681 3326.41 989.656 -68.008 9.62654 21.762 -0.00477163 -9.86735 -6.52667 -0.0536854 -1.29784 -9.7909 -3.56759 4.17725 -3.4566 -7.18162 7.33501 -2.8261 -6.52986 -1.54491 -4.7641 -0.00484131 0.0492039 0.000645003 23.372 -0.0486213 6.86934 54.5955 -22.8902 -45.1726 112.998 -3.0785 14.279 -0.0087643 -0.0497048 -3.80157e-06 2.40487e-08 1.36387e-07 -1.90833e-14 17.1458 0.0402126 8.2039 -6.78085 21.9764 70.0936 -104.061 -13.6108 -12.6779 -0.106464 0.603764 0.000560947 -1.45226e-06 8.23617e-06 9.80008e-14 20.1204 -11.0311 4.95526 27.7421 -4.56442 3.03136 -0.00487008 -0.0315191 0.000175935 -51.112 14.2057 -18.9357 9.18895 5.60082 -1.01619 -0.0285217 -11.7907 -2.38283 0.000607501 3.0283 8.96793e-05 10.9541 -26.8839 -26.9856 -16.1239 22.7029 5.90874 0.0558466 -10.5865 0.618006 0.000842213 -1.94446 0.00514425
929.418 3318.64 989.881 -67.908 9.27178 21.715 -0.00349729 -9.89424 -6.40892 -0.0537666 -1.33789 -9.61446 -3.2263 3.919 -3.32469 -6.49116 6.86556 -2.7914 -5.9099 -2.05247 -4.59143 -0.00627294 0.0717716 0.000644294 21.2086 -0.0701729 5.8804 57.7567 -24.1047 -43.0376 110.201 -3.23912 13.7073 -0.0144907 -0.0821805 -1.03921e-05 7.55277e-08 4.28339e-07 -1.59028e-14 17.2029 0.0382138 8.55027 -7.52905 21.9947 69.5302 -103.136 -13.9343 -12.6272 -0.159643 0.905305 0.00126125 -4.38609e-06 2.48748e-05 9.53371e-13 18.8299 -9.09183 3.85855 26.1128 -3.35668 2.14276 0.00701137 -0.0366123 4.92661e-05 -52.974 14.1685 -18.1081 9.49153 6.69547 -1.11665 -0.0570411 -13.2282 -2.5004 0.000375041 3.15488 -0.00217504 15.0349 -25.2577 -25.4346 -15.244 20.1157 4.33052 0.0403401 -12.3565 0.664093 0.000297396 -1.91131 0.00238112
935.088 3311.23 989.131 -68.158 9.19557 21.727 -0.0014758 -9.92051 -6.27184 -0.054835 -1.37634 -9.40866 -2.78427 3.64077 -3.18203 -5.59656 6.35591 -2.75498 -5.10053 -2.60669 -4.37854 -0.00674912 0.0877998 9.97865e-05 19.0808 -0.0687323 5.30351 59.2361 -25.881 -41.7519 108.163 -3.33297 13.1816 -0.0285273 -0.161786 -4.02764e-05 1.25425e-07 7.11322e-07 -3.18055e-15 17.255 0.026726 9.43708 -8.25162 21.1893 68.7649 -102.85 -14.0425 -12.5927 -0.172369 0.977457 0.00147033 -5.39724e-06 3.06093e-05 1.43652e-12 17.5941 -7.55289 2.17028 24.499 -2.45334 0.879776 0.00578536 -0.042147 1.06152e-06 -53.6255 13.7967 -17.9942 8.08483 7.02476 -0.882765 -0.0899962 -13.4504 -2.58658 0.0005485 3.26212 -0.00133278 21.3754 -24.9423 -23.014 -17.0605 16.2945 3.45471 0.0767532 -14.4202 0.85493 -0.001012 -1.87052 -0.00118942
942.162 3304.64 987.179 -68.689 9.37866 21.683 0.00365298 -9.97564 -6.1466 -0.0577708 -1.4573 -9.21988 -2.29999 3.37531 -2.96322 -4.61528 5.866 -2.63679 -4.20839 -3.14121 -4.05029 -0.00596557 0.0897265 -0.000470827 17.4625 -0.0380054 5.11216 58.9053 -28.2351 -41.8568 106.924 -3.39823 12.8747 -0.0272925 -0.154783 -3.68651e-05 1.50487e-07 8.53452e-07 1.27222e-14 17.2387 0.0114889 10.0952 -9.11979 19.8835 68.0156 -102.844 -13.6884 -12.4616 -0.101077 0.573216 0.000505617 -2.39647e-06 1.35911e-05 2.93009e-13 16.3811 -6.66824 0.550427 22.8501 -1.94687 -0.276638 0.00656892 -0.0760121 0.00167096 -52.8127 13.0234 -18.5245 5.10276 6.53705 -0.385505 -0.0970835 -12.3238 -2.52706 0.00200579 3.27645 0.00321435 29.0905 -25.5693 -20.0103 -21.6574 12.2852 3.56533 0.0925256 -16.0481 1.05621 -0.00342401 -1.80943 -0.00332063
949.151 3298.86 983.847 -69.323 9.80679 21.439 0.0123634 -10.0841 -6.07366 -0.0631689 -1.61691 -9.10898 -1.84047 3.13759 -2.56183 -3.68279 5.4236 -2.31994 -3.35742 -3.62439 -3.48932 -0.00445202 0.081941 -0.000629186 16.6557 0.01132 4.93687 57.0741 -30.904 -43.5175 106.212 -3.49823 12.7918 0.00140136 0.0079475 -9.71914e-08 1.60349e-07 9.09382e-07 -3.18055e-15 17.0948 -0.00629353 9.96674 -10.073 18.5205 67.2906 -103.023 -13.1623 -12.3158 -0.00990183 0.056156 4.85243e-06 -6.09257e-07 3.45527e-06 2.4202e-14 14.9816 -6.58111 -0.460451 20.8815 -1.89562 -0.915368 0.0241898 -0.218802 0.00673283 -50.5212 11.552 -19.4689 1.07267 5.63855 0.166125 -0.0675514 -10.6479 -2.32236 0.00314183 3.17768 0.00581033 36.4128 -26.6406 -16.7774 -27.1271 9.55516 4.34906 0.056984 -17.2595 1.15039 -0.00611765 -1.72049 -0.0027697
955.676 3292.83 979.232 -69.883 10.4273 20.843 0.0210021 -10.2394 -6.08485 -0.069489 -1.84477 -9.12467 -1.4407 2.94273 -1.88169 -2.87288 5.05654 -1.7043 -2.61754 -4.02615 -2.58654 -0.00284627 0.0736402 -0.000448441 16.6091 0.063861 4.09446 54.442 -33.4847 -46.1055 105.776 -3.59849 12.8003 0.0458309 0.259918 -0.000103954 4.1811e-07 2.37122e-06 9.54166e-15 16.8188 -0.0267092 8.97095 -10.9061 17.4356 66.4948 -103.575 -12.7654 -12.2951 0.036283 -0.20577 6.51528e-05 -6.57785e-08 3.73048e-07 -2.04748e-14 13.2867 -7.26464 -0.796826 18.4604 -2.31486 -1.00476 0.0435976 -0.422879 0.00834042 -47.6882 9.217 -20.2962 -3.48132 4.95232 0.648369 -0.028193 -9.11171 -2.23524 0.00189327 3.01253 0.00731321 41.4899 -27.567 -13.6898 -30.8705 8.89198 5.33328 0.0189002 -18.6589 1.17684 -0.00705749 -1.61023 -0.000323581
961.842 3285.4 974.033 -70.316 11.0587 19.85 0.0210494 -10.3991 -6.17817 -0.0724509 -2.07866 -9.26508 -1.09881 2.81956 -0.904495 -2.18607 4.81953 -0.773875 -1.99319 -4.2879 -1.32245 -0.00127014 0.0675841 -0.000156423 17.1965 0.113086 1.96201 51.8142 -35.6663 -48.4679 105.485 -3.56658 12.7933 0.0817342 0.463528 -0.00033062 1.15312e-06 6.53969e-06 -6.04305e-14 16.4495 -0.0455143 7.44965 -11.3403 16.6727 65.528 -104.674 -12.5269 -12.4497 0.0357298 -0.202633 6.31814e-05 -5.17239e-08 2.93341e-07 -6.85807e-15 11.3746 -8.45904 -0.900348 15.7296 -3.10476 -0.925016 0.0394415 -0.484883 -0.000185611 -45.9389 6.62693 -20.4665 -7.71189 4.4339 1.03969 0.00373551 -7.33116 -2.50738 -0.000266436 2.85274 0.0086977 42.9315 -27.7488 -11.3904 -31.0823 9.93185 5.96292 -0.00488783 -20.7617 1.19152 -0.00540241 -1.48823 -0.000170424
967.555 3276.37 969.543 -70.6 11.4699 18.568 0.00831112 -10.5175 -6.3118 -0.0698475 -2.25277 -9.46731 -0.80318 2.80236 0.279986 -1.60268 4.78271 0.377084 -1.46923 -4.3348 0.190275 0.000222499 0.0655049 0.000137789 18.2717 0.144 -1.52473 49.6719 -37.3126 -49.7178 105.38 -3.25782 12.7772 0.0862304 0.489025 -0.000367994 1.33527e-06 7.57271e-06 -9.85972e-14 15.9852 -0.0617622 5.73814 -11.3483 15.9049 64.5132 -106.056 -12.3986 -12.7034 0.0166048 -0.0941705 1.36457e-05 -1.92567e-08 1.0921e-07 6.83322e-15 9.43547 -9.79019 -1.40482 12.9747 -4.04628 -1.18272 0.0215455 -0.326162 -0.00964399 -46.518 4.78871 -19.9007 -10.5252 3.46735 1.29143 0.0436202 -4.26565 -3.02095 -0.000952511 2.74197 0.00765195 40.2769 -27.0107 -10.4173 -27.4431 11.9032 5.79306 -0.0255347 -23.5141 1.22588 -0.00259126 -1.34858 -0.0062195
972.248 3266.64 966.855 -70.703 11.5121 17.205 -0.00920957 -10.5763 -6.43348 -0.0639974 -2.34206 -9.65151 -0.563856 2.91574 1.51681 -1.14105 4.99867 1.59136 -1.05978 -4.10984 1.75495 0.00185559 0.062889 0.000162517 19.6192 0.137687 -5.72602 48.0181 -38.4267 -49.7564 105.625 -2.71529 12.8056 0.0597288 0.338735 -0.00017656 5.60145e-07 3.17674e-06 -6.36111e-15 15.3442 -0.0840753 3.88559 -11.1323 14.7788 63.7699 -107.217 -12.3552 -12.9302 0.00161375 -0.00915201 1.28884e-07 -2.99829e-09 1.70041e-08 -1.80925e-14 7.64962 -11.0347 -2.56388 10.4382 -4.95531 -1.9527 0.00689882 -0.0938838 -0.0101639 -49.4882 4.29171 -18.798 -10.995 1.62279 1.2149 0.0921767 0.418712 -3.26072 -0.000595952 2.66629 0.00370933 34.3044 -25.5639 -10.7083 -21.1693 14.2364 4.81336 -0.0291351 -26.3379 1.25211 -0.000470346 -1.1718 -0.0180695
975.276 3257.82 966.271 -70.626 11.2159 15.986 -0.0188698 -10.5851 -6.5168 -0.0583115 -2.35978 -9.77718 -0.438008 3.14199 2.69707 -0.905084 5.43149 2.76273 -0.852228 -3.64709 3.22251 0.00228768 0.0309587 0.000104915 20.9418 0.0935273 -9.86504 46.7709 -38.9813 -48.9619 106.287 -2.21928 12.8953 0.0338126 0.19176 -5.65827e-05 1.31656e-07 7.4666e-07 -1.59028e-14 14.4689 -0.1104 1.72044 -10.753 13.3602 63.4722 -107.929 -12.3857 -13.0715 -0.00295531 0.0167604 4.3225e-07 -6.34368e-10 3.59769e-09 1.11568e-14 5.98699 -12.2519 -4.27518 8.08145 -5.83359 -3.13528 -0.00437797 0.0815986 -0.00637462 -53.4069 4.81837 -17.3382 -8.85878 -0.669058 0.779204 0.113693 5.20589 -3.09354 0.000242603 2.59752 -0.00232509 26.7286 -23.7659 -11.7302 -14.2952 16.5746 3.45255 -0.0151521 -28.5853 1.16478 -0.000331394 -0.948998 -0.0294267
976.951 3250.53 967.243 -70.428 10.7877 15.003 -0.0170257 -10.5729 -6.5715 -0.0551282 -2.34569 -9.85927 -0.488359 3.41285 3.79994 -1.00919 5.93945 3.8784 -0.945212 -3.0958 4.55916 -0.0026809 -0.0517807 0.000826458 21.8463 0.0375192 -13.5433 46.0018 -38.7736 -47.5968 107.322 -2.09071 13.0399 0.0479863 0.272141 -0.000113962 2.75968e-07 1.56509e-06 -1.27222e-14 13.4374 -0.119777 -0.911637 -10.1647 12.1052 63.6279 -108.306 -12.4724 -13.1666 -0.00291574 0.016536 4.20751e-07 -2.47966e-10 1.4063e-09 -6.78353e-15 4.37018 -13.4954 -6.39693 5.84024 -6.69743 -4.63645 -0.014119 0.187088 -0.00309683 -56.5169 5.36207 -15.7164 -5.01888 -2.17967 0.361479 0.146318 7.64652 -3.13177 0.00141278 2.52314 -0.00904668 19.5202 -21.9397 -12.7598 -8.454 18.5713 2.22807 -0.017066 -29.7187 0.917972 -0.00146912 -0.709389 -0.0308244
978.316 3244.1 968.729 -70.314 10.4605 14.175 -0.00795704 -10.569 -6.62174 -0.0554442 -2.34205 -9.93435 -0.712526 3.6353 4.84169 -1.44667 6.33725 4.95932 -1.33261 -2.66044 5.79739 -0.013623 -0.14639 0.00126718 22.176 -0.000337444 -16.6834 45.7235 -37.6378 -45.7582 108.604 -2.36366 13.2136 0.100684 0.570989 -0.000501696 8.05523e-07 4.56835e-06 -3.18055e-14 12.4432 -0.0997744 -3.86579 -9.27905 11.5566 64.0816 -108.683 -12.5741 -13.2851 -0.00392211 0.0222434 7.61321e-07 -4.072e-10 2.30937e-09 -1.43249e-14 2.89364 -14.5651 -8.77041 3.87046 -7.40648 -6.35544 -0.0239509 0.245971 -0.00136232 -58.106 5.07806 -14.2169 -0.751586 -1.87358 0.142579 0.190757 6.22316 -3.47704 0.00230341 2.44051 -0.0123477 14.0097 -20.2356 -13.2092 -4.07234 19.7043 1.26177 -0.0315929 -29.4961 0.616479 -0.00168678 -0.506674 -0.0205824
980.193 3237.7 969.888 -70.599 10.3631 13.414 0.00289523 -10.5936 -6.68181 -0.0590914 -2.38046 -10.0238 -1.01413 3.73544 5.79999 -2.03263 6.49251 5.97035 -1.85311 -2.49391 6.92931 -0.0214125 -0.17627 -0.000420865 22.0222 -0.0178844 -19.2092 45.6351 -35.6813 -43.6638 110.062 -2.72189 13.3876 0.145119 0.822955 -0.00104221 1.81385e-06 1.02868e-05 -1.62208e-13 11.6659 -0.061846 -6.6917 -8.16553 11.9336 64.6132 -109.268 -12.6344 -13.4293 -0.0059989 0.0340215 1.78103e-06 -1.16509e-09 6.60749e-09 -7.57245e-15 1.7584 -15.1011 -11.2257 2.41079 -7.7274 -8.15519 -0.0327345 0.253707 0.000471554 -58.8243 3.80194 -13.0624 3.09131 0.343528 -0.197678 0.150849 1.45486 -3.38374 0.00203251 2.36344 -0.00836822 10.5297 -18.8145 -12.8716 -0.579196 19.8289 0.315019 -0.0264395 -28.1885 0.406779 -0.00084786 -0.376389 -0.00810494
982.495 3230.96 970.353 -71.396 10.473 12.695 0.00984036 -10.6551 -6.74189 -0.0631224 -2.47599 -10.1134 -1.26672 3.70164 6.5974 -2.52501 6.40603 6.80957 -2.29397 -2.59623 7.87041 -0.0183796 -0.128473 -0.00217867 21.4844 -0.0220671 -20.9841 45.2415 -33.3298 -41.7293 111.684 -2.85244 13.5639 0.144273 0.818156 -0.00103009 1.72431e-06 9.77907e-06 -1.43125e-13 11.1071 -0.032533 -8.95462 -7.10838 13.0373 65.0862 -109.939 -12.6176 -13.5533 -0.00777568 0.044098 2.9923e-06 -2.16174e-09 1.22598e-08 3.49426e-16 1.13756 -14.8207 -13.4291 1.6279 -7.49136 -9.77496 -0.030974 0.195095 0.00275381 -59.7498 1.93684 -12.3051 6.062 3.63965 -0.8285 0.0648728 -4.54762 -2.71755 0.000626729 2.31358 -0.00281723 8.70535 -17.77 -11.9526 2.5614 19.2775 -0.688703 -0.011907 -26.4382 0.294081 5.46717e-05 -0.324347 -0.00100603
984.32 3224.27 970.256 -72.402 10.6757 12.07 0.00943942 -10.7419 -6.76754 -0.0638632 -2.61012 -10.1525 -1.44461 3.57122 7.16456 -2.87838 6.16223 7.40051 -2.61518 -2.86704 8.53469 -0.00996383 -0.0626732 -0.00167679 20.707 -0.0226939 -22.0143 44.1999 -31.1708 -40.3929 113.361 -2.75621 13.7608 0.110297 0.625499 -0.000602062 5.21038e-07 2.95495e-06 -3.18055e-15 10.6015 -0.0254142 -10.4515 -6.22422 14.5772 65.3453 -110.525 -12.5383 -13.6389 -0.00888097 0.0503665 3.90346e-06 -2.91268e-09 1.65187e-08 7.54761e-15 0.959936 -13.6869 -15.0236 1.40179 -6.68718 -10.9559 -0.015122 0.102854 0.0036699 -61.0422 0.103581 -11.874 8.1351 6.89249 -1.44223 0.0184878 -9.90295 -2.19059 -0.000420539 2.29667 -0.00251827 7.82772 -16.9741 -10.9052 5.16833 18.3665 -1.51106 -0.01277 -24.9382 0.185947 0.0010638 -0.33894 0.00271295
985.143 3218.28 970.079 -73.041 10.8809 11.617 0.00468492 -10.8365 -6.72113 -0.0622248 -2.75685 -10.0841 -1.64892 3.4036 7.50198 -3.28857 5.86124 7.76075 -2.99209 -3.19192 8.90899 -0.00502347 -0.0287157 -0.000250368 19.8565 -0.0225031 -22.4995 42.4313 -29.7268 -39.8335 114.927 -2.60351 13.9711 0.0736895 0.417907 -0.000268741 -1.17306e-07 -6.65277e-07 9.54166e-15 9.99448 -0.0334861 -11.232 -5.3616 16.2867 65.2927 -111.003 -12.4477 -13.6952 -0.00948848 0.0538118 4.45576e-06 -2.9662e-09 1.68221e-08 1.51573e-15 0.958351 -11.9458 -16.0296 1.40107 -5.47594 -11.7104 0.00372101 0.0259793 0.00215746 -62.0725 -1.3114 -11.5961 9.31118 9.38503 -1.79621 -0.000692852 -13.8159 -2.13365 -0.000616763 2.29523 -0.00531983 7.32248 -16.2778 -10.0986 6.72904 17.2701 -1.88956 -0.0266634 -24.0243 0.0522176 0.00225565 -0.403453 0.00535698
985.515 3213.25 970.265 -72.91 11.0854 11.283 0.00109681 -10.9312 -6.58764 -0.0618653 -2.90488 -9.88466 -1.97516 3.26728 7.716 -3.94037 5.6117 8.01506 -3.59032 -3.45557 9.10919 -0.00544712 -0.0304476 0.000281656 19.0881 -0.0209603 -22.7464 39.992 -29.3679 -39.9311 116.291 -2.49764 14.1678 0.0460047 0.260904 -0.000104744 -7.45842e-08 -4.22988e-07 -3.49861e-14 9.21081 -0.0472188 -11.5786 -4.31194 17.8317 64.9917 -111.471 -12.3928 -13.7446 -0.0107625 0.0610374 5.73269e-06 -1.95796e-09 1.11041e-08 -7.86442e-15 0.832873 -10.1314 -16.7902 1.22319 -4.21156 -12.2661 0.0114507 0.00997993 -0.000769735 -62.1645 -2.38992 -11.3172 9.46763 10.9357 -1.90306 -0.0185544 -16.2934 -2.29803 -0.000385712 2.28619 -0.00758348 6.77874 -15.6162 -9.58282 7.29834 16.0001 -1.85026 -0.0430906 -23.5357 -0.079569 0.00274628 -0.493047 0.00572332
986.623 3208.73 971.011 -72.173 11.3217 10.893 -2.03428e-05 -11.0279 -6.40749 -0.0646052 -3.05153 -9.6141 -2.37623 3.235 7.96883 -4.74682 5.53701 8.32581 -4.32962 -3.53659 9.34623 -0.00641579 -0.0349601 7.81766e-05 18.3779 -0.0268538 -23.0488 37.0589 -30.2913 -40.3449 117.427 -2.46546 14.3374 0.0252236 0.14305 -3.14878e-05 1.0715e-07 6.07679e-07 -0 8.24379 -0.0593435 -11.8329 -3.09459 18.774 64.6255 -112.019 -12.3754 -13.8081 -0.0132482 0.0751343 8.68647e-06 4.10951e-10 -2.33066e-09 -3.58434e-15 0.278772 -8.8964 -17.6703 0.409429 -3.31288 -12.8596 0.00818376 0.054645 -0.00210578 -61.1453 -3.48665 -11.0496 8.57841 11.6932 -1.79952 -0.0320221 -17.5108 -2.3423 6.15801e-06 2.26069 -0.00709947 5.8884 -15.1628 -9.09883 7.83808 14.8964 -1.80929 -0.0506149 -23.1412 -0.154806 0.00212631 -0.561939 0.00407229
989.125 3203.75 972.137 -71.533 11.5539 10.283 0.000170637 -11.1334 -6.26547 -0.0698906 -3.2045 -9.40022 -2.67936 3.35756 8.36265 -5.36355 5.72842 8.77895 -4.89423 -3.34871 9.79054 -0.00466096 -0.0225345 -4.26978e-05 17.4239 -0.0390941 -23.5305 34.0804 -32.4364 -40.6628 118.178 -2.53276 14.4871 0.0138152 0.0783498 -9.44588e-06 1.6814e-07 9.53572e-07 9.54166e-15 7.15282 -0.0599309 -12.2441 -2.08286 18.8401 64.4195 -112.576 -12.3578 -13.8914 -0.0147776 0.0838077 1.08077e-05 6.08945e-10 -3.45352e-09 -1.49927e-14 -0.909901 -8.61857 -18.7591 -1.32678 -2.99356 -13.5537 0.0133756 0.0879706 4.53107e-05 -59.254 -4.96702 -10.8339 6.62722 11.9594 -1.43947 -0.0397215 -17.4181 -2.20733 0.000252813 2.22756 -0.00382075 4.60268 -15.1359 -8.30978 9.44632 14.5556 -2.23339 -0.0323618 -22.5744 -0.136477 0.00174977 -0.561529 0.00327305
992.344 3197.92 973.368 -71.721 11.684 9.446 -0.000326173 -11.2314 -6.21657 -0.0736704 -3.35028 -9.32644 -2.74382 3.61112 8.86928 -5.49728 6.15999 9.32454 -5.01236 -2.91338 10.4363 -0.00224637 -0.00844062 -1.73569e-05 16.0708 -0.0344463 -24.0068 31.5348 -35.4365 -40.7778 118.293 -2.68715 14.601 0.0164357 0.0932116 -1.33692e-05 1.8465e-07 1.0472e-06 2.54444e-14 6.03379 -0.0427826 -12.854 -1.6688 18.2408 64.3907 -112.987 -12.3198 -13.9959 -0.0149889 0.0850064 1.11191e-05 -6.69811e-09 3.79869e-08 1.76949e-14 -2.73883 -9.19685 -19.7805 -3.93489 -3.16599 -14.1878 0.0398484 0.0582125 0.00229787 -56.4925 -6.93113 -10.5298 3.99031 11.947 -0.889897 -0.0428796 -16.0156 -1.93514 0.000224776 2.20108 -0.00066288 3.12721 -15.408 -7.17259 12.4109 14.9663 -3.22234 0.00623187 -21.711 -0.0652558 0.00237547 -0.480309 0.00331774
994.714 3192.16 974.573 -72.979 11.6213 8.614 -0.0023457 -11.2786 -6.25638 -0.0710898 -3.43209 -9.38652 -2.56898 3.91205 9.34589 -5.14992 6.70706 9.80593 -4.68295 -2.34489 11.0859 -0.00102539 -0.00400808 -1.77986e-05 14.5123 -0.00618395 -24.0185 29.5071 -38.7801 -41.0059 117.616 -2.86194 14.6306 0.0323899 0.183692 -5.19216e-05 2.11339e-09 1.19856e-08 -6.36111e-15 4.95239 -0.0169231 -13.4102 -1.78921 17.5417 64.2628 -113.29 -12.2752 -14.1209 -0.0153109 0.0868324 1.16019e-05 -1.69071e-08 9.5885e-08 1.24209e-14 -4.98448 -10.1828 -20.4254 -7.07455 -3.55923 -14.5843 0.0757369 -0.01093 0.0024047 -52.8075 -9.0023 -9.9782 1.43881 11.6768 -0.345293 -0.0321685 -13.4254 -1.56342 0.000325466 2.18883 1.54453e-06 1.75711 -15.5292 -6.0831 16.1692 15.4663 -4.40184 0.0294139 -20.8132 -0.0130193 0.00267063 -0.355088 0.0020368
994.729 3188.26 975.734 -75.075 11.3095 8.096 -0.00249426 -11.241 -6.33429 -0.0639606 -3.3901 -9.50416 -2.26008 4.18518 9.651 -4.54545 7.23221 10.0844 -4.11543 -1.78645 11.5267 0.000119079 -0.00099789 -4.80662e-05 13.0091 0.0199552 -23.3161 28.1111 -42.101 -41.3823 115.811 -3.17075 14.5445 0.0732428 0.415373 -0.000265492 -1.26799e-06 -7.19112e-06 -7.31528e-14 3.82384 0.00142332 -13.4798 -1.70136 17.3204 63.6087 -113.857 -12.2241 -14.2525 -0.0124998 0.0708898 7.73275e-06 -1.73847e-08 9.85934e-08 5.74612e-15 -7.34911 -10.984 -20.6683 -10.3672 -3.81993 -14.7294 0.103616 -0.074189 0.00319695 -48.5568 -10.6267 -9.25805 -0.502881 11.19 0.0693449 0.00187952 -9.77689 -1.27815 0.0011845 2.19329 -0.00204635 0.555356 -14.8838 -5.55123 19.8903 15.164 -5.16658 0.0179607 -20.4102 0.00861227 0.00171043 -0.247181 0.000584774
992.142 3187.15 977.185 -77.535 10.74 7.965 0.000968496 -11.1148 -6.38763 -0.058678 -3.20506 -9.58463 -1.93014 4.41911 9.76886 -3.90197 7.68495 10.1595 -3.51904 -1.30803 11.7245 0.0013371 0.00392708 -6.10857e-05 11.6804 0.0246298 -22.3396 28.1322 -45.5198 -40.8262 112.196 -3.99599 14.2888 0.174987 0.992298 -0.00151532 -6.14727e-06 -3.48629e-05 -1.87653e-12 2.32274 0.000172965 -12.6873 -0.413175 17.7376 62.1017 -115.125 -12.1444 -14.4081 -0.00675466 0.0383076 2.25806e-06 -1.08558e-08 6.15661e-08 7.73397e-15 -9.73187 -11.1814 -20.7779 -13.7164 -3.6813 -14.7738 0.107446 -0.0798597 0.000845738 -44.3805 -11.6245 -8.57451 -1.67777 10.7198 0.335815 0.0551499 -5.42743 -1.2369 0.00273897 2.22354 -0.00486573 -0.641437 -13.1965 -5.62575 23.293 13.718 -5.32945 -0.00993709 -20.8042 0.0236246 1.55752e-05 -0.205713 0.000374407
988.404 3187.94 979.349 -79.932 10.0073 8.01 0.0053472 -10.925 -6.38921 -0.0568152 -2.9135 -9.58703 -1.62175 4.64649 9.79357 -3.28609 8.10944 10.1369 -2.9584 -0.870969 11.8034 0.00184274 0.00721923 -3.5957e-05 10.4719 0.0138871 -21.8601 30.7123 -49.3635 -37.5951 106.383 -5.25826 13.6962 0.303409 1.72019 -0.00455498 -1.164e-05 -6.60136e-05 -6.69189e-12 0.130883 -0.0189412 -10.8767 2.51816 18.3232 59.7358 -117.231 -12.028 -14.6648 -0.00746247 0.0423217 2.75609e-06 -3.19265e-09 1.81064e-08 4.26145e-15 -12.1929 -10.7756 -21.0657 -17.2206 -3.13421 -14.8903 0.0792058 0.010658 -0.0106863 -40.5566 -12.4043 -8.01278 -2.18728 10.6194 0.514147 0.100809 -1.0609 -1.37287 0.00340474 2.29457 -0.00352606 -2.11093 -10.9755 -5.85629 26.9177 11.7845 -5.39421 -0.01484 -21.6848 0.0609531 -0.00218298 -0.240387 -0.00112582
985.509 3188.79 982.256 -82.0844 9.32415 7.925 0.00883382 -10.7143 -6.34778 -0.0557416 -2.58659 -9.52493 -1.31331 4.89124 9.82555 -2.65373 8.55999 10.1175 -2.38894 -0.410853 11.896 0.00177709 0.00851852 -1.62944e-05 9.41528 -0.000879482 -22.1502 36.1971 -53.267 -30.7839 99.2779 -6.68521 12.6281 0.426286 2.41613 -0.00898948 -9.40075e-06 -5.33143e-05 -4.37008e-12 -2.69955 -0.0313768 -8.32197 6.51285 18.2841 56.9774 -119.809 -11.8794 -15.022 -0.0145128 0.0823063 1.0424e-05 2.01502e-09 -1.14278e-08 -7.87684e-15 -14.7189 -10.2188 -21.694 -20.8436 -2.47339 -15.193 0.0249215 0.166809 -0.0167101 -36.5022 -13.6884 -7.39257 -2.03893 11.2501 0.644569 0.110889 2.3836 -1.53464 0.00112662 2.40831 0.00678416 -3.98166 -9.25138 -5.74372 31.1955 10.423 -6.03541 0.0436622 -22.1856 0.162841 -0.00411417 -0.32504 -0.00399332
984.466 3188.7 985.512 -83.875 8.89081 7.525 0.0119918 -10.5267 -6.28655 -0.055072 -2.29542 -9.43308 -0.960509 5.16782 9.90237 -1.92999 9.07428 10.1303 -1.73793 0.119887 12.0464 0.000772667 0.00511879 -6.47952e-06 8.71636 -0.0148945 -22.599 42.1692 -56.2807 -22.3315 93.3054 -8.89832 11.3398 0.686252 3.88587 -0.0232804 -1.50054e-06 -8.50997e-06 -1.01778e-13 -5.80078 -0.0190223 -5.75782 10.1514 17.2227 54.7322 -122.149 -11.7171 -15.3545 -0.016641 0.0943756 1.37052e-05 -8.22308e-10 4.66356e-09 7.11898e-15 -17.1103 -10.1919 -22.7357 -24.2271 -2.14784 -15.8186 -0.0242947 0.226931 -0.00438052 -31.443 -15.7785 -6.33142 -0.793642 12.5332 0.529899 0.0942975 4.22829 -1.70736 -0.00283749 2.54218 0.0196377 -6.14171 -8.9088 -5.1879 35.9068 10.4053 -7.68627 0.140351 -21.6112 0.313681 -0.00466928 -0.420765 -0.00486989
984.567 3188.32 988.417 -85.2133 8.74288 6.848 0.0127377 -10.3929 -6.23141 -0.0557085 -2.08892 -9.35008 -0.517126 5.47511 9.99313 -1.03309 9.65009 10.1278 -0.931459 0.721217 12.2059 -0.000672805 -0.00184451 0.000378499 8.31367 -0.0229362 -22.2991 44.1584 -58.1096 -16.5507 90.6473 -13.0509 10.4352 1.30909 7.38247 -0.0844578 1.75462e-05 9.95092e-05 -1.52221e-11 -8.79623 0.003212 -3.88957 12.2621 15.6006 53.7539 -123.705 -11.574 -15.5599 -0.0108341 0.061443 5.80913e-06 -2.05805e-10 1.16726e-09 9.72802e-15 -19.0055 -11.0914 -24.0895 -26.7841 -2.43268 -16.793 -0.00856806 0.0225364 0.00197719 -25.474 -18.2121 -4.63127 1.72382 13.8975 -0.0749332 0.05888 4.67454 -1.80031 -0.00467817 2.65432 0.0218702 -8.25803 -10.0482 -4.52165 40.1718 11.856 -10.2731 0.176414 -20.0896 0.431357 -0.00370984 -0.500138 -0.00205873
984.01 3189.22 990.504 -86.1224 8.75659 6.03 0.00901428 -10.3204 -6.19478 -0.057219 -1.97752 -9.29469 0.0401814 5.78613 10.0745 0.0873036 10.2319 10.0728 0.0731081 1.33281 12.3402 0.000329795 0.00170445 0.00097475 7.78049 -0.021349 -21.1615 40.3706 -58.9619 -15.6797 91.2834 -7.10669 10.2495 0.193815 1.09904 -0.00185893 1.28651e-06 7.29614e-06 -6.04305e-14 -11.4765 0.00638533 -3.01573 12.6808 14.2403 54.1652 -124.383 -11.4703 -15.6362 -0.00265047 0.0150316 3.47677e-07 8.13409e-10 -4.61302e-09 -4.22417e-15 -20.1009 -12.8237 -25.4608 -28.1149 -3.33215 -17.9133 0.0883306 -0.32789 -0.00484642 -19.6306 -20.2359 -2.56619 4.6911 14.7795 -1.00075 0.00486369 4.65077 -1.68792 -0.0032619 2.7183 0.0141966 -9.57387 -11.9242 -3.99791 42.6561 14.2986 -13.0386 0.100873 -18.322 0.49102 -0.00216375 -0.563941 0.00272432
980.958 3193 992.063 -86.7631 8.77927 5.21 0.00381889 -10.2885 -6.18253 -0.0585484 -1.93092 -9.27608 0.714008 6.05161 10.1847 1.44714 10.7268 9.9987 1.29 1.86025 12.5009 0.00807332 0.0379863 0.00173087 6.85752 -0.0195426 -20.0519 33.3015 -58.8579 -17.8769 93.4347 -7.14012 10.573 0.158681 0.899852 -0.0012461 3.85798e-07 2.18797e-06 -0 -13.7538 -0.0178441 -2.92537 11.9539 13.618 55.3882 -124.443 -11.3999 -15.6428 0.00309236 -0.0175376 4.73269e-07 1.16554e-09 -6.61009e-09 1.76421e-15 -20.4178 -14.958 -26.6228 -28.3502 -4.62041 -18.9393 0.190895 -0.552769 -0.000126428 -14.8748 -21.2963 -0.730154 6.61728 14.8077 -1.65831 -0.0157425 5.20131 -1.55486 -0.000703803 2.75673 0.00535513 -9.4608 -13.3443 -3.58013 42.4253 16.7101 -14.6767 -0.018097 -16.6062 0.493943 0.000234015 -0.637996 0.00905409
974.251 3200.64 993.818 -87.4171 8.73392 4.55 0.000863966 -10.268 -6.21855 -0.0590452 -1.9058 -9.3302 1.48618 6.22271 10.3844 3.01485 11.0465 9.97729 2.69373 2.21914 12.7734 0.0239325 0.113967 0.0031534 5.76087 -0.0236546 -19.8079 26.6182 -58.1475 -19.8663 95.1 -7.46484 10.9236 0.19576 1.11007 -0.00189643 4.3892e-07 2.48924e-06 -6.36111e-15 -15.4916 -0.0503651 -3.042 10.7469 13.6217 56.4417 -124.211 -11.3473 -15.6384 0.00177005 -0.0100384 1.55059e-07 -1.80178e-09 1.02184e-08 -5.51627e-15 -20.3426 -16.9786 -27.5769 -28.098 -5.92238 -19.7912 0.213194 -0.560793 0.00872357 -11.4711 -21.2382 0.33901 6.47306 13.9269 -1.58355 0.041876 6.81854 -1.63784 -0.000159731 2.79835 0.00081501 -8.14262 -13.2576 -3.32744 39.4923 17.7166 -14.002 -0.0850722 -14.2592 0.295753 0.00379733 -0.754915 0.0193174
964.031 3212.17 996.267 -88.2677 8.643 4.205 0.000104851 -10.2476 -6.33882 -0.0587204 -1.88458 -9.5109 2.30907 6.29445 10.7089 4.68938 11.184 10.0713 4.19429 2.40711 13.2143 0.0441811 0.206436 0.00424104 4.95622 -0.0203597 -20.3775 21.5044 -57.5937 -20.659 95.4671 -7.50362 11.0231 0.180217 1.02195 -0.00160725 4.64903e-07 2.6366e-06 -2.22639e-14 -16.5226 -0.0707745 -2.88439 9.42099 13.7381 56.6183 -123.873 -11.297 -15.6553 -0.0113513 0.0643763 6.37703e-06 -8.11838e-08 4.60416e-07 -6.4605e-15 -20.4328 -18.5249 -28.5093 -28.1374 -6.89152 -20.5768 0.158384 -0.431929 0.00591851 -9.52689 -20.1663 0.332222 4.7548 12.0754 -0.891116 0.154745 9.34829 -1.91574 -0.00613035 2.82089 0.00812663 -6.67626 -11.3454 -3.54411 35.2061 16.2269 -11.0645 -0.0747129 -10.1376 -0.141681 0.00636979 -0.924059 0.0309514
951.704 3226.59 999.361 -89.1326 8.55055 4.265 0.00107732 -10.2386 -6.56319 -0.0577353 -1.87975 -9.84794 3.12322 6.31899 11.1144 6.34309 11.2391 10.2603 5.67219 2.52695 13.7718 0.0615442 0.273297 0.00201648 4.66161 -0.00920698 -20.9262 16.7217 -57.7212 -21.6697 94.8023 -7.46782 10.8958 0.141053 0.799897 -0.000984624 3.05653e-07 1.73345e-06 -2.22639e-14 -17.0086 -0.0850254 -2.29129 8.05677 13.4822 55.9421 -123.489 -11.2352 -15.6927 -0.0353463 0.200458 6.18322e-05 -3.68522e-07 2.08999e-06 3.47873e-16 -21.0534 -19.3953 -29.4534 -28.9459 -7.31549 -21.325 0.0940559 -0.292013 0.000740505 -9.31424 -18.2761 -0.76354 2.92511 9.24718 -0.0783333 0.263507 12.3439 -2.26485 -0.0169719 2.78664 0.0253492 -6.00916 -8.14048 -4.33696 31.5638 12.2581 -7.29577 -0.016049 -3.80923 -0.431396 0.00549825 -1.10961 0.0351469
939.613 3241.86 1002.35 -89.6187 8.45433 4.665 0.00422327 -10.2573 -6.85786 -0.0569033 -1.91316 -10.2902 3.85159 6.38954 11.4637 7.82107 11.3781 10.4191 6.98362 2.74447 14.2642 0.0611738 0.25755 -0.00375482 4.63685 -0.00442531 -20.692 11.5863 -58.6003 -23.7926 93.3812 -7.44066 10.6224 0.101748 0.577023 -0.000512355 8.14452e-08 4.61899e-07 2.54444e-14 -17.4771 -0.0904324 -1.36182 6.76883 12.6991 55.1542 -123.206 -11.1551 -15.7241 -0.0596571 0.338328 0.000176136 -8.70438e-07 4.9365e-06 5.04913e-14 -22.171 -19.5628 -30.1171 -30.4503 -7.19133 -21.8227 0.0530481 -0.223521 -0.000306785 -10.8321 -15.9642 -2.51808 2.03776 6.06548 0.389988 0.302748 15.3085 -2.58149 -0.0230509 2.71033 0.0371192 -5.97387 -4.75574 -5.38625 29.4526 7.4148 -4.20813 0.0394039 3.55572 -0.237382 0.000701459 -1.24233 0.0305359
929.925 3255.76 1004.25 -89.4159 8.34731 5.197 0.0071643 -10.3065 -7.13141 -0.0569751 -1.98944 -10.7001 4.40652 6.57422 11.6038 8.95228 11.7153 10.3968 7.97768 3.16451 14.4734 0.0345863 0.144793 -0.00729988 4.43353 0.0044457 -19.5438 7.16572 -60.0839 -26.1588 91.1231 -7.35646 10.2039 0.0606598 0.344015 -0.000182107 -5.46111e-08 -3.09715e-07 3.18055e-15 -18.4493 -0.0584451 -0.291529 5.82206 11.6122 55.0187 -123.288 -11.0552 -15.737 -0.0671942 0.381071 0.000223453 -1.02324e-06 5.80309e-06 4.52235e-14 -23.5133 -19.2585 -30.1991 -32.2424 -6.77204 -21.8417 0.0217278 -0.196547 -0.00129017 -13.1922 -13.8028 -4.19698 2.22994 3.53517 0.401492 0.240131 17.6802 -2.76055 -0.0196116 2.66156 0.0362223 -5.57466 -2.305 -6.39126 28.4149 3.77185 -2.33005 0.041416 9.43119 0.15451 -0.0045545 -1.27038 0.0261953
923.301 3267.04 1004.76 -88.3927 8.25935 5.644 0.00656657 -10.365 -7.30072 -0.0571505 -2.07683 -10.9534 4.74337 6.85308 11.4641 9.6464 12.2119 10.1216 8.58014 3.72642 14.2923 -0.000282095 0.00594769 -0.00521479 3.70636 0.0334131 -17.9601 5.07833 -61.8985 -27.0991 88.1633 -7.45308 9.67068 0.0613046 0.347671 -0.000185999 -5.88805e-08 -3.33928e-07 -0 -20.2245 0.0121493 0.756904 5.46504 10.652 55.6757 -123.831 -10.959 -15.7483 -0.051189 0.290305 0.000129682 -5.50377e-07 3.12134e-06 3.77691e-15 -24.8117 -18.9214 -29.6835 -33.9078 -6.46105 -21.3892 -0.000824728 -0.14411 -0.00175143 -15.0048 -12.3543 -5.28433 2.95575 2.44407 0.217887 0.14041 18.7839 -2.842 -0.013385 2.70758 0.0319738 -4.13167 -1.36236 -7.30873 27.6239 2.44302 -1.48234 0.00608439 11.3388 0.112052 -0.00589967 -1.21126 0.0223025
919.02 3275.8 1004.63 -86.5647 8.25527 5.878 0.00287787 -10.3988 -7.33555 -0.0555972 -2.1357 -11.0073 4.88118 7.13867 11.1299 9.93249 12.7231 9.68767 8.82496 4.27482 13.8383 -0.00642829 -0.0217019 0.00285602 2.36033 0.0379455 -16.6884 5.91111 -63.621 -25.6821 85.0979 -7.37436 9.13003 0.0345492 0.195937 -5.90748e-05 -2.63393e-08 -1.49377e-07 -2.22639e-14 -22.7744 0.0434372 1.45773 5.62883 10.1287 56.8828 -124.608 -10.92 -15.7778 -0.0251392 0.142571 3.12775e-05 -1.50552e-07 8.53825e-07 -2.28602e-14 -25.9386 -18.9518 -28.9297 -35.2732 -6.53071 -20.7903 0.00351507 -0.0779821 -0.00111408 -15.6564 -11.7646 -5.70252 3.68935 2.72397 0.0307459 0.0909514 18.2046 -2.92796 -0.00971585 2.84174 0.0286671 -2.17801 -1.82959 -8.10323 27.0258 3.27523 -1.52391 -0.0809008 8.37029 -0.464202 -0.0050864 -1.13848 0.00905298
915.143 3283.46 1005.41 -83.7714 8.35934 5.893 -0.000462856 -10.3881 -7.25999 -0.0516142 -2.15592 -10.8989 4.8919 7.35 10.8143 9.94915 13.1302 9.31716 8.84323 4.70789 13.4055 0.0397483 0.186201 0.0179974 0.471861 -0.0646115 -16.4359 8.21458 -64.8009 -22.711 82.646 -7.44014 8.70547 0.0209247 0.11867 -2.16693e-05 -5.04045e-09 -2.85857e-08 3.18055e-15 -25.8066 -0.0429251 1.22165 5.62207 10.0576 58.3447 -125.06 -11.0043 -15.7809 -0.00737223 0.04181 2.68984e-06 -1.08869e-08 6.17427e-08 -6.16232e-15 -26.8671 -19.3934 -28.4937 -36.4073 -6.8832 -20.4902 0.0506406 -0.0829521 -0.00249484 -15.4183 -11.4142 -5.57716 3.92702 3.31359 -0.241765 0.0697593 16.108 -2.93581 -0.00617877 2.98816 0.0191162 -1.07976 -2.98241 -8.78738 27.5373 5.02492 -2.28365 -0.219861 1.95094 -0.984836 -0.00506353 -1.12379 -0.0129565
909.416 3291.66 1008.36 -79.918 8.46702 5.794 4.79014e-05 -10.3493 -7.14679 -0.0479897 -2.14955 -10.7317 4.87636 7.49958 10.7161 9.9099 13.4614 9.18791 8.81846 5.06598 13.2517 0.128793 0.585909 0.0278463 -1.77815 -0.253005 -17.5498 9.81013 -65.391 -19.7632 81.0151 -7.71008 8.42858 0.0193199 0.109568 -1.8473e-05 -1.92624e-09 -1.09244e-08 -1.59028e-14 -28.8953 -0.181474 -0.305093 4.4932 10.0975 59.8482 -124.611 -11.2699 -15.6625 -0.00477292 0.0270686 1.12745e-06 1.03692e-08 -5.88066e-08 -5.56597e-15 -27.622 -19.9847 -28.7282 -37.4279 -7.21707 -20.7177 0.138458 -0.171928 -0.00432127 -14.7983 -10.359 -5.23277 3.0651 2.96404 -0.601201 0.0225945 13.2212 -2.73883 -0.00205376 3.07567 0.00463777 -1.63533 -3.89221 -9.52251 29.83 6.14919 -3.28135 -0.27123 -4.64991 -0.785639 -0.00423307 -1.18178 -0.028665
900.767 3301.24 1013.36 -75.472 8.40935 5.754 0.00704192 -10.3226 -7.07179 -0.047981 -2.13159 -10.6145 4.92017 7.69916 10.8882 10.0038 13.8749 9.3024 8.89769 5.49955 13.4258 0.216609 0.904935 0.0105819 -4.10856 -0.383414 -19.729 10.0471 -65.8888 -17.5674 79.6519 -8.14716 8.19465 0.0250807 0.14224 -3.11321e-05 4.05182e-09 2.29789e-08 -1.27222e-14 -31.5208 -0.232266 -2.91799 1.74081 9.70601 61.3659 -123.045 -11.722 -15.3871 -0.0125822 0.0713572 7.83507e-06 5.17728e-08 -2.93618e-07 2.22639e-14 -28.2756 -20.4919 -29.6158 -38.3588 -7.3568 -21.4125 0.214266 -0.228714 -0.000482754 -14.083 -8.11079 -5.19085 0.923198 1.09914 -0.861142 -0.0201689 10.6445 -2.40835 -0.000396354 3.08396 -0.00401072 -3.63308 -3.86449 -10.4466 33.8892 5.73264 -3.78564 -0.183669 -8.4132 0.1474 -0.00253941 -1.26407 -0.0260643
889.865 3311.97 1018.96 -71.278 8.10517 5.907 0.0164788 -10.3263 -7.06805 -0.0496713 -2.10635 -10.6029 5.04302 8.02315 11.1981 10.2763 14.4584 9.49475 9.11168 6.09812 13.7505 0.227887 0.857092 -0.0183844 -6.1536 -0.342998 -22.1871 10.0597 -66.759 -15.6352 77.9131 -8.64599 7.89232 0.0299449 0.169826 -4.43787e-05 4.53174e-09 2.57008e-08 -1.59028e-14 -33.198 -0.151998 -5.97883 -2.25462 8.60908 62.8654 -120.614 -12.295 -15.0249 -0.0261316 0.148199 3.37956e-05 1.92313e-07 -1.09066e-06 -6.36111e-15 -28.8393 -20.8641 -30.7551 -39.0625 -7.35893 -22.2482 0.200391 -0.164616 0.00536324 -12.9766 -5.08487 -5.7659 -2.21528 -1.75644 -0.959245 -0.0141331 9.11965 -2.14399 -0.0011725 3.03941 -0.00489395 -6.27822 -2.72545 -11.5255 38.933 3.97139 -3.18862 -0.100625 -8.46428 1.03872 -0.00137924 -1.31399 -0.0112422
879.145 3322.35 1023.16 -67.973 7.64528 6.177 0.018079 -10.3249 -7.11749 -0.0483782 -2.05539 -10.677 5.16014 8.38802 11.4493 10.5423 15.072 9.61058 9.31233 6.7326 13.9956 0.14532 0.507771 -0.0221839 -7.52825 -0.186535 -24.1324 11.2093 -67.9975 -13.2005 75.8558 -9.02744 7.54708 0.0191359 0.108525 -1.81228e-05 3.85833e-11 2.18895e-10 -6.36111e-15 -33.5282 -0.0354666 -8.76934 -6.31126 6.99415 64.1607 -117.922 -12.88 -14.672 -0.0436505 0.247553 9.42987e-05 4.62609e-07 -2.62358e-06 1.11319e-14 -29.1825 -21.0891 -31.4406 -39.3554 -7.37528 -22.7191 0.104103 -0.0241543 0.00618159 -11.03 -2.37495 -6.71153 -5.86539 -4.34814 -1.02611 0.0283541 8.49731 -2.07274 -0.00189886 2.98234 -0.00322825 -8.85421 -1.00994 -12.4861 43.5701 1.96322 -1.72801 -0.0834511 -6.04097 1.14918 -0.000383232 -1.30843 3.23692e-05
871.158 3330.85 1024.69 -65.457 7.23513 6.337 0.0114411 -10.2744 -7.18289 -0.0431955 -1.95435 -10.7787 5.12501 8.63933 11.5563 10.4811 15.4823 9.66154 9.23732 7.15471 14.0851 0.0519674 0.178068 -0.00838779 -8.02291 -0.0578847 -25.1884 13.3054 -69.2339 -10.5007 74.2548 -9.23717 7.29698 -0.000395557 -0.00224332 -7.74368e-09 -6.38735e-10 -3.62246e-09 -0 -32.321 0.00492831 -10.945 -9.44251 5.35472 65.0708 -115.558 -13.3395 -14.3559 -0.0613618 0.347996 0.000186346 8.07792e-07 -4.58121e-06 4.01545e-14 -29.1476 -21.123 -31.1112 -39.1585 -7.50055 -22.4586 0.0210043 0.100621 0.00348521 -8.25981 -0.899865 -7.47312 -9.75046 -5.60594 -1.11198 0.0694752 8.07462 -2.17453 -0.00178085 2.93764 -0.00146398 -11.4095 0.467423 -13.067 46.7509 0.606206 -0.366705 -0.061123 -3.13277 0.665514 0.000805966 -1.25417 0.000584712
866.986 3336.67 1023.45 -63.249 7.04293 6.297 0.00470487 -10.1801 -7.2471 -0.0394996 -1.80783 -10.8776 4.85505 8.70744 11.5286 9.92433 15.5843 9.7097 8.74064 7.23185 14.0452 0.00864848 0.0298591 -0.000903841 -7.70052 -0.0174362 -25.3003 14.6199 -70.095 -8.87369 73.7792 -9.37069 7.2317 -0.0100504 -0.0569986 -4.99913e-06 1.7564e-10 9.96003e-10 -6.36111e-15 -29.8156 -0.0330569 -12.3031 -11.5332 4.21489 65.543 -113.942 -13.4983 -14.1349 -0.0647514 0.367219 0.000207502 9.36836e-07 -5.31306e-06 4.67144e-14 -28.7313 -21.0496 -29.7571 -38.5151 -7.77526 -21.487 -0.00389985 0.164153 0.000964642 -5.13632 -0.911974 -7.72149 -13.4433 -5.14697 -1.08228 0.0918932 7.12757 -2.35104 -0.00115699 2.91135 -0.00126876 -14.1834 1.14499 -13.2833 48.0763 0.161346 0.118188 -0.023494 -1.09251 0.178854 0.00223828 -1.16351 -0.00529509
866.064 3340.32 1020.41 -61.37 7.11341 6.216 -0.000214673 -10.0781 -7.30483 -0.0422829 -1.64718 -10.9639 4.4623 8.63719 11.372 9.11774 15.455 9.70498 8.03146 7.05011 13.865 0.00268395 0.00873096 -5.50766e-05 -6.88635 -0.0269421 -24.4113 13.2608 -70.5726 -9.91645 74.3715 -9.49797 7.32625 -0.00599732 -0.0340125 -1.78009e-06 3.67863e-11 2.08772e-10 2.8625e-14 -26.693 -0.0801551 -12.4823 -12.8608 3.75243 65.6418 -113.183 -13.2848 -14.1193 -0.0361107 0.204793 6.45354e-05 5.23581e-07 -2.96938e-06 2.04748e-14 -28.1422 -21.1019 -27.9414 -37.6358 -8.20089 -20.2054 -0.000240073 0.157948 -0.000191159 -2.52689 -2.08184 -7.57006 -15.8986 -3.24499 -0.783345 0.0936816 5.34652 -2.47523 -0.000104067 2.89989 -0.00399701 -16.9541 0.997788 -13.42 47.9092 0.486174 -0.364153 -0.011534 -0.227198 -0.0839029 0.00363071 -1.04941 -0.010525
866.556 3343.61 1017.35 -60.445 7.37857 6.32 -0.00531593 -9.98935 -7.33405 -0.047491 -1.50297 -11.0049 4.22013 8.52942 11.0807 8.62037 15.2709 9.51952 7.59937 6.83119 13.5182 0.00281308 0.0085777 -4.99372e-05 -6.05181 -0.0309433 -22.4843 8.11957 -70.8018 -14.7013 75.5938 -9.61081 7.51976 0.000795395 0.00451091 -3.13108e-08 4.46264e-11 2.52953e-10 -1.90833e-14 -23.9216 -0.0826948 -11.3722 -13.563 3.74765 65.5372 -112.979 -12.9141 -14.2469 0.0146567 -0.0831221 1.06316e-05 5.04507e-07 -2.8612e-06 -5.96354e-16 -27.7017 -21.4125 -26.4321 -36.9079 -8.70564 -19.1463 -0.00172269 0.115481 -0.000277885 -0.951468 -3.89428 -7.464 -16.5687 -0.55641 -0.22793 0.0698998 3.08978 -2.46496 0.00151646 2.90467 -0.0090217 -19.2973 0.590671 -13.7857 47.4195 1.13061 -1.2519 -0.0255576 -0.199506 -0.195051 0.00393384 -0.933266 -0.0107915
866.849 3348.08 1015.45 -60.997 7.7408 6.682 -0.0089275 -9.91264 -7.30506 -0.0486773 -1.38944 -10.9581 4.34772 8.46195 10.6805 8.87161 15.1619 9.09109 7.83112 6.73365 13.037 -0.0013073 -0.00982889 -0.000145275 -5.62567 -0.0101081 -19.7314 -0.443395 -70.5837 -22.8992 77.1052 -9.7002 7.76723 0.00290976 0.0165021 -4.19027e-07 9.10752e-11 5.16447e-10 9.54166e-15 -22.2723 -0.0373963 -9.39333 -13.7436 3.8159 65.4202 -112.909 -12.6845 -14.324 0.0575148 -0.326179 0.000163714 1.23924e-06 -7.02807e-06 7.76254e-14 -27.6492 -21.8295 -25.6265 -36.6945 -9.13308 -18.5862 -0.0124522 0.0888673 7.43568e-05 0.423223 -5.95854 -7.69568 -16.3771 2.06699 0.455341 0.0317285 1.15669 -2.39234 0.00377927 2.93275 -0.0153216 -20.9504 0.505757 -14.4509 47.7067 1.62405 -1.93874 -0.0378622 -0.50034 -0.250882 0.00274962 -0.842341 -0.00697785
866.65 3353.9 1014.79 -62.716 8.16752 7.152 -0.00789307 -9.85086 -7.21211 -0.0486668 -1.30414 -10.8174 4.8623 8.45383 10.2487 9.91921 15.1375 8.48292 8.76241 6.75563 12.5049 -0.00798534 -0.0375504 -0.000457134 -5.87204 0.0202478 -16.7258 -10.2936 -69.6162 -32.2269 78.7969 -9.75379 8.05181 0.00310235 0.0175943 -4.76332e-07 6.58381e-10 3.73381e-09 6.36111e-15 -21.9559 0.0171043 -7.34695 -13.8244 3.57629 65.475 -112.599 -12.6905 -14.2474 0.075325 -0.427182 0.000280803 1.74306e-06 -9.88538e-06 1.6022e-13 -27.962 -22.1405 -25.3156 -37.01 -9.38301 -18.3835 -0.02222 0.0785197 0.000320431 2.93966 -7.97846 -8.07122 -17.1892 3.79929 1.09751 0.00110977 0.168373 -2.37436 0.00596211 2.99132 -0.0197532 -22.2051 0.852282 -15.2218 49.2549 1.7462 -2.20776 -0.0340249 -0.679176 -0.287571 0.00110786 -0.79744 -0.00273565
866.834 3359.96 1014.67 -64.559 8.69426 7.526 -0.00388949 -9.80151 -7.07707 -0.051908 -1.22596 -10.6166 5.5803 8.45791 9.84121 11.3987 15.1023 7.8161 10.0711 6.77813 11.9827 -0.0146307 -0.0600433 -0.000722257 -6.76407 0.0377388 -14.1643 -18.7102 -68.0863 -39.7473 80.6222 -9.72193 8.36686 0.00743351 0.0421575 -2.73474e-06 2.26078e-09 1.28215e-08 -0 -22.7049 0.0426329 -5.8344 -14.3726 2.96557 65.6983 -111.938 -12.846 -14.0665 0.0723298 -0.410196 0.000258915 1.66313e-06 -9.43208e-06 1.56742e-13 -28.3043 -22.261 -24.9463 -37.4173 -9.49775 -18.1413 -0.0230344 0.0685275 -3.48962e-05 7.0712 -9.80856 -8.1295 -20.1233 4.31502 1.54435 -0.0168516 0.0706512 -2.41605 0.00632759 3.0748 -0.0172337 -23.9196 1.33284 -15.8567 51.9735 1.61472 -2.28422 -0.0146395 -0.506258 -0.317695 0.000144111 -0.798153 -0.000649695
868.496 3364.82 1014.41 -65.621 9.33083 7.717 -0.00103485 -9.73667 -6.92853 -0.0562412 -1.11808 -10.397 6.2558 8.41519 9.45317 12.7949 14.9696 7.19293 11.3103 6.69895 11.493 -0.0183094 -0.0690967 -0.000399613 -7.98681 0.0373351 -12.5091 -24.3715 -66.6404 -44.1894 82.4847 -9.52934 8.69935 0.0116518 0.0660808 -6.71918e-06 6.42226e-09 3.64223e-08 -1.90833e-14 -23.9333 0.0373865 -4.77539 -15.3771 2.24333 65.8851 -111.109 -13.0602 -13.8627 0.0602882 -0.341907 0.000179883 1.22578e-06 -6.95173e-06 1.0466e-13 -28.2665 -22.2092 -24.1642 -37.3674 -9.57613 -17.592 -0.0154591 0.0684531 -0.00114384 11.9269 -11.4253 -7.65752 -24.2532 4.033 1.75848 -0.0289465 0.194732 -2.43086 0.00438975 3.16035 -0.00827816 -26.5595 1.53517 -16.3149 55.0152 1.57753 -2.57449 0.0121227 0.0549335 -0.350849 -7.88527e-05 -0.822134 -0.000549327
871.602 3367.94 1014.21 -65.824 9.97584 7.735 -0.000200612 -9.63394 -6.78607 -0.0588456 -0.956886 -10.1852 6.75063 8.32544 9.09889 13.8129 14.7645 6.69006 12.2212 6.53046 11.0783 -0.0157301 -0.0575387 0.000292001 -9.09467 0.0238757 -11.8138 -27.7717 -65.4877 -46.349 84.5747 -9.35501 9.06965 0.033654 0.19086 -5.60531e-05 -2.71894e-07 -1.54199e-06 3.18055e-15 -25.0391 0.0186183 -3.88611 -16.207 1.6838 65.9784 -110.168 -13.2955 -13.6392 0.0484121 -0.274557 0.000115994 7.0253e-07 -3.98425e-06 2.04375e-14 -27.6972 -21.9473 -23.0819 -36.6692 -9.5834 -16.8072 -0.0155733 0.0622661 -0.00203555 15.8214 -12.7924 -6.92973 -27.6014 3.75783 1.92783 -0.0308378 -0.23888 -2.38127 0.00180891 3.23137 0.000623771 -29.4329 1.32448 -16.6787 57.1108 1.77352 -3.10725 0.0304987 1.05569 -0.385016 -2.37039e-05 -0.839247 -0.0018023
874.929 3369.57 1014.52 -65.731 10.446 7.606 -4.49774e-05 -9.50042 -6.65622 -0.0595704 -0.75233 -9.98967 7.05203 8.23544 8.84438 14.4296 14.5812 6.3651 12.7783 6.36443 10.8049 -0.00850326 -0.0302626 0.000447078 -9.69971 0.00634101 -11.7657 -29.8549 -63.8989 -47.4794 87.4092 -9.23526 9.53273 0.0456274 0.258764 -0.000103033 -7.31561e-07 -4.14889e-06 -3.18055e-14 -25.7335 0.00243213 -3.33741 -16.2186 1.46672 66.2966 -109.121 -13.4943 -13.4087 0.0427794 -0.242612 9.05723e-05 3.96146e-07 -2.24666e-06 -8.29926e-15 -26.78 -21.2455 -21.9941 -35.5998 -9.28919 -15.9873 -0.0413471 0.0179214 -0.00172882 18.1325 -13.9251 -6.26026 -29.3278 4.09692 2.30345 -0.0208935 -1.38492 -2.2593 0.000416644 3.27437 0.00458479 -31.2605 0.93811 -16.891 57.464 1.98676 -3.4314 0.0208184 2.49164 -0.397075 -0.000222578 -0.828785 -0.00362519
877.415 3370.12 1015.21 -65.851 10.647 7.333 0.000292989 -9.35198 -6.52744 -0.0590302 -0.525549 -9.79461 7.22283 8.17503 8.73699 14.7781 14.4667 6.22672 13.0938 6.25653 10.7047 -0.00244237 -0.00690817 0.000156659 -9.71848 -0.00428806 -11.9919 -31.0659 -60.7936 -48.0633 91.3989 -10.1351 10.1375 0.187176 1.06141 -0.00173378 -1.85176e-06 -1.05019e-05 -1.62208e-13 -26.2456 0.00109396 -3.69287 -15.067 1.70229 67.5309 -108.222 -13.5807 -13.2461 0.0437472 -0.248101 9.4717e-05 3.0351e-07 -1.72129e-06 2.24627e-14 -25.8485 -19.9141 -20.9823 -34.6094 -8.52623 -15.1797 -0.0830734 -0.059831 -0.000623574 19.7346 -14.8191 -5.63785 -30.38 4.9652 2.91027 -0.0103293 -2.69236 -2.0886 0.000564173 3.28069 0.0039832 -31.1395 0.59305 -16.814 56.2155 1.87624 -3.10488 -0.023387 4.318 -0.338819 -0.000743713 -0.794354 -0.00388903
879.279 3370.1 1015.63 -66.178 10.6896 6.94 0.00121116 -9.18365 -6.38151 -0.0575189 -0.268763 -9.57505 7.34022 8.10886 8.74118 15.0122 14.3479 6.21939 13.3047 6.14063 10.7334 -0.000200203 0.0018718 1.11074e-05 -9.43159 -0.00490957 -12.2509 -31.6624 -55.5032 -48.2159 96.5965 -9.83405 10.9041 0.0884296 0.501496 -0.000387004 -3.01664e-07 -1.71082e-06 6.36111e-15 -27.1617 0.01472 -5.23027 -12.7498 2.57984 70.1507 -107.88 -13.5376 -13.213 0.0442977 -0.251223 9.71158e-05 2.61815e-07 -1.48483e-06 1.19271e-14 -25.1228 -18.0489 -19.836 -33.9469 -7.39144 -14.23 -0.112988 -0.10854 -0.000284432 21.6984 -15.4531 -4.87331 -32.2718 5.68681 3.52357 -0.00308627 -3.573 -1.95708 0.00115296 3.26131 0.0021511 -29.2678 0.26548 -16.5061 54.4613 1.32238 -2.17022 -0.0799725 6.50958 -0.201171 -0.000829332 -0.757637 -0.0024706
881.704 3370.06 1015.12 -66.361 10.7816 6.503 0.00354909 -8.97178 -6.2206 -0.0551155 0.0521046 -9.33505 7.44134 7.98079 8.78181 15.2038 14.1205 6.27228 13.4806 5.91181 10.8144 4.70746e-05 0.00287053 2.37753e-05 -9.33857 -0.00430774 -12.4739 -31.8342 -48.1103 -48.2989 102.614 -9.49229 11.7633 0.00104195 0.00590919 -5.37307e-08 2.69574e-07 1.52883e-06 -3.18055e-15 -28.8502 0.0280925 -7.51293 -9.55327 4.3932 73.7849 -108.458 -13.4047 -13.2782 0.0381722 -0.216484 7.21144e-05 1.68962e-07 -9.58233e-07 3.4191e-14 -24.6128 -16.0203 -18.3265 -33.545 -6.1976 -12.9908 -0.115537 -0.0517337 0.000550108 24.3383 -15.9032 -3.82071 -35.5927 5.71588 3.88957 0.00157933 -3.55244 -1.92195 0.00162747 3.23505 0.000178409 -26.7379 -0.200893 -16.2185 53.5908 0.600523 -1.07167 -0.118032 8.9254 -0.068679 -0.000128078 -0.738887 -0.00234742
885.583 3370.08 1013.58 -66.113 11.0654 6.073 0.00674064 -8.7093 -6.07155 -0.0518408 0.445384 -9.11354 7.53532 7.77656 8.84184 15.3745 13.7585 6.37232 13.6441 5.54455 10.9386 0.00136378 0.00953454 0.000155188 -9.88348 -0.0168049 -12.741 -31.3945 -39.1918 -48.6196 108.698 -8.86713 12.5548 -0.0800077 -0.453737 -0.0003168 3.412e-06 1.93504e-05 -5.85222e-13 -31.073 0.0232486 -9.67337 -6.01775 7.19483 77.2712 -109.893 -13.2648 -13.2836 0.0253721 -0.143892 3.18597e-05 7.15088e-08 -4.05547e-07 -3.18055e-15 -24.1661 -14.2143 -16.4866 -33.139 -5.22655 -11.518 -0.102502 0.124599 0.00381316 26.8624 -16.2903 -2.5335 -39.6491 5.13657 3.96023 -0.0200508 -2.31297 -1.98406 0.00212167 3.21967 -0.00159048 -24.3492 -1.01105 -16.0929 54.2143 0.0455459 -0.208123 -0.114737 11.2779 -0.10321 0.000322109 -0.742444 -0.0030354
890.856 3369.47 1011.38 -65.312 11.533 5.605 0.0102405 -8.42774 -5.95884 -0.0476455 0.861358 -8.94526 7.60358 7.52695 8.96867 15.4925 13.3222 6.56597 13.7656 5.10383 11.1661 0.00566547 0.0297469 0.000362173 -11.137 -0.0476647 -13.1173 -29.9623 -29.3668 -49.2567 113.953 -8.16628 13.1303 -0.109151 -0.619003 -0.000589621 9.93704e-06 5.63557e-05 -4.88851e-12 -33.1619 0.00172325 -11.0432 -2.94208 10.5408 79.3925 -111.586 -13.132 -13.2826 0.0115393 -0.0654427 6.59005e-06 1.73683e-08 -9.85005e-08 1.35174e-14 -23.5303 -12.764 -14.5877 -32.39 -4.52275 -10.024 -0.0847834 0.345165 0.00576847 28.1066 -16.7326 -1.17941 -43.3593 4.59678 4.06075 -0.111209 0.212675 -2.11706 0.00260335 3.21773 -0.00144981 -21.7761 -2.36475 -15.9615 55.9167 -0.276882 0.310241 -0.100526 13.3626 -0.289273 -0.00129729 -0.755212 0.000807499
896.813 3367.13 1009.23 -63.855 12.0933 4.972 0.014883 -8.18892 -5.88062 -0.0442175 1.20509 -8.82695 7.59906 7.27304 9.21988 15.4647 12.8953 6.90966 13.7578 4.6768 11.5562 0.0137842 0.0664132 0.000680835 -12.7805 -0.0807797 -13.6875 -27.2414 -19.2759 -50.1606 117.485 -7.26087 13.4393 -0.118374 -0.671301 -0.000693468 1.96852e-05 0.00011164 -1.91708e-11 -34.6249 -0.0213733 -11.6209 -0.829707 13.8622 79.8261 -112.869 -12.9375 -13.4489 0.004422 -0.0250784 9.67754e-07 1.91518e-09 -1.08615e-08 6.75868e-15 -22.4964 -11.5874 -12.965 -31.0505 -3.95513 -8.75185 -0.0612837 0.501715 0.00172781 27.8379 -17.2522 0.235977 -46.2579 4.62093 4.59637 -0.254059 3.94632 -2.16167 0.00332718 3.20958 0.000360587 -17.7427 -4.45627 -15.3702 57.771 -0.509829 0.630901 -0.171612 15.2788 -0.291583 -0.00757259 -0.754896 0.0130517
902.997 3362.48 1007.82 -61.583 12.7068 4.058 0.0216528 -8.04921 -5.81315 -0.0435634 1.39153 -8.72402 7.50134 7.04029 9.61066 15.2463 12.5231 7.41199 13.5774 4.30638 12.1085 0.0278789 0.130432 0.00165103 -14.3086 -0.0886483 -14.4774 -23.3666 -9.72642 -51.3868 118.565 -6.27514 13.5106 -0.109484 -0.620893 -0.000593227 2.67978e-05 0.000151978 -3.55411e-11 -35.5257 -0.0463892 -11.8119 0.569299 16.8554 79.0288 -113.288 -12.7274 -13.6419 0.00865664 -0.0490943 3.70875e-06 6.86896e-09 -3.89559e-08 8.34896e-15 -21.0438 -10.5774 -11.8584 -29.1303 -3.40934 -7.88639 -0.0374334 0.553584 -0.00106454 27.0126 -17.6346 1.96936 -48.5512 5.03483 5.41179 -0.351153 8.42994 -1.91317 0.00448404 3.18228 -0.000132225 -11.0802 -7.33158 -13.7481 58.821 -0.698914 0.927474 -0.32207 17.0119 -0.015264 -0.0182098 -0.714559 0.0321699
909.616 3355.91 1007.31 -58.451 13.3711 2.867 0.028207 -8.02479 -5.73354 -0.045425 1.40371 -8.60275 7.34998 6.86416 10.0975 14.9184 12.2502 8.0077 13.2928 4.02938 12.7507 0.0495429 0.224205 0.00280432 -15.3342 -0.0669303 -15.2513 -18.8532 -1.69484 -53.2707 116.801 -5.43774 13.3351 -0.0831624 -0.471627 -0.000342275 2.41676e-05 0.000137061 -2.89144e-11 -36.2069 -0.074549 -11.9414 1.60735 19.28 77.6607 -112.681 -12.5589 -13.7557 0.0245155 -0.139034 2.97447e-05 1.03534e-07 -5.87171e-07 -1.90833e-14 -19.4114 -9.78587 -11.2966 -26.9697 -2.94468 -7.47397 -0.0231057 0.540322 0.00257 27.0768 -17.4716 4.33754 -50.6005 5.2627 5.76714 -0.343548 12.7913 -1.46063 0.00505694 3.14494 -0.00462537 -1.85767 -10.5509 -10.7835 58.3161 -0.620313 1.13878 -0.400966 18.0824 0.12773 -0.0240159 -0.619495 0.0485929
916.875 3348.32 1007.31 -54.819 14.0046 1.581 0.0269565 -8.09121 -5.64309 -0.0488302 1.2959 -8.46511 7.23388 6.80328 10.6018 14.6723 12.1587 8.57989 13.0684 3.92579 13.3782 0.0697511 0.297971 0.00136349 -15.8066 -0.0364655 -15.608 -13.9259 4.0117 -55.9669 112.292 -5.12774 13.0001 -0.023453 -0.133008 -2.72223e-05 1.93596e-05 0.000109794 -1.85218e-11 -36.8082 -0.078254 -12.0362 2.39701 20.8147 76.2063 -111.183 -12.4393 -13.7735 0.0464879 -0.263644 0.000106956 4.99045e-07 -2.83022e-06 9.54166e-15 -18.0139 -9.3226 -11.0636 -25.1168 -2.68802 -7.35273 -0.0222878 0.50245 0.00201237 28.9126 -16.3966 7.20426 -52.618 4.85749 5.17392 -0.242262 16.0813 -1.19344 0.0046005 3.10762 -0.00912109 8.3289 -13.3116 -6.87917 55.8123 0.0471562 0.910438 -0.334698 17.6831 -0.191677 -0.0173378 -0.486193 0.0472619
924.543 3340.28 1006.99 -51.46 14.4451 0.55 0.016911 -8.1996 -5.56242 -0.052205 1.14987 -8.34292 7.25872 6.88751 11.0021 14.7322 12.2968 8.96701 13.1024 4.06102 13.8516 0.0704567 0.283831 -0.00278686 -15.9368 -0.0166202 -15.2085 -8.70243 7.23972 -59.0497 105.86 -5.74333 12.6152 0.0894635 0.507359 -0.000396106 6.42047e-05 0.000364123 -2.04036e-10 -37.1075 -0.0434964 -11.8145 2.86068 21.1777 74.8646 -109.059 -12.3442 -13.6593 0.0665311 -0.377311 0.000219065 1.10763e-06 -6.28168e-06 3.77691e-14 -17.1302 -9.1418 -10.7192 -23.9206 -2.64831 -7.16231 -0.0335283 0.476929 -0.00154148 31.783 -14.6648 9.72861 -54.482 3.97721 4.15365 -0.0820648 17.5588 -1.27893 0.00369194 3.0681 -0.00886063 17.6395 -15.288 -3.0211 51.3393 1.5306 -0.177645 -0.269674 15.3231 -0.607235 -0.0050744 -0.351698 0.027046
932.165 3332.09 1005.73 -49.209 14.6022 0.139 0.00910413 -8.30265 -5.5056 -0.0534929 1.02217 -8.25793 7.49474 7.06884 11.1755 15.2345 12.5955 9.03032 13.5254 4.39016 14.0379 0.0465868 0.181927 -0.0050757 -15.9899 -0.0085484 -14.0919 -3.69369 8.52279 -61.7712 98.9292 -7.27989 12.0348 0.250127 1.41825 -0.00309587 0.00018314 0.00103864 -1.65994e-09 -36.756 -0.00537544 -10.9802 2.96527 20.4637 73.6836 -106.651 -12.2432 -13.3586 0.0819249 -0.464609 0.000332164 1.60908e-06 -9.12557e-06 1.47498e-13 -16.6438 -9.07889 -9.80781 -23.2162 -2.74549 -6.54428 -0.0552244 0.532114 0.00574826 33.8583 -13.5017 11.1707 -55.8092 3.66618 3.84321 0.0327565 17.0905 -1.41325 0.0025042 3.03049 -0.00461992 25.5802 -16.7947 0.071674 45.5622 3.87482 -2.07721 -0.263588 11.4752 -0.762625 0.00239451 -0.244831 0.00779131
939.729 3323.74 1003.56 -48.56 14.511 0.431 0.0091499 -8.37393 -5.47064 -0.0521528 0.930314 -8.20633 7.96102 7.26001 11.09 16.2018 12.915 8.75471 14.3676 4.78178 13.9131 0.014752 0.0614906 -0.0037239 -16.0682 -0.00529771 -12.7283 0.470444 8.71777 -63.5061 92.7868 -11.252 11.1491 0.797972 4.516 -0.0314645 0.000688561 0.00390502 -2.34646e-08 -35.7071 -0.00344411 -9.42148 2.89697 19.1944 72.6023 -104.33 -12.1298 -12.9337 0.0942508 -0.534507 0.000439632 1.99184e-06 -1.12963e-05 1.69365e-13 -16.1689 -8.95402 -8.0805 -22.5076 -2.88122 -5.31877 -0.0724093 0.710448 0.0173175 33.8552 -14.1037 11.5679 -56.2651 5.01625 5.07152 0.0149523 15.407 -1.42395 0.00118401 3.01091 -0.0012831 32.6943 -18.0457 2.3449 39.6016 6.88699 -4.18493 -0.226052 7.11905 -0.784758 0.00353873 -0.171304 -0.000482767
948.146 3314.95 1000.99 -49.275 14.274 1.102 0.00900947 -8.41591 -5.44767 -0.0512358 0.867434 -8.17216 8.61314 7.41113 10.8306 17.5407 13.1608 8.25932 15.5466 5.12606 13.5865 -0.00580263 -0.0126204 -0.00136633 -16.0964 -0.00584135 -11.6756 3.41008 8.54851 -64.0742 87.7842 -4.80323 10.134 -0.417389 -2.36577 -0.00861836 0.000200585 0.00113757 -1.99121e-09 -34.3255 -0.0262854 -7.27061 2.98987 17.8893 71.5029 -102.283 -12.0621 -12.5423 0.09984 -0.566202 0.000493318 2.16009e-06 -1.22505e-05 2.37746e-13 -15.4113 -8.63229 -5.56289 -21.4234 -2.93714 -3.50998 -0.0576829 0.922825 0.0115061 31.7206 -16.577 11.2506 -55.7695 7.9839 8.1732 -0.056648 13.6477 -1.52335 -0.000193184 3.00921 -0.000170383 39.4692 -18.878 4.19782 34.328 10.0442 -5.86542 -0.143896 3.28881 -0.813658 0.0024088 -0.126688 -0.00149435
958.639 3305.11 998.718 -50.46 14.0336 1.647 0.00403178 -8.45708 -5.42633 -0.0534824 0.804428 -8.13957 9.32758 7.5178 10.5553 19.0044 13.3128 7.74475 16.8404 5.37779 13.2487 -0.00818545 -0.0169847 0.000791802 -15.9463 -0.00684519 -11.3406 5.25771 8.36028 -63.6332 83.9565 -6.35876 9.37459 -0.169134 -0.959116 -0.00141566 5.0967e-05 0.000289048 -1.28547e-10 -32.9814 -0.0397843 -4.96012 3.48857 16.807 70.2924 -100.493 -12.134 -12.2675 0.0914363 -0.518547 0.000413768 1.74961e-06 -9.92254e-06 1.56642e-13 -14.3834 -7.9915 -2.61166 -19.9906 -2.74947 -1.3667 -0.0180116 1.01313 -0.00644154 28.7052 -19.9267 10.6409 -54.6467 11.4417 12.6614 0.00236385 12.4514 -1.77718 -0.00196976 3.01115 0.00168254 45.759 -19.0161 6.07154 29.9346 12.7627 -6.78794 -0.0825126 0.62272 -0.87656 0.00168276 -0.110064 -0.000481758
971.814 3293.2 997.224 -51.087 13.8899 1.702 -0.00100032 -8.52717 -5.4038 -0.0572274 0.699365 -8.10464 9.95494 7.57819 10.3948 20.2841 13.3778 7.38811 17.9755 5.53205 13.0593 0.00496238 0.0405302 0.00257299 -15.5463 -0.00322592 -11.8719 6.40732 8.26955 -62.3645 80.7361 -6.65021 8.9072 -0.0994421 -0.563946 -0.000489394 5.12734e-06 2.90786e-05 -1.28653e-12 -31.7239 -0.0333681 -2.9841 4.37011 15.9194 68.9076 -98.827 -12.4149 -12.0866 0.0624032 -0.353902 0.000192725 7.49592e-07 -4.25115e-06 4.53229e-14 -13.2922 -6.82935 0.269368 -18.4885 -2.12627 0.761394 0.00745604 0.980022 -0.00790201 26.4949 -22.794 10.4946 -53.4267 14.4122 17.1145 0.240453 11.5074 -2.00852 -0.00265433 3.01198 0.00497283 50.7822 -18.3632 8.08623 26.2398 14.8772 -7.0193 -0.0575651 -1.21039 -0.965432 0.0016654 -0.118819 0.000725297
987.246 3278.38 996.502 -50.494 13.8145 1.226 -0.00378737 -8.64308 -5.38666 -0.0596045 0.519538 -8.078 10.3968 7.59914 10.3874 21.1747 13.39 7.25698 18.7667 5.6168 13.066 0.0255463 0.123749 0.00253279 -14.9726 0.00352147 -12.9776 7.32526 8.29572 -60.6426 77.8211 -6.73995 8.61207 -0.0530201 -0.300689 -0.000139125 1.92953e-07 1.09429e-06 -4.77083e-15 -30.3329 -0.00918442 -1.70072 5.29897 14.9538 67.4277 -97.052 -12.9919 -11.9326 -0.00419574 0.0237952 8.71255e-07 -6.94018e-07 3.93597e-06 1.08338e-14 -12.2432 -5.05858 2.64705 -17.0487 -1.0065 2.5543 0.0150742 0.928994 0.00106531 25.7671 -24.4611 11.3357 -52.6956 16.7278 20.5735 0.450618 10.2094 -2.08864 0.000821758 2.99951 0.00724658 53.8114 -17.0951 10.0532 23.151 16.4625 -6.86476 -0.032087 -2.9946 -1.06717 0.00170377 -0.145921 0.00140843
1004.06 3260.9 996.15 -48.766 13.6799 0.484 -0.00559868 -8.80529 -5.38724 -0.0599517 0.268871 -8.07861 10.6554 7.62586 10.4743 21.6942 13.4262 7.27327 19.2224 5.7018 13.1813 0.0387904 0.171732 0.00020839 -14.3874 0.0037144 -13.879 8.41942 8.35014 -59.0621 75.0476 -6.63813 8.36313 -0.0384675 -0.218159 -7.32346e-05 -4.69788e-07 -2.6643e-06 -4.13472e-14 -28.5574 0.0151339 -1.14342 5.84251 13.5546 66.1102 -95.0364 -17.166 -11.7663 -0.689053 3.90168 0.0234706 -9.02574e-05 0.000511875 4.03159e-10 -11.1606 -2.97803 4.26855 -15.5662 0.393046 3.78649 0.025443 0.870388 -0.00414465 26.223 -25.1713 12.8736 -53.0778 18.578 23.5301 0.444044 8.74496 -1.98708 0.00957538 2.94815 0.00570818 54.7101 -15.5685 11.6469 20.9242 17.5492 -6.64316 0.0100353 -5.41015 -1.1685 0.00139569 -0.180578 0.0010869
1021.93 3242.1 995.604 -46.542 13.3773 -0.158 -0.0057162 -8.98601 -5.41387 -0.0589921 -0.000332598 -8.11907 10.8102 7.72122 10.538 22.0213 13.5781 7.26324 19.4985 5.88208 13.2381 0.0341441 0.14756 -0.00212288 -13.8058 0.00064292 -13.7915 9.56586 8.23165 -58.0526 72.5429 -6.49103 8.00555 -0.0352371 -0.199838 -6.14506e-05 -5.00729e-07 -2.83978e-06 -2.54444e-14 -26.3143 0.0215703 -0.980613 5.86052 11.4459 65.2941 -92.714 -24.8718 -11.5468 -2.01774 11.2923 0.199502 -0.000315016 0.00178655 4.91129e-09 -9.95202 -1.20645 5.13743 -13.9213 1.63581 4.40489 0.0322966 0.712126 -0.0183122 27.4965 -25.7992 14.5421 -54.7837 20.3886 27.1938 0.232434 8.18876 -1.79162 0.0188788 2.8517 0.00156096 53.966 -14.0432 12.6624 19.6301 18.0632 -6.45662 0.0658967 -8.7556 -1.22883 0.0013838 -0.215812 0.000411143
1041.08 3223.65 994.427 -44.344 12.8896 -0.511 -0.00459911 -9.13685 -5.45458 -0.057907 -0.220413 -8.18098 10.9151 7.92417 10.5018 22.2679 13.9123 7.10923 19.6981 6.24013 13.1277 0.0193098 0.0797922 -0.00231341 -12.9893 0.00916901 -12.5991 10.0662 7.7221 -57.6094 70.8219 -6.48049 7.50458 -0.0173822 -0.0985793 -1.49534e-05 -2.35261e-07 -1.33423e-06 1.27222e-14 -23.6355 0.0230259 -0.952289 5.47079 8.67317 65.336 -90.2459 -34.4504 -11.267 -3.81339 20.6655 0.695512 -5.86301e-05 0.000332508 1.70143e-10 -8.59936 -0.460183 5.37645 -12.0931 2.21419 4.47416 0.0191988 0.426126 -0.0210594 29.4587 -27.112 16.1763 -57.3702 22.6521 32.1919 -0.0836859 9.70229 -1.56669 0.0215625 2.73839 -0.00319318 52.4882 -12.3909 13.2049 18.6394 17.7609 -6.06539 0.131619 -12.6374 -1.22154 0.00251689 -0.254429 0.000360357
1061.6 3206.31 992.478 -42.141 12.2575 -0.645 -0.00571016 -9.22172 -5.4733 -0.0573765 -0.355138 -8.20972 10.9399 8.22958 10.3733 22.3648 14.4346 6.82893 19.7643 6.7886 12.8582 0.0111564 0.0339048 -0.000613903 -11.6518 0.0416582 -11.0456 9.14036 6.83145 -57.3283 70.4814 -6.6382 7.05562 0.0166266 0.0942938 -1.36815e-05 -1.73464e-08 -9.83761e-08 -9.54166e-15 -20.5364 0.0563385 -1.09219 4.81601 5.7121 66.3817 -87.5388 -18.8703 -10.7597 -0.959388 5.42444 0.0454497 -0.000117684 0.000667417 6.85425e-10 -7.1137 -1.20813 5.15394 -10.0983 1.78339 4.14084 -0.000765831 0.150754 -0.01375 31.989 -29.0688 17.8421 -59.9203 25.5333 37.9103 -0.433513 13.8641 -1.14631 0.0153827 2.65177 -0.0078868 50.7997 -10.3305 13.5336 17.3087 16.5218 -5.2672 0.154803 -16.102 -1.19023 0.00424178 -0.298058 0.00119391
1082.82 3189.75 990.081 -39.374 11.5218 -0.758 -0.010757 -9.23917 -5.42485 -0.0571621 -0.418438 -8.13854 10.7984 8.5982 10.2222 22.1321 15.0927 6.5435 19.5376 7.46676 12.5309 0.0177702 0.0561166 0.00169859 -9.69339 0.103668 -10.112 6.45822 5.77623 -56.8848 71.8622 -6.90064 6.957 0.0468132 0.265489 -0.000108458 4.41925e-10 2.50639e-09 1.59028e-14 -17.1462 0.141496 -1.66823 4.11951 3.13054 68.2302 -85.7335 -17.7163 -10.5295 -0.764675 4.32831 0.0288972 6.69194e-05 -0.000379519 2.21635e-10 -5.56852 -3.40397 4.63042 -8.03581 0.35134 3.58003 -0.0100897 -0.00140309 -0.00719716 34.6238 -31.0243 19.3252 -61.1907 29.2348 42.7986 -0.892775 20.2008 -0.405107 0.00386611 2.62478 -0.0161384 48.543 -7.74152 13.8221 15.6097 14.3471 -4.13311 0.080633 -18.0329 -1.19393 0.00495335 -0.340992 0.00232211
1103.58 3173.55 987.764 -35.408 10.7705 -0.964 -0.0171474 -9.21267 -5.28579 -0.056831 -0.445273 -7.93321 10.4373 8.95009 10.113 21.4565 15.7516 6.37597 18.9202 8.1326 12.265 0.0374223 0.150867 0.0038258 -7.37999 0.163757 -10.1479 2.43436 4.83552 -56.4865 74.7531 -7.23749 7.29763 0.0590216 0.334724 -0.000172404 6.11937e-08 3.47047e-07 6.36111e-15 -13.8155 0.232253 -2.95531 3.68334 1.21345 70.395 -84.2285 -17.5651 -10.2869 -0.694513 3.93249 0.0238436 0.000224342 -0.0012723 2.49085e-09 -4.26542 -6.44885 3.96459 -6.28338 -1.69588 2.98076 -0.00835092 -0.0324989 -0.00216924 36.8006 -32.4564 20.2052 -59.5475 34.5434 44.8261 -1.87717 27.3026 0.303077 -0.00265066 2.65783 -0.0676105 45.1772 -4.80505 14.1548 14.0666 11.3227 -2.93359 -0.0493182 -17.8001 -1.16824 0.00354073 -0.370762 0.00340605
1123.08 3158.09 986.101 -30.055 10.2033 -1.236 -0.0206644 -9.17095 -5.07391 -0.0559837 -0.454769 -7.6189 9.89477 9.18211 10.0764 20.3994 16.2229 6.38907 17.9763 8.59427 12.1401 0.0668686 0.290773 0.00482305 -5.20816 0.183281 -10.9089 -2.06504 4.30447 -56.515 78.3582 -7.64511 7.89283 0.0626281 0.355177 -0.000194117 1.35569e-08 7.68852e-08 3.18055e-15 -10.9208 0.270258 -4.86546 3.72238 -0.184625 72.2127 -82.4264 -17.1943 -9.788 -0.531967 3.01411 0.0139957 0.000192262 -0.00109037 1.82944e-09 -3.66787 -9.39359 3.29097 -5.43922 -3.70837 2.46219 -0.00337932 -0.0198447 -0.000430053 38.5111 -33.2711 20.4443 -52.8896 41.7811 41.4515 -3.66081 33.1038 0.0642753 0.00776427 2.70758 -0.217484 40.7084 -2.02833 14.611 13.1591 7.91888 -1.92013 -0.13429 -15.7089 -1.03737 0.000784742 -0.373548 0.00528703
1141.38 3144.16 985.435 -23.771 10.0397 -1.542 -0.0186058 -9.14481 -4.83925 -0.0545517 -0.450373 -7.26734 9.27743 9.25424 10.1675 19.1604 16.4192 6.62073 16.8843 8.75102 12.2239 0.0964175 0.410306 0.00267561 -3.48101 0.173928 -12.0424 -6.28539 4.3119 -57.0473 81.8132 -8.08229 8.52457 0.0751007 0.425909 -0.000279132 -1.58651e-07 -8.99756e-07 -6.36111e-15 -8.59557 0.267906 -6.98565 4.0822 -1.47034 73.1776 -80.247 -16.4355 -9.03722 -0.305201 1.73035 0.00460893 8.44382e-05 -0.000478873 3.52866e-10 -4.05526 -11.5539 2.56109 -5.89843 -5.20039 1.9396 -0.00121577 -0.0382996 -0.000549139 40.2015 -33.6534 20.5133 -40.1697 48.0067 31.1435 -5.18238 35.535 -1.45021 0.0317216 2.7081 -0.380191 35.9338 0.130055 15.2331 12.5943 4.85499 -1.11026 -0.136708 -12.9332 -0.917792 -0.00146655 -0.346605 0.00763151
1158.71 3131.78 985.52 -17.569 10.3513 -1.898 -0.0124153 -9.16149 -4.62877 -0.0536953 -0.443018 -6.94874 8.71981 9.22596 10.4457 18.0118 16.4189 7.07376 15.8686 8.66651 12.5589 0.106974 0.428956 -0.00169946 -2.12833 0.173028 -13.2707 -9.77264 4.62835 -57.8611 84.5377 -8.50834 9.06854 0.105397 0.597712 -0.000549756 -4.9844e-07 -2.82679e-06 -1.90833e-14 -6.55827 0.276643 -8.82743 4.12444 -2.96497 73.1513 -78.3269 -15.6614 -8.37427 -0.132446 0.751097 0.000868141 2.40565e-05 -0.000136431 2.86512e-11 -5.22971 -12.919 1.69645 -7.44051 -6.14703 1.32003 -0.00203624 -0.0729188 -0.000266544 42.2758 -33.7979 20.8294 -26.3653 48.9271 18.7203 -4.88371 33.9234 -3.17136 0.0473438 2.6208 -0.366074 32.0287 1.52242 15.9606 11.5482 2.79531 -0.47834 -0.0938285 -10.7831 -0.928888 -0.00212057 -0.300578 0.00791599
1175.06 3119.69 985.828 -12.531 10.9661 -2.274 -0.00660498 -9.22096 -4.45171 -0.0543104 -0.457318 -6.68017 8.33896 9.20964 10.8845 17.2089 16.4037 7.65153 15.1397 8.5459 13.0906 0.0921139 0.348338 -0.00386225 -0.897589 0.173376 -14.3335 -12.2947 4.70502 -58.6632 86.2595 -9.00128 9.48208 0.163948 0.929711 -0.00133018 -1.4035e-06 -7.95967e-06 -1.24042e-13 -4.36797 0.296531 -9.96843 3.44588 -4.72852 72.3024 -77.389 -15.1418 -8.1457 -0.0457453 0.259433 0.000103566 3.90631e-06 -2.21538e-05 7.21986e-13 -6.67361 -13.9733 0.681689 -9.38444 -6.86622 0.586173 -0.00298473 -0.0795501 -0.000138511 44.6832 -33.8649 21.2409 -17.3815 45.219 10.6508 -3.47037 29.4065 -3.94619 0.0418539 2.47369 -0.226557 29.3718 2.30646 16.636 9.55849 1.81136 -0.0652219 -0.0539905 -9.63298 -1.03141 -0.00140946 -0.254446 0.00599685
1190.39 3106 985.591 -9.246 11.6064 -2.521 -0.00308829 -9.2973 -4.30309 -0.0553902 -0.504157 -6.45585 8.20268 9.27778 11.3847 16.9126 16.5079 8.19444 14.8441 8.5779 13.6877 0.0682818 0.249538 -0.00253011 0.203391 0.132391 -14.9304 -13.6741 4.12752 -59.3209 86.9803 -9.67423 9.75928 0.255412 1.4482 -0.00322805 -4.08359e-06 -2.31592e-05 -8.46028e-13 -1.86013 0.288751 -10.2905 2.41041 -6.59839 71.0632 -77.6016 -15.0623 -8.34606 -0.0360702 0.204563 6.43908e-05 2.35708e-06 -1.33677e-05 2.77503e-13 -8.05236 -15.1447 -0.518563 -11.226 -7.6493 -0.2989 -0.00239766 -0.0498416 -0.000162329 46.9582 -34.142 21.2453 -11.3758 39.9246 6.02248 -2.44345 24.1304 -3.62822 0.0220553 2.35003 -0.0991798 27.2955 2.85071 17.068 7.04272 1.08741 0.230345 -0.0462297 -8.80962 -1.17424 -0.000280301 -0.227634 0.0050714
1205.05 3089.87 984.2 -7.522 12.1442 -2.521 -0.00144503 -9.36641 -4.18943 -0.0559734 -0.571618 -6.28505 8.29296 9.40971 11.8711 17.0967 16.7201 8.61901 14.9717 8.78097 14.2524 0.0556035 0.199473 -0.000290573 0.923101 0.0592859 -15.0644 -13.9367 2.80593 -59.7206 86.9125 -10.4642 9.87015 0.358247 2.03086 -0.00634975 -1.03e-05 -5.84143e-05 -5.23519e-12 0.76022 0.24571 -10.0075 1.80443 -8.43351 69.9361 -78.3363 -15.3784 -8.71707 -0.0811212 0.460051 0.000325679 4.88333e-06 -2.76948e-05 1.20225e-12 -9.42458 -16.3471 -1.96823 -13.0124 -8.44503 -1.3779 -0.000880357 0.0162811 -0.00101349 48.5866 -34.8792 20.5483 -4.89912 34.5888 2.10413 -2.09249 20.2046 -2.56405 0.00202251 2.30589 -0.0241116 24.9642 3.41433 17.2586 4.99888 -0.235255 0.499939 -0.0699898 -7.3445 -1.3054 0.00069004 -0.229983 0.00542116
1220.19 3072.14 981.569 -6.459 12.6433 -2.336 -0.00136991 -9.41763 -4.11467 -0.0565568 -0.639584 -6.1732 8.48738 9.54969 12.3234 17.5094 16.9635 8.95803 15.3068 9.06341 14.7633 0.057611 0.198548 0.000244362 1.08814 -0.00850595 -15.1152 -13.3801 0.874698 -59.6984 86.3881 -11.06 9.82286 0.422314 2.39365 -0.00882285 -1.92286e-05 -0.000109051 -1.82914e-11 3.07541 0.185988 -9.4826 2.24718 -10.1843 69.312 -78.9262 -15.6746 -9.01187 -0.124908 0.708351 0.000772132 6.82482e-06 -3.87055e-05 2.33453e-12 -11.0884 -17.2677 -3.78224 -15.1791 -9.02681 -2.71512 -0.000264093 0.127149 -0.00317459 49.1319 -36.022 19.2197 2.86321 29.2435 -1.69042 -1.96667 18.7803 -1.32623 -0.00694254 2.31966 0.00163572 21.9717 3.95657 17.4866 4.33564 -2.18844 0.67517 -0.104998 -4.87321 -1.2762 0.00133848 -0.255845 0.0042441
1237.41 3054.28 977.724 -5.098 13.2621 -2.158 -0.00217855 -9.44969 -4.07262 -0.0570744 -0.696997 -6.11121 8.63047 9.65519 12.7386 17.8196 17.1634 9.28642 15.5604 9.31719 15.2366 0.0611372 0.200283 -0.000685368 0.665683 -0.0549283 -15.4496 -12.0334 -1.29474 -59.0891 85.7282 -11.4854 9.7699 0.46058 2.61024 -0.0104933 -4.47896e-05 -0.000254015 -9.92842e-11 4.69063 0.113089 -9.07402 3.74437 -11.6795 69.3995 -79.3639 -15.6035 -9.16723 -0.124431 0.705646 0.000766245 6.26119e-06 -3.5509e-05 1.97671e-12 -13.2199 -17.8129 -5.94678 -17.995 -9.28506 -4.292 -0.0033525 0.234977 -0.00250372 48.3313 -37.3288 17.543 10.8166 23.6749 -4.52585 -1.59483 19.5177 -0.785517 -0.00336919 2.31765 -0.00565164 18.6335 4.19036 18.0505 5.2622 -3.87494 0.7509 -0.141178 -2.00981 -1.09184 0.00126185 -0.28935 0.00179896
1258.07 3037.16 972.924 -2.853 14.0892 -2.209 -0.00308733 -9.46925 -4.04609 -0.0568028 -0.749291 -6.07309 8.61862 9.72258 13.086 17.8014 17.2978 9.6217 15.536 9.49344 15.6484 0.058306 0.184939 -0.00108232 -0.188833 -0.0770953 -16.0631 -9.92861 -3.17877 -57.8874 85.2494 -12.0284 9.82885 0.525356 2.97672 -0.0136502 -0.00012397 -0.000703067 -7.60604e-10 5.32339 0.0266833 -8.94787 5.94776 -12.6478 70.1747 -79.8873 -15.3671 -9.25323 -0.106413 0.603476 0.000560411 2.66623e-06 -1.5121e-05 3.53042e-13 -15.6014 -18.12 -8.18415 -21.1608 -9.28908 -5.90848 -0.0091157 0.237246 0.00221554 45.958 -38.6282 15.7298 17.7487 18.424 -5.8564 -0.942698 20.8964 -1.15536 0.00264346 2.24526 -0.0210149 15.6599 3.84044 18.9889 6.98846 -4.02685 0.809753 -0.16941 0.269269 -0.990727 0.000443506 -0.314955 0.00153719
1282.71 3020.05 967.684 0.497 15.0108 -2.606 -0.00439035 -9.48081 -4.01306 -0.0565136 -0.799027 -6.0253 8.45184 9.78204 13.2648 17.4567 17.3935 9.85206 15.2368 9.60937 15.8672 0.0496668 0.163151 -0.000612567 -1.20422 -0.0723736 -16.4679 -7.88525 -4.15601 -56.658 85.2798 -12.7483 9.92384 0.62695 3.55099 -0.0194345 -0.000285921 -0.00162154 -4.04597e-09 4.88964 -0.0452497 -9.09288 8.39587 -12.8567 71.4574 -80.4677 -15.3322 -9.26079 -0.109282 0.619747 0.00059104 9.27713e-07 -5.26132e-06 6.99722e-14 -17.6789 -18.3733 -10.0168 -23.9024 -9.22117 -7.22992 -0.00875731 0.118841 0.00314631 42.0556 -39.8897 13.8859 23.0268 14.6695 -6.20834 -0.334007 21.7035 -1.7764 0.00292434 2.11383 -0.0250058 13.6339 3.06044 19.9953 8.06694 -1.90784 0.907613 -0.171217 1.18469 -1.06445 -0.000834813 -0.321681 0.00428283
1310.91 3001.31 962.612 4.838 15.7936 -3.269 -0.00599912 -9.48031 -3.97133 -0.0580904 -0.834159 -5.96411 8.21628 9.83771 13.1314 16.9719 17.4341 9.79693 14.8265 9.65241 15.7123 0.0309257 0.128812 -0.00130826 -2.01793 -0.0472844 -16.0569 -7.23008 -3.77462 -56.4081 85.9709 -14.1507 10.0073 0.856763 4.84717 -0.0362629 -0.000606026 -0.00343695 -1.81766e-08 3.60888 -0.0668068 -9.38694 10.5565 -12.276 72.9395 -80.5422 -15.5159 -9.04102 -0.126531 0.717557 0.000792332 2.59527e-06 -1.47185e-05 3.435e-13 -18.8161 -18.5202 -10.9127 -25.3877 -9.16984 -7.86887 0.0038799 0.0210444 0.0040701 37.429 -41.1062 12.2793 26.1889 13.4555 -6.4794 0.00857482 21.6411 -2.127 -0.00189032 1.9602 -0.0180531 13.1607 2.4268 20.5961 6.87001 2.41055 1.22714 -0.16627 0.495189 -1.15973 -0.00233678 -0.30984 0.00711679
1341.84 2979.72 958.359 9.981 16.2489 -4.006 -0.00585557 -9.4575 -3.92241 -0.0614765 -0.885349 -5.96548 7.99813 9.8536 12.6002 16.5284 17.3717 9.34555 14.4709 9.58313 15.0827 0.0052197 0.0789496 -0.0047885 -2.34924 -0.0358303 -14.57 -8.8896 -2.04771 -57.92 87.1127 -16.4033 10.1084 1.24827 7.04306 -0.0768215 -0.000980298 -0.00555955 -4.75603e-08 1.79543 -0.072244 -9.58432 12.0662 -11.2764 74.2028 -79.254 -15.5989 -8.40317 -0.120559 0.683693 0.000719307 3.84638e-06 -2.18139e-05 7.26757e-13 -18.8273 -18.1758 -10.6176 -25.4498 -8.93571 -7.63007 0.0148997 0.0474361 0.00482032 33.4872 -42.0942 11.507 26.6757 15.103 -6.96953 0.0932059 20.5344 -2.22773 -0.0059671 1.81134 -0.00840795 14.6547 2.43191 20.3511 2.25973 8.27965 2.27873 -0.225899 -1.1547 -1.17611 -0.00281933 -0.293036 0.00817409
1374.93 2954.97 955.24 15.683 16.3232 -4.663 -0.00172509 -9.39921 -3.84452 -0.0639826 -1.11505 -6.17522 7.8424 9.78046 11.7535 16.22 17.1888 8.56673 14.261 9.38218 14.0671 -0.00405237 0.0379227 -0.0119894 -2.38892 -0.0669834 -12.3942 -12.3793 0.609126 -60.8359 88.1873 -18.422 10.1614 1.60774 9.04096 -0.127118 -0.00114834 -0.00651254 -6.52629e-08 -0.335046 -0.185183 -9.41591 12.8299 -10.4988 74.8906 -76.0702 -15.5063 -7.28236 -0.099055 0.56175 0.000485591 3.0238e-06 -1.71488e-05 4.51639e-13 -18.335 -16.7738 -9.44492 -24.9556 -8.04726 -6.77363 0.00677469 0.0702224 -0.00466837 31.4506 -42.4189 12.1708 24.2161 18.95 -7.27608 0.0398188 18.081 -2.31185 -0.00620825 1.67745 -0.000849761 17.8721 2.94306 19.027 -5.54151 14.7816 4.69075 -0.400719 -2.55479 -1.17252 -0.000411411 -0.288841 0.00795498
1410.05 2927.61 953.44 21.408 16.0376 -5.231 0.00465556 -9.29234 -3.7104 -0.0654223 -1.75982 -6.65853 7.77107 9.64361 10.8483 16.0966 16.9842 7.69158 14.2219 9.13429 12.9402 0.0197354 0.0048746 -0.0244456 -2.62394 -0.135647 -10.4113 -16.0388 3.41747 -63.7113 88.7692 -21.0236 10.0883 2.07615 11.6103 -0.211098 -0.00111632 -0.00633094 -6.1674e-08 -2.62491 -0.501405 -8.68676 13.0173 -10.5141 74.8918 -71.2048 -15.2218 -5.93208 -0.0779752 0.442211 0.000300909 1.5682e-06 -8.8937e-06 1.11319e-13 -18.4301 -14.0675 -8.15514 -25.3168 -6.22492 -5.86418 -0.0181972 -0.0957381 -0.0063555 31.0499 -41.6116 13.9026 19.5979 23.6092 -6.98857 -0.0244431 14.4879 -2.4836 -0.00508936 1.55234 0.00468597 21.9385 3.25922 16.8354 -15.1231 21.0777 8.74867 -0.653456 -2.47125 -1.20798 0.00496775 -0.314188 0.00704673
1446.47 2898.61 953.465 26.47 15.4044 -5.748 0.0085209 -9.12711 -3.50507 -0.0666559 -2.90647 -7.29517 7.80032 9.58564 10.1379 16.1932 16.9728 6.92201 14.3559 9.05328 11.9723 0.0576943 -0.0897734 -0.0388087 -3.42784 -0.200589 -9.26335 -18.4119 5.54744 -65.5049 88.7823 -21.8866 9.95481 2.23838 12.4896 -0.244968 -0.000934006 -0.00529701 -4.31745e-08 -4.83303 -0.988078 -7.36602 12.8549 -11.4635 74.348 -65.7736 -14.6972 -4.85838 -0.0547463 0.310479 0.000148332 3.68326e-07 -2.08888e-06 1.90833e-14 -19.8144 -10.5706 -7.29347 -27.4273 -3.80861 -5.15395 -0.0485197 -0.366407 0.000675496 30.791 -39.6047 15.3808 14.6792 27.6879 -6.20757 0.00247048 10.8842 -2.73717 -0.00496567 1.42835 0.00767008 25.8673 2.62993 14.2385 -24.8411 26.7998 14.4427 -0.841521 -0.331522 -1.26318 0.00940011 -0.371561 0.00532139
1482.54 2869.26 955.801 30.277 14.4693 -6.178 0.00789203 -8.93814 -3.25056 -0.065514 -4.31197 -7.87018 7.9333 9.74309 9.69156 16.4739 17.2998 6.30339 14.6353 9.31014 11.2654 0.0714063 -0.30725 -0.041653 -4.69593 -0.19876 -8.8353 -19.0073 6.63015 -66.2688 88.3925 -15.4895 9.85331 1.11043 6.27201 -0.0608406 -0.000273459 -0.00155086 -3.70097e-09 -6.64442 -1.50131 -5.72466 12.5772 -12.8417 73.6593 -61.3426 -14.0995 -4.44383 -0.0314104 0.178137 4.88287e-05 -5.63868e-08 3.19785e-07 4.77083e-15 -22.031 -7.31931 -6.84306 -30.6822 -1.58188 -4.49141 -0.0644097 -0.449443 -0.00622227 29.7849 -36.8109 15.7459 11.308 30.3951 -5.50619 0.102733 8.58893 -2.95896 -0.00501941 1.29662 0.00622849 29.2452 0.630369 11.6805 -33.5609 32.1022 21.4633 -0.801872 3.2221 -1.27032 0.0087447 -0.438107 0.00291197
1516.64 2841.22 960.162 32.685 13.3794 -6.488 0.00434943 -8.82143 -2.99678 -0.0619519 -5.52779 -8.2573 8.13985 10.1213 9.4214 16.8091 17.9278 5.78342 14.9642 9.90899 10.7756 0.0511722 -0.582254 -0.0281335 -5.77233 -0.120475 -8.45377 -18.3287 6.75837 -66.7524 87.7607 -10.7781 9.78905 0.312634 1.77246 -0.0048361 -1.63146e-05 -9.25247e-05 -1.31643e-11 -7.99007 -1.906 -4.30498 12.6134 -13.8549 73.3701 -59.0718 -13.6802 -4.62328 -0.0134188 0.0761015 8.91154e-06 -6.14775e-08 3.48656e-07 -2.22639e-14 -23.8163 -5.36624 -6.56933 -33.2972 -0.317453 -3.89684 -0.0504573 -0.246012 -0.00548555 28.1515 -33.7007 15.195 10.4324 31.5703 -5.47785 0.168728 7.83027 -3.06888 -0.00352258 1.14741 -0.000564008 32.2251 -2.62805 9.50102 -40.5268 37.0998 28.7336 -0.637201 6.90362 -1.25272 0.00327432 -0.477786 0.00471907
1548.18 2816.12 965.158 34.11 12.4016 -6.728 -4.8882e-05 -8.86037 -2.77774 -0.0589065 -6.28209 -8.47126 8.36355 10.586 9.24568 17.0876 18.6747 5.33683 15.2365 10.6785 10.4343 0.0231917 -0.792395 -0.0114323 -6.02658 -0.0285372 -7.57979 -17.1588 6.21966 -67.5784 86.953 -9.57361 9.78438 0.136062 0.771599 -0.000916185 -2.28254e-06 -1.29449e-05 -2.57625e-13 -9.10913 -2.16331 -3.59013 13.3494 -14.0357 73.8469 -59.031 -13.5438 -5.03588 -0.003802 0.0215622 7.15407e-07 -1.72399e-08 9.77723e-08 -1.43125e-14 -24.1808 -5.15251 -6.29545 -33.819 -0.269699 -3.56069 -0.0314539 0.0653175 0.00854372 26.388 -30.5515 14.4631 11.7847 31.353 -6.20835 0.157414 7.48585 -3.15097 -0.000972581 0.979766 -0.00905084 35.1777 -6.64429 7.97419 -44.061 42.0726 33.7505 -0.945617 9.50156 -1.37192 -0.00364345 -0.455105 0.0184235
1577.75 2794.79 969.178 34.995 11.7653 -6.97 -0.00327814 -9.05321 -2.60416 -0.0576173 -6.61444 -8.58571 8.56979 10.9812 9.13887 17.3475 19.3401 4.98004 15.4443 11.3926 10.2046 0.00815683 -0.892212 -0.00272504 -5.26623 0.0247494 -6.20215 -15.9892 5.36152 -68.6541 86.0913 -9.44961 9.84748 0.144581 0.819904 -0.0010345 -2.04007e-06 -1.15698e-05 -1.79701e-13 -10.2307 -2.29528 -3.63997 14.6942 -13.4972 75.0385 -60.2241 -13.5955 -5.34654 -0.000955312 0.00541784 4.51668e-08 -2.27384e-09 1.28957e-08 9.54166e-15 -22.9078 -6.27259 -5.86861 -31.9438 -1.13269 -3.39166 -0.0231149 0.321105 0.0126492 24.8008 -27.4633 14.0512 14.0286 30.056 -7.10986 0.100049 6.25258 -3.23429 0.000624131 0.798916 -0.0118233 38.5648 -10.6486 7.33798 -41.4983 47.1905 33.0547 -2.27045 10.3845 -1.76269 -0.0108903 -0.356122 0.0375334
1605.99 2776.68 971.277 35.495 11.5205 -7.186 -0.00381216 -9.29758 -2.47333 -0.057106 -6.72057 -8.67486 8.76652 11.2157 9.08225 17.7494 19.7856 4.71395 15.7012 11.8875 10.0455 0.0046158 -0.922108 -0.00111881 -3.76541 0.0362161 -4.68899 -15.1722 4.5556 -69.563 85.4441 -9.60824 9.85542 0.191858 1.08795 -0.00182158 -5.19564e-06 -2.9466e-05 -1.32311e-12 -11.3836 -2.33847 -4.1066 16.0542 -12.8235 76.492 -61.2709 -13.6677 -5.38257 -0.00207976 0.0117949 2.1407e-07 -4.17515e-10 2.36783e-09 1.59028e-15 -20.4178 -7.8129 -5.17337 -28.3454 -2.29105 -3.07591 -0.0152953 0.483556 0.00796368 23.4948 -24.4539 13.9637 15.654 28.1845 -7.48543 0.0328837 3.80921 -3.22815 0.000306231 0.624736 -0.00661139 42.8173 -13.9539 7.59827 -31.9058 50.6161 25.1687 -3.80257 9.64004 -2.28756 -0.0194878 -0.196668 0.0385314
1632.71 2760.52 971.235 35.65 11.5728 -7.221 -0.00399763 -9.45614 -2.38269 -0.057135 -6.75833 -8.77986 8.97224 11.2696 9.03768 18.3667 19.9457 4.51731 16.1032 12.0903 9.90621 0.00420629 -0.935831 -0.00104668 -2.15282 0.0256673 -3.48825 -14.8113 4.0619 -70.1346 85.27 -9.41432 9.71632 0.172049 0.975643 -0.00146488 -4.94242e-06 -2.80298e-05 -1.21179e-12 -12.4483 -2.32683 -4.58729 16.7395 -12.6215 77.6579 -61.316 -13.6627 -5.20858 -0.00464764 0.026358 1.06904e-06 3.25625e-11 -1.84704e-10 -7.95139e-15 -17.3309 -8.92 -4.31628 -23.9853 -3.11908 -2.54449 -0.00631687 0.534896 0.000795658 22.7433 -21.5441 13.9471 15.6518 26.3089 -7.04636 -0.0127733 0.75302 -3.15522 -0.000916939 0.491805 -0.00032454 47.9989 -16.3524 8.57364 -19.6534 49.6755 14.2239 -3.95288 7.62583 -2.60494 -0.0246088 -0.0175814 0.0228398
1657.64 2745.4 969.212 35.734 11.7316 -6.908 -0.00706147 -9.4564 -2.33395 -0.0592261 -6.75429 -8.90008 9.16344 11.1993 8.94912 19.0285 19.8552 4.35964 16.5657 12.0437 9.76379 0.00571845 -0.940372 -0.00021174 -1.1367 0.000532 -2.80446 -14.581 3.90596 -70.6204 85.6256 -8.85254 9.55222 0.0917633 0.520401 -0.000416733 -1.36792e-06 -7.75786e-06 -8.74653e-14 -13.3334 -2.29118 -4.94729 16.3236 -13.0771 78.1566 -60.5807 -13.6309 -5.02638 -0.00755859 0.0428669 2.82755e-06 9.92156e-09 -5.6268e-08 -6.36111e-15 -14.1434 -9.31319 -3.60287 -19.5598 -3.39472 -2.07173 0.000705951 0.463585 -0.00912688 22.4112 -18.7774 13.6187 13.9083 24.7597 -5.9403 -0.0238772 -2.23284 -3.13051 -0.00178575 0.41352 0.00124518 53.4109 -17.946 10.0048 -10.6854 44.2005 6.09196 -2.64842 4.87234 -2.54182 -0.0208681 0.130878 0.0144823
1681.07 2731.18 965.353 36.325 11.8654 -6.201 -0.0104608 -9.32703 -2.31059 -0.0641563 -6.68352 -9.02084 9.27868 11.0853 8.80491 19.4619 19.6274 4.22202 16.8954 11.8626 9.63344 0.0110751 -0.920428 0.00102437 -1.28975 -0.049729 -2.53702 -13.9074 3.94021 -71.3826 86.2732 -8.2721 9.52793 0.0174213 0.098801 -1.50207e-05 -1.28381e-07 -7.28087e-07 -1.27222e-14 -14.1304 -2.26754 -5.25304 14.8464 -13.9125 77.7904 -60.0782 -13.6907 -4.92748 -0.0126715 0.0718637 7.94668e-06 4.02774e-08 -2.28424e-07 -3.97569e-15 -11.3235 -9.26875 -3.28379 -15.6846 -3.34687 -1.92211 0.00351348 0.312836 -0.0126993 21.4387 -16.3681 12.6948 11.5423 23.5571 -4.71067 -0.0265607 -5.05115 -3.15054 -0.00314648 0.361947 0.00320489 57.8208 -18.9509 11.6622 -6.18722 35.6034 2.02392 -0.992671 1.8575 -2.2811 -0.0128979 0.229428 0.0124286
1704.06 2718.33 959.951 37.767 12.0185 -5.209 -0.00805605 -9.17999 -2.2821 -0.0695675 -6.54906 -9.13147 9.30591 10.9939 8.64779 19.5772 19.4058 4.08998 17.0045 11.6897 9.53598 0.0184578 -0.879723 0.00210091 -2.83943 -0.121964 -2.46499 -12.336 3.95811 -72.4134 86.7866 -7.74827 9.69102 -0.0365104 -0.20706 -6.59723e-05 2.31403e-07 1.31235e-06 3.18055e-15 -15.1076 -2.27617 -5.38684 12.6403 -14.7048 76.4636 -60.8187 -13.8602 -4.97036 -0.0160812 0.0912008 1.27987e-05 8.87778e-08 -5.03484e-07 1.19271e-14 -9.33768 -9.26933 -3.4167 -12.9726 -3.35532 -2.12624 0.00308342 0.163568 -0.00754764 18.7326 -14.5811 11.2702 9.97869 22.672 -3.92682 -0.0416941 -8.0695 -3.122 -0.00529618 0.281794 0.011513 60.2137 -19.6 13.3461 -4.30583 25.3875 0.504389 0.157225 -1.29106 -2.03414 -0.00707463 0.289168 0.0095637
1727.99 2707.12 953.41 39.695 12.2812 -4.071 -0.000583596 -9.13304 -2.22567 -0.0723482 -6.37829 -9.22519 9.31565 10.967 8.50181 19.5553 19.2731 3.9308 16.996 11.5994 9.45681 0.0219437 -0.846389 0.00238832 -5.43438 -0.168589 -2.3743 -9.6932 3.69342 -73.2774 86.6187 -7.01858 10.0277 -0.117605 -0.666939 -0.000684484 1.23874e-06 7.02522e-06 -6.36111e-14 -16.4589 -2.28933 -4.91615 10.0574 -15.2853 74.1751 -62.9915 -14.0409 -5.27232 -0.00805627 0.0456894 3.21216e-06 9.24173e-08 -5.24124e-07 -2.3059e-14 -8.37041 -9.61129 -3.91403 -11.6533 -3.6147 -2.56562 0.001276 0.0663415 -0.00245319 14.3202 -13.4273 9.69181 9.7382 22.2218 -3.77967 -0.0466971 -11.6129 -3.03136 -0.00573037 0.128482 0.0223476 60.3357 -20.2171 14.7097 -2.96141 15.3868 0.0881072 0.533945 -4.53819 -1.86343 -0.00396133 0.317963 0.00520483
1753.84 2697.44 945.789 41.294 12.6438 -2.851 0.00467433 -9.21421 -2.13784 -0.071653 -6.19821 -9.29133 9.3996 10.998 8.3452 19.6684 19.2043 3.70894 17.0532 11.5261 9.35313 0.0177368 -0.841297 0.00197782 -8.29874 -0.149702 -2.03331 -6.24982 2.91846 -73.52 85.4103 -6.46322 10.3455 -0.170232 -0.965342 -0.0014341 3.06603e-06 1.73883e-05 -4.77083e-13 -18.0983 -2.24815 -3.51702 7.29066 -15.7923 71.1259 -65.8063 -14.1429 -5.80142 0.010163 -0.0576374 5.11182e-06 6.96103e-08 -3.9478e-07 -3.97569e-15 -8.16873 -10.3178 -4.62768 -11.3614 -4.10172 -3.12616 -0.00084109 0.0219427 -0.000330467 9.86524 -12.6512 8.32079 10.0613 22.4613 -3.94443 -0.0139726 -15.6646 -2.9805 -0.00202957 -0.0875182 0.0254983 59.0185 -21.1132 15.4983 -1.01799 7.48807 -0.00559458 0.390135 -7.51372 -1.74266 -0.00150903 0.31606 4.87522e-05
1782.13 2688.9 936.956 42.01 12.9661 -1.561 0.0058279 -9.36646 -2.04902 -0.0687041 -6.02543 -9.31719 9.57513 11.0508 8.15473 19.9887 19.1485 3.44913 17.2414 11.357 9.21657 0.00860682 -0.855785 0.00127787 -10.6592 -0.0879971 -1.25918 -2.78383 1.69349 -73.1901 83.4414 -6.3711 10.2633 -0.15965 -0.905342 -0.00126136 2.79258e-06 1.58375e-05 -3.89618e-13 -19.7569 -2.13277 -1.47664 4.29576 -16.4246 67.7211 -68.1157 -14.1736 -6.35065 0.020535 -0.11646 2.08698e-05 9.21087e-08 -5.22374e-07 -1.51076e-14 -8.22884 -11.2686 -5.39975 -11.4052 -4.72262 -3.72109 -0.00254087 0.0103465 4.01128e-05 7.78615 -11.8738 7.35294 9.49266 23.4936 -3.73765 0.0153166 -19.6949 -3.07857 0.00412792 -0.315951 0.0157055 57.7312 -22.2294 15.7454 1.4475 2.70923 -0.0493846 0.154218 -9.52819 -1.62785 -4.29632e-05 0.288129 -0.00388703
1812.84 2680.79 927.384 42.001 13.1209 -0.242 0.00639668 -9.52424 -2.00142 -0.0649915 -5.87813 -9.31204 9.74099 11.0749 7.97744 20.2842 19.0748 3.27312 17.4267 11.031 9.11123 -0.00191935 -0.879061 0.000668012 -12.025 -0.0225434 -0.183242 -0.0247964 0.338383 -72.8718 81.4669 -6.65246 9.65976 -0.104265 -0.591296 -0.000538016 1.07257e-06 6.08283e-06 -4.77083e-14 -21.1924 -1.9875 0.243263 1.05863 -17.2136 64.4919 -69.0345 -14.1454 -6.73195 0.0117725 -0.0667649 6.85903e-06 4.22319e-08 -2.39509e-07 6.36111e-15 -8.0806 -12.2313 -6.11507 -11.1523 -5.34115 -4.2786 -0.00335225 0.0208753 0.000318859 9.3328 -10.8873 6.6781 7.04338 25.1992 -2.6339 -0.0264541 -22.9808 -3.26672 0.00832677 -0.51386 0.000438427 57.5963 -23.1764 15.7129 3.43456 0.813002 -0.0643952 0.0529777 -10.0162 -1.52616 -2.1403e-05 0.249983 -0.00441954
1845.52 2672.29 918.603 41.916 13.1532 0.994 0.00831201 -9.65979 -2.0028 -0.0613792 -5.78033 -9.3065 9.75538 11.0108 7.91044 20.2101 18.9684 3.32209 17.3857 10.6066 9.11706 -0.0142176 -0.912474 0.000189522 -12.4002 0.032829 0.786853 1.97804 -0.827332 -73.1937 80.1026 -6.97533 8.90855 -0.052951 -0.300297 -0.000138763 2.27662e-07 1.29114e-06 1.59028e-15 -22.3436 -1.87383 0.640503 -2.05654 -18.0713 61.9125 -68.1999 -13.9656 -6.83823 0.0042392 -0.0240417 8.89398e-07 -1.68426e-09 9.55204e-09 1.35174e-14 -7.48326 -12.974 -6.70631 -10.26 -5.82737 -4.73782 -0.00434136 0.0562479 0.000882319 13.7553 -9.92819 5.98953 2.77405 27.5212 -0.602949 -0.104067 -25.1882 -3.38973 0.00844496 -0.6621 -0.00879517 58.8195 -23.551 15.7148 3.78947 0.711778 -0.0488691 0.0768208 -8.86446 -1.51848 -9.17312e-05 0.222918 -0.00279928
1879.42 2663.15 912.692 42.276 13.2163 2.08 0.0108102 -9.78639 -2.03303 -0.0586693 -5.74306 -9.3211 9.51254 10.815 8.01059 19.5279 18.8181 3.65981 16.9432 10.2253 9.2503 -0.0268939 -0.943229 -0.000846802 -12.1256 0.0658914 1.22311 3.85826 -1.7713 -74.1368 79.3496 -7.13555 8.42961 -0.0314367 -0.178286 -4.89103e-05 1.4321e-08 8.12184e-08 -1.11319e-14 -23.2361 -1.82324 -0.416949 -4.30541 -19.1034 60.0767 -65.6182 -13.63 -6.54735 0.0140413 -0.0796321 9.75759e-06 -5.49502e-08 3.11638e-07 1.23246e-14 -6.47253 -13.3246 -7.24369 -8.75438 -6.0779 -5.14259 -0.0062175 0.0953241 0.00112722 18.882 -9.67942 5.11832 -2.19755 30.7819 1.88403 -0.11508 -26.6312 -3.40723 0.00582789 -0.763244 -0.00889875 60.5865 -23.3385 15.7387 2.35477 1.31823 -0.010098 0.136589 -6.41742 -1.61389 0.000340433 0.214158 -0.00189035
1913.5 2654.07 911.009 43.085 13.3772 3.088 0.0134654 -9.91954 -2.07713 -0.0574086 -5.75429 -9.35314 8.99056 10.5187 8.23576 18.2678 18.6361 4.17499 16.0851 10.0046 9.42531 -0.0302311 -0.934391 -0.00206176 -11.5475 0.0586092 0.994693 6.42176 -2.76179 -74.8808 78.7338 -7.14018 8.30973 -0.0324712 -0.184153 -5.21825e-05 9.04414e-09 5.12918e-08 1.59028e-15 -23.7151 -1.83199 -2.07257 -5.17069 -20.5658 58.7719 -61.5829 -13.362 -5.77483 0.0160669 -0.09112 1.2776e-05 -9.84474e-08 5.58323e-07 -3.18055e-15 -5.31125 -13.2193 -7.87297 -7.02522 -6.04796 -5.61234 -0.00886032 0.135383 4.34414e-05 22.4509 -10.801 4.24204 -6.40403 35.5156 4.14082 -0.0486645 -27.8044 -3.40529 0.00287606 -0.827608 -0.00467883 61.5593 -22.9475 15.3751 0.354689 1.95657 0.0336883 0.165469 -3.21413 -1.68542 0.00028069 0.208342 -0.00247409
1947.02 2646.12 912.953 43.987 13.4808 4.153 0.0183897 -10.0391 -2.13588 -0.0578021 -5.7844 -9.38587 8.26729 10.2408 8.45345 16.6889 18.5125 4.62984 14.9424 9.99487 9.50189 -0.0188351 -0.881522 -0.000898057 -10.8553 0.0180378 0.433845 10.0244 -3.93792 -74.5453 77.8629 -7.04699 8.41202 -0.049091 -0.278406 -0.000119269 8.39595e-08 4.76158e-07 1.27222e-14 -23.4442 -1.8864 -3.33216 -4.66919 -22.5089 58.0499 -56.9264 -13.2353 -4.76446 -0.00320838 0.0181956 5.09449e-07 -9.24364e-09 5.24233e-08 7.95139e-16 -4.46449 -12.7104 -8.69234 -5.77492 -5.74823 -6.22822 -0.0143758 0.239599 -0.0047646 23.4873 -13.3221 3.52422 -8.90922 41.8355 5.74309 0.0100632 -28.4687 -3.48187 0.00114175 -0.867535 -0.00088913 60.6416 -22.7485 14.0708 -0.535901 2.26786 0.055066 0.148652 0.214712 -1.6657 -0.0014195 0.177631 -0.00263138
1979.5 2639.72 916.352 44.724 13.2738 5.36 0.0264862 -10.1018 -2.21475 -0.0608511 -5.7786 -9.40088 7.46334 10.106 8.53032 15.0845 18.5476 4.86274 13.6762 10.1693 9.39891 -0.00274558 -0.836911 0.00266197 -9.87201 -0.0270424 -0.00637674 13.9171 -5.0028 -72.9899 76.8344 -6.99762 8.42892 -0.0615559 -0.349096 -0.000187527 2.34995e-07 1.33272e-06 1.74931e-14 -22.2614 -1.96771 -3.92345 -3.00206 -24.6299 58.4847 -52.9266 -13.1105 -4.0343 -0.0229229 0.130002 2.60057e-05 8.93836e-08 -5.0692e-07 1.51076e-14 -4.35939 -11.8256 -9.67427 -5.65086 -5.14371 -6.9592 -0.0231498 0.401258 -0.00663238 22.5294 -16.6688 2.74959 -9.61408 49.0003 6.6637 -0.0181791 -27.6153 -3.59807 0.00081004 -0.899881 0.00139127 57.0675 -22.7976 11.3257 0.791679 2.16984 0.0328556 0.102323 3.29075 -1.62539 -0.00451176 0.103133 -6.89174e-05
2010.22 2634.41 919.174 45.32 12.6677 6.652 0.0321633 -10.0661 -2.30473 -0.0667876 -5.66905 -9.39264 6.69712 10.176 8.42008 13.678 18.7492 4.881 12.4277 10.4384 9.15142 0.00531413 -0.844987 0.00456232 -8.22857 -0.0534668 0.00212261 16.6366 -5.54214 -71.103 76.0851 -7.19957 8.20285 -0.0375228 -0.212801 -6.96816e-05 6.01256e-08 3.40989e-07 1.27222e-14 -20.4935 -2.04768 -4.25624 -0.283411 -26.3232 60.5534 -50.7205 -12.9467 -3.84987 -0.025281 0.143375 3.16312e-05 1.16547e-07 -6.60968e-07 -1.59028e-15 -4.95913 -10.597 -10.5621 -6.61659 -4.22615 -7.59391 -0.0260224 0.458961 0.000473686 20.9373 -20.0424 1.68052 -9.1959 55.364 7.06095 -0.176674 -24.2749 -3.5728 0.00169244 -0.939967 0.00195495 50.4693 -22.7106 7.0168 4.4784 1.77321 -0.0329977 0.0433981 5.35305 -1.63667 -0.00689538 -0.00407751 0.00428666
2037.91 2629.66 920.868 45.984 11.9015 7.868 0.0276126 -9.91256 -2.37843 -0.0723936 -5.41792 -9.38909 6.02202 10.4023 8.19065 12.4977 19.0376 4.83059 11.2513 10.6855 8.89916 0.00429787 -0.887833 0.00292393 -5.83301 -0.0503563 0.622906 17.2912 -5.54123 -70.2375 75.8408 -7.72274 7.97973 0.0290219 0.164591 -4.16851e-05 -1.10002e-07 -6.23853e-07 1.59028e-15 -18.7718 -2.11327 -4.6685 3.15106 -27.1581 63.6164 -50.5189 -12.8148 -3.97264 -0.0135033 0.0765809 9.02417e-06 3.0232e-08 -1.71454e-07 1.39149e-14 -5.67901 -9.16105 -11.0563 -7.78686 -3.14304 -7.90011 -0.0202158 0.351031 0.00585579 19.9455 -22.9848 0.479478 -8.38131 59.3161 6.95149 -0.431106 -18.5081 -3.35904 0.00302784 -0.990817 0.000655131 41.6641 -21.9059 1.94271 9.64755 1.24533 -0.107375 -0.0110531 5.92475 -1.70973 -0.00633709 -0.110324 0.00582522
2060.92 2625.69 922.285 46.818 11.422 8.865 0.0143572 -9.65789 -2.40537 -0.0733304 -5.04397 -9.45535 5.42358 10.6651 7.99558 11.441 19.3357 4.87047 10.1464 10.8538 8.82415 -7.39652e-05 -0.920173 0.000517077 -3.01916 -0.0255136 1.68951 16.064 -5.37747 -71.045 76.0903 -8.29128 8.0237 0.090894 0.515471 -0.000408875 -2.22272e-07 -1.26057e-06 1.27222e-14 -17.5232 -2.17535 -5.0073 6.34765 -27.5778 66.0638 -51.3083 -12.7553 -4.03166 -0.00154375 0.00875502 1.17945e-07 4.42173e-09 -2.50767e-08 -5.1684e-15 -5.85774 -7.77346 -11.0368 -8.15891 -2.14779 -7.82272 -0.0170964 0.231183 0.00302733 19.9241 -25.652 -0.437852 -7.42469 60.1976 6.29752 -0.632448 -11.515 -3.14123 0.00348637 -1.04021 -0.0010242 32.8296 -20.4418 -2.3818 14.8752 0.791341 -0.163703 -0.0334799 4.88704 -1.84589 -0.00346271 -0.192103 0.00309024
2078.5 2623.21 924.151 47.66 11.5314 9.547 0.0042515 -9.34093 -2.37367 -0.0686975 -4.63297 -9.64484 4.87221 10.8794 7.99865 10.4214 19.6222 5.09813 9.10657 10.9696 9.05534 -0.00546195 -0.929527 -0.000535064 -0.318588 0.00556246 2.76502 13.8555 -5.46895 -73.039 76.8824 -8.51408 8.28038 0.0937687 0.531773 -0.000435146 -3.82999e-07 -2.1721e-06 -1.59028e-14 -16.5539 -2.24008 -4.97683 8.21426 -28.675 66.8051 -51.5335 -12.7068 -3.90214 0.00280948 -0.0159333 3.90642e-07 1.31958e-10 -7.48478e-10 -1.51076e-14 -5.3493 -6.64949 -10.6709 -7.49327 -1.39526 -7.53533 -0.0176101 0.18393 -0.000208648 20.2645 -28.3126 -0.816839 -6.971 58.124 5.90931 -0.464172 -4.5646 -3.13695 0.00273074 -1.07677 -0.000218458 26.4538 -19.1852 -4.8195 18.6849 0.682626 -0.224151 -0.0150757 2.40173 -2.0462 -0.00088727 -0.261194 -0.000898626
2091.56 2622.75 925.92 48.344 12.2428 9.89 0.00398066 -9.01206 -2.29543 -0.0622569 -4.29222 -9.94789 4.355 11.0144 8.25355 9.39177 19.8796 5.5327 8.10691 11.0698 9.56771 -0.0102169 -0.926106 -0.000637259 1.88652 0.0277078 3.3785 11.6893 -6.05389 -75.0818 78.2273 -8.33227 8.49483 0.0442371 0.250879 -9.685e-05 -1.63287e-07 -9.26049e-07 3.18055e-15 -15.2157 -2.31249 -4.5521 8.19923 -31.2051 66.0932 -50.0471 -12.5509 -3.56426 -0.00159414 0.00904082 1.25771e-07 2.47587e-09 -1.40413e-08 3.97569e-15 -4.56579 -5.85534 -10.2818 -6.38648 -0.885474 -7.27928 -0.0128205 0.136764 -0.00017753 19.6745 -30.892 -0.883023 -7.4229 53.4385 6.45049 0.196483 1.65007 -3.36828 0.000868004 -1.09847 0.00547024 23.8012 -18.9482 -5.19507 20.0737 1.17315 -0.35003 0.020368 -1.30626 -2.21929 0.000709539 -0.356483 -0.00320536
2101.79 2624.02 926.412 48.853 13.3727 10.01 0.00636023 -8.72594 -2.2073 -0.0579008 -4.07381 -10.2836 3.8841 11.104 8.64614 8.39141 20.0608 6.08282 7.15291 11.1529 10.1355 -0.0113719 -0.913306 -0.000556549 3.57283 0.0304095 3.29756 10.2436 -7.108 -76.1175 79.9487 -8.07916 8.57749 0.00218183 0.0123738 -2.35597e-07 -4.94211e-08 -2.80281e-07 1.59028e-14 -13.0936 -2.42031 -3.84793 6.60761 -35.2294 64.9769 -46.4673 -12.2306 -2.88937 -0.0159219 0.0902977 1.25464e-05 4.8227e-08 -2.73509e-07 1.98785e-15 -3.91425 -5.50186 -10.0711 -5.46036 -0.66777 -7.17515 -0.00467878 0.0819332 0.00034047 17.0834 -33.0776 -1.30578 -7.81196 46.5363 6.95335 0.775591 6.72001 -3.54416 -0.00239044 -1.11606 0.0166863 24.1481 -19.7824 -4.10533 19.1409 2.35621 -0.616888 0.0542379 -6.0109 -2.25426 0.00223625 -0.508529 -0.00157378
2110.42 2625.81 925.298 49.272 14.7289 10.174 -0.00133483 -8.52462 -2.15598 -0.0559633 -3.9707 -10.5512 3.47061 11.2271 8.95331 7.51196 20.1448 6.55695 6.30228 11.1763 10.4379 -0.00810852 -0.890144 -0.000456783 4.94432 0.0106928 2.8925 9.65148 -8.27779 -75.9302 81.7634 -7.99224 8.68188 -3.53579e-05 -0.000200525 -6.18841e-11 -7.06478e-09 -4.00663e-08 -1.11319e-14 -10.3806 -2.58025 -2.69309 4.29846 -40.4733 64.2273 -40.9898 -11.687 -1.84911 -0.0323674 0.183564 5.18493e-05 2.48962e-07 -1.41194e-06 -7.55382e-15 -3.29191 -5.76708 -10.028 -4.57581 -0.876919 -7.21622 0.00621082 0.0427772 -0.000281957 12.6008 -34.7018 -2.62398 -7.45461 38.4091 6.37337 0.671509 9.9494 -3.43094 -0.00619988 -1.14545 0.0236007 25.6698 -21.3055 -2.52482 17.0301 4.0479 -1.01527 0.0557313 -11.4385 -2.23551 0.00249095 -0.715472 0.00220734
2117.66 2626.61 923.697 49.642 16.2135 10.679 -0.0223062 -8.42044 -2.16639 -0.0548634 -3.94481 -10.7028 3.14614 11.4328 8.96019 6.84146 20.2001 6.74317 5.64324 11.1706 10.273 -0.00375345 -0.86461 -0.000135412 6.11299 -0.0224866 2.87899 9.45362 -9.1168 -75.1081 83.4873 -7.90859 8.86832 0.00820982 0.0465602 -3.33577e-06 -9.09865e-09 -5.1601e-08 1.43125e-14 -7.84657 -2.73358 -0.613876 2.14125 -46.6287 63.837 -34.2752 -10.847 -0.713727 -0.037302 0.211549 6.8864e-05 5.96938e-07 -3.38541e-06 2.74323e-14 -2.25056 -6.80326 -9.94455 -3.08081 -1.65673 -7.26809 0.0213392 0.0249928 -0.000372436 7.5104 -35.8664 -4.78092 -6.48479 30.7072 4.72663 0.142685 10.5873 -3.29002 -0.00768691 -1.19017 0.0161842 26.6739 -23.2408 -1.43511 15.3461 5.85387 -1.48619 -0.0532326 -17.4249 -2.38383 -0.00115822 -0.946675 0.002179
2123.43 2625.3 923.332 49.963 17.7483 11.648 -0.0409409 -8.39682 -2.2397 -0.0545736 -3.94747 -10.7412 2.93064 11.726 8.60413 6.41961 20.3451 6.57021 5.21249 11.279 9.69064 -0.00143546 -0.842725 0.000280634 7.13809 -0.0537321 3.63622 8.95794 -9.40617 -74.4185 85.1754 -7.69549 9.1128 0.008855 0.0502192 -3.88066e-06 7.87712e-10 4.46747e-09 -7.95139e-15 -6.52427 -2.80395 2.56787 0.856886 -53.4109 63.4768 -27.2393 -9.76792 0.13645 -0.0290933 0.164996 4.18904e-05 6.2371e-07 -3.53723e-06 1.27222e-14 -0.581839 -8.61644 -9.51599 -0.690189 -3.03526 -7.06992 0.0272015 0.0690243 0.000651269 3.36194 -36.8002 -7.23648 -4.97785 24.8755 2.75699 -0.149588 8.75578 -3.49252 -0.00513651 -1.24387 0.00301124 26.1786 -25.4402 -1.47649 15.5181 7.53359 -2.12175 -0.288307 -23.6418 -2.74829 -0.00721331 -1.15886 -0.00338825
2128.24 2621.62 925.154 50.356 19.2283 12.872 -0.0371496 -8.42584 -2.36149 -0.0558918 -3.93456 -10.683 2.79527 12.0552 7.99542 6.20543 20.6618 6.14303 4.97335 11.6514 8.91802 -0.000522684 -0.81869 0.00064398 8.05623 -0.0696528 4.96154 7.75444 -9.26412 -74.3124 86.9108 -7.44996 9.4414 0.0257277 0.145909 -3.27589e-05 1.60575e-08 9.10665e-08 -1.11319e-14 -7.16084 -2.81052 6.23092 1.27695 -60.3622 63.5274 -20.9567 -8.67152 0.429276 -0.0163481 0.0927144 1.3227e-05 3.10716e-07 -1.76216e-06 1.39149e-14 1.35072 -10.8876 -8.52692 2.03903 -4.74187 -6.3846 0.0152582 0.143371 0.000246377 0.462716 -37.6355 -9.55297 -2.81779 21.4647 1.16265 -0.121713 5.26371 -3.83237 -0.00126793 -1.29037 -0.00404686 24.1085 -27.6354 -2.64033 17.8782 9.03622 -3.0602 -0.461323 -29.2103 -2.97419 -0.0100274 -1.31 -0.00762248
2133.15 2616.12 928.653 50.981 20.5293 13.932 -0.014362 -8.48902 -2.5064 -0.0573147 -3.86902 -10.5453 2.704 12.3506 7.32119 6.12846 21.1538 5.63206 4.88292 12.3347 8.17974 5.95912e-06 -0.79065 0.0009116 8.7286 -0.0621347 6.20158 5.96146 -9.15403 -74.5855 88.5355 -7.03356 9.8139 0.0344362 0.195297 -5.86892e-05 -4.06027e-08 -2.30269e-07 -0 -9.86479 -2.80409 9.2001 5.49917 -66.7456 66.2666 -16.5552 -7.8517 0.215094 -0.00671941 0.0381077 2.23455e-06 7.81624e-08 -4.43281e-07 1.08338e-14 2.94588 -13.137 -6.98415 4.22799 -6.36387 -5.21358 -0.000713577 0.171088 -0.000329027 -2.4724 -38.1114 -11.8479 0.144138 20.0722 -0.0638966 -0.0656014 0.892329 -3.85593 0.000598659 -1.31171 0.000122729 21.2015 -29.3431 -4.31617 21.0683 10.1425 -4.10381 -0.40889 -32.6806 -2.76856 -0.00947412 -1.37142 -0.00861906
2138.92 2609.48 932.368 51.778 21.5501 14.517 0.00418319 -8.58386 -2.64904 -0.0567868 -3.73914 -10.346 2.64658 12.5986 6.76359 6.16623 21.751 5.15253 4.96191 13.1915 7.58382 -0.000247083 -0.765488 0.00115912 8.93675 -0.0343059 6.82631 4.02532 -9.5187 -74.754 -90 6.2197 -170 -179.824 0.142808 -159.879 -3.79802e-07 -2.15396e-06 4.77083e-15 -13.9181 -2.77751 10.6173 16.1795 -71.5041 74.9258 -14.4455 -7.43467 -0.155632 -0.00153878 0.00872683 1.17187e-07 8.22956e-09 -4.6672e-08 2.33572e-15 3.98277 -15.0086 -5.04442 5.59072 -7.65143 -3.74474 -0.0104718 0.181959 0.00173015 -6.73974 -37.7359 -14.4485 3.92354 19.6463 -1.24666 -0.0854472 -3.56351 -3.54197 0.00135505 -1.30125 0.0077842 19.0413 -30.1757 -5.5192 22.6557 10.4722 -4.64495 -0.318989 -32.8167 -2.43425 -0.0102 -1.34161 -0.0117528
2145.6 2602.3 935.09 52.399 22.2603 14.611 0.0093673 -8.69681 -2.7701 -0.0555718 -3.5791 -10.1221 2.66324 12.8217 6.42117 6.34861 22.37 4.73462 5.26535 14.0239 7.16748 -0.00113246 -0.743305 0.00147418 8.40436 0.00250919 6.68105 2.67585 -10.6763 -74.3556 90.4926 -4.74438 10.2185 -0.198935 -1.12807 -0.00195844 -8.46556e-08 -4.80106e-07 -4.77083e-15 -18.1677 -2.72329 10.5037 31.3565 -73.5858 88.1651 -14.1957 -7.35986 -0.361585 0.000536951 -0.0030452 1.42691e-08 2.20295e-10 -1.24937e-09 3.57812e-15 4.72619 -16.4064 -2.85273 6.54194 -8.58806 -2.12911 -0.0137716 0.250001 0.00499427 -12.3602 -36.2867 -17.2904 8.2691 19.2061 -2.49012 -0.113154 -7.43099 -3.24965 0.00259534 -1.2591 0.0111846 19.2412 -30.0829 -5.46292 20.8815 9.72588 -4.1752 -0.367133 -29.7181 -2.26946 -0.012205 -1.24973 -0.0156348
2152.72 2595.14 936.697 52.537 22.7406 14.407 0.00974588 -8.7939 -2.86701 -0.0558827 -3.45316 -9.92571 2.77493 13.0574 6.29882 6.63716 22.9667 4.41565 5.70865 14.7373 6.97275 -0.00156118 -0.715836 0.0016107 7.00665 0.0293005 5.71282 2.70321 -12.8717 -72.9523 90.4943 -4.50949 10.1999 -0.184968 -1.04889 -0.00169311 -4.5192e-08 -2.56297e-07 1.59028e-14 -21.8843 -2.68276 9.30723 43.3482 -73.3393 98.4116 -15.1677 -7.52609 -0.321129 0.000587424 -0.00333145 1.70778e-08 7.80285e-11 -4.4246e-10 6.55989e-15 5.56502 -17.561 -0.446846 7.64746 -9.35443 -0.385726 -0.00828761 0.358368 0.00465106 -17.9929 -34.1945 -19.7264 12.6145 18.4472 -3.71163 -0.091654 -10.5893 -3.18145 0.00340408 -1.18692 0.00998203 21.5394 -29.2921 -4.42726 16.5328 7.96413 -2.94497 -0.378483 -24.6086 -2.06526 -0.0109355 -1.14254 -0.0142488
2159.65 2588.64 937.941 52.296 23.1629 14.097 0.00997214 -8.84802 -2.94725 -0.0570208 -3.40442 -9.79534 2.89578 13.3209 6.34826 6.84073 23.5355 4.26853 6.05015 15.3399 7.008 -0.00108707 -0.681277 0.00119796 5.09793 0.0344534 3.95742 4.32766 -15.9571 -70.4174 -90 4.91624 -170 179.998 0.47976 -159.893 -2.30518e-07 -1.30733e-06 1.27222e-14 -24.8249 -2.69328 7.24931 48.4776 -71.9507 101.798 -16.9635 -7.85579 -0.155927 -0.000151889 0.000861404 1.14177e-09 -1.58646e-11 9.00307e-11 -1.28216e-14 6.66797 -18.8594 2.18174 9.1233 -10.1998 1.51991 0.00610601 0.419109 0.000784333 -22.1385 -32.3601 -21.1622 16.0382 17.6596 -4.71019 -0.0197393 -13.4331 -3.21603 0.00213369 -1.09042 0.00635655 23.746 -28.297 -3.46387 12.4114 5.84966 -1.74744 -0.240156 -19.0344 -1.66515 -0.00593169 -1.05558 -0.00856083
2165.87 2583.2 939.717 52.161 23.6958 13.763 0.0110714 -8.852 -2.99823 -0.0573013 -3.42952 -9.74461 2.891 13.5796 6.47945 6.72057 24.0677 4.33996 6.03392 15.8547 7.19833 -0.000358668 -0.652105 0.000608324 3.3525 0.0220492 1.52627 7.08367 -19.3694 -66.9763 89.0521 -4.51201 9.95137 -0.138203 -0.783739 -0.000945242 -1.13423e-08 -6.43254e-08 -6.36111e-15 -26.9662 -2.75358 4.32193 48.91 -69.6746 100.408 -19.5896 -8.32401 -0.0522459 -0.000707921 0.00401482 2.48026e-08 -4.73744e-11 2.68695e-10 -5.06901e-15 7.99417 -20.5109 4.95939 10.8543 -11.2475 3.5599 0.0207443 0.416801 -0.000157986 -24.4795 -31.3399 -21.6476 17.5208 17.2408 -5.20281 0.0854506 -16.5634 -3.19863 -0.000669976 -0.986157 0.00170331 23.8678 -27.652 -3.28136 10.6017 4.23039 -1.07067 -0.0768787 -14.1238 -1.24951 -0.00163981 -0.997993 -0.00379126
2170.79 2578.74 942.396 52.627 24.4644 13.384 0.0193354 -8.81876 -2.98714 -0.0568565 -3.49454 -9.7547 2.68027 13.771 6.60808 6.17183 24.4952 4.60662 5.5525 16.2192 7.42689 -0.000101453 -0.646925 0.000605724 2.41637 0.0119725 -1.29126 9.96844 -22.2826 -63.4014 88.3507 -5.34348 9.82986 0.00763481 0.0432992 -2.88486e-06 1.57071e-07 8.90794e-07 1.27222e-14 -28.5047 -2.84959 0.647288 47.9906 -66.2528 97.6037 -22.9531 -8.88032 -0.182577 -0.000143765 0.00081533 1.0229e-09 -2.31831e-11 1.3139e-10 5.56597e-15 9.52129 -22.3392 7.70522 12.7651 -12.3683 5.60682 0.0289876 0.42769 0.00269977 -25.5585 -31.1325 -21.5658 16.6793 17.2756 -5.03122 0.179745 -20.1493 -3.14615 -0.00241791 -0.898169 -0.00166912 21.9743 -27.6572 -3.70398 10.8851 3.4652 -0.876395 0.00746848 -10.191 -0.941768 -0.000159666 -0.962771 -0.0018478
2173.85 2574.83 945.543 53.876 25.5025 12.899 0.0359159 -8.76783 -2.89799 -0.0566023 -3.56482 -9.78873 2.27881 13.8316 6.70441 5.27009 24.7208 4.99406 4.70033 16.3471 7.61986 -0.000298773 -0.671651 0.00103568 2.53506 0.0228099 -3.98904 11.8749 -24.1536 -60.8587 88.2049 -4.90589 9.81606 -0.0752991 -0.427034 -0.000280609 9.35872e-07 5.30759e-06 -4.92986e-14 -29.8141 -2.9768 -3.35767 47.5206 -61.9167 95.107 -26.5441 -9.43081 -0.556286 0.000708911 -0.00402043 2.48721e-08 1.03594e-10 -5.87498e-10 7.95139e-16 11.2324 -23.9704 10.1535 14.8605 -13.3074 7.45386 0.032441 0.455545 0.00328816 -26.0037 -31.505 -21.268 14.1688 17.5384 -4.32489 0.196629 -23.5367 -3.1884 -0.0020625 -0.851551 -0.00238849 19.9353 -28.3019 -3.94363 11.5936 3.32903 -0.877211 0.0207259 -7.28948 -0.715265 -3.16231e-05 -0.942841 -0.00140211
2174.9 2571.2 948.338 55.682 26.6816 12.322 0.0473244 -8.71057 -2.75348 -0.0572528 -3.61391 -9.81865 1.75947 13.7561 6.78126 4.16175 24.7062 5.42215 3.63721 16.2372 7.78929 -1.33841e-05 -0.706778 0.000932224 3.49435 0.0407332 -6.12287 12.4645 -25.1235 -59.9541 88.5777 -3.44992 9.88539 -0.341264 -1.93466 -0.00576214 2.53415e-06 1.43719e-05 -3.26007e-13 -31.2519 -3.10732 -7.19186 47.975 -57.2535 93.0824 -29.91 -9.93234 -0.983208 -0.000380726 0.0021592 7.17384e-09 5.66651e-10 -3.21366e-09 -1.35174e-14 13.0679 -25.2038 12.0527 17.1126 -13.9533 8.90092 0.0304781 0.416831 -0.00137347 -26.1238 -32.2393 -20.9574 11.205 17.8597 -3.43939 0.144613 -25.916 -3.34136 -0.00169683 -0.863214 -0.00286254 19.0333 -29.3433 -3.55707 11.8028 3.42247 -0.873334 0.00529553 -5.66152 -0.576913 -8.99866e-05 -0.937031 -0.00167691
2174.17 2567.94 949.79 57.359 27.7188 11.919 0.0398997 -8.65381 -2.60669 -0.0603818 -3.59982 -9.82236 1.21609 13.5912 6.8412 2.98875 24.4753 5.81349 2.53507 15.9602 7.97469 0.00470793 -0.707832 -0.00107593 4.95774 0.0288079 -7.3276 12.2092 -25.5819 -60.4382 89.174 17.659 9.95401 -4.2613 -22.7924 -0.863726 8.91063e-05 0.000505347 -3.92959e-10 -32.7588 -3.18689 -10.4218 49.1455 -52.78 91.1811 -33.0098 -10.4008 -1.31922 -0.00393419 0.0223119 7.6602e-07 1.90146e-09 -1.07837e-08 9.54166e-15 14.9774 -26.1159 13.2453 19.4641 -14.4027 9.82903 0.0198892 0.276165 -0.00542715 -25.7146 -33.2254 -20.7238 8.8747 18.3122 -2.73801 0.104581 -26.8603 -3.45193 -0.00320065 -0.934034 -0.00566989 18.7865 -30.4459 -3.07456 12.2506 3.6128 -0.898184 -0.0270072 -5.70966 -0.554747 -4.9418e-05 -0.9412 -0.00178331
2172.23 2565.27 949.112 58.031 28.2907 12.129 0.020348 -8.60066 -2.50052 -0.067328 -3.46756 -9.78112 0.769128 13.4044 6.82593 1.93579 24.1017 6.06675 1.59816 15.6148 8.13994 0.0163436 -0.650263 -0.0036453 6.61988 -0.024404 -7.33188 11.7982 -25.7742 -61.5568 89.6919 55.5018 9.99176 -17.5137 -59.5533 -10.0943 0.000289749 0.00164325 -4.155e-09 -33.8377 -3.19727 -12.5931 50.5901 -48.9875 89.3863 -36.0308 -10.851 -1.61932 -0.00750206 0.0425463 2.78542e-06 3.98003e-09 -2.25719e-08 7.95139e-16 16.8718 -26.8691 13.7391 21.7889 -14.8021 10.2533 0.00588716 0.113881 -0.0038542 -24.4971 -34.2861 -20.6821 7.65819 19.0187 -2.41631 0.102861 -26.4333 -3.47067 -0.00521238 -1.04981 -0.00798314 18.1848 -31.311 -3.46387 13.9328 3.93139 -1.05793 -0.0787749 -7.57861 -0.583921 0.000491885 -0.941676 -0.000474373
2169.74 2563.2 946.692 57.288 28.2524 13.15 0.00652316 -8.55366 -2.43508 -0.0754403 -3.1883 -9.68567 0.525626 13.2639 6.66135 1.24795 23.71 6.06936 1.02873 15.2949 8.15984 0.024913 -0.593204 -0.00339624 8.22215 -0.0788568 -6.21091 11.58 -25.7694 -62.5409 -90 1.91352 -170 179.257 3.71127 -159.954 1.36404e-06 7.73585e-06 -7.4743e-14 -34.2346 -3.1659 -13.3568 52.0785 -46.4029 88.099 -38.9382 -11.2432 -1.98845 -0.00653704 0.0370734 2.11491e-06 4.0309e-09 -2.28604e-08 7.15625e-15 18.5716 -27.4544 13.8113 23.8756 -15.1364 10.3695 -0.0023153 0.0121204 -0.00092541 -22.4543 -35.2265 -20.8948 7.30856 19.8672 -2.4161 0.0967521 -25.0598 -3.49121 -0.00528078 -1.18204 -0.00695867 17.3941 -31.7495 -4.8917 16.3844 4.28299 -1.31824 -0.120696 -10.5376 -0.570936 0.00137454 -0.924577 0.00151746
2167.36 2561.42 943.877 55.594 27.733 14.642 0.0032433 -8.51918 -2.384 -0.0779533 -2.7992 -9.54158 0.527299 13.2124 6.33915 1.07888 23.4368 5.80963 0.921821 15.071 7.93551 0.0200378 -0.619884 -0.00225648 9.54138 -0.0885965 -4.39081 11.3566 -25.5706 -63.1801 90.5634 4.28559 10.115 -1.80336 -9.96478 -0.164315 4.97909e-06 2.82378e-05 -1.22769e-12 -34.2698 -3.1215 -12.8136 53.4678 -45.3275 87.5787 -41.3824 -11.5251 -2.38269 -0.000564885 0.00320362 1.57924e-08 1.72781e-09 -9.79891e-09 -1.59028e-15 19.7779 -27.777 13.8615 25.3713 -15.3062 10.4449 -0.00406061 -0.0320464 7.93788e-05 -19.7515 -35.998 -21.1412 7.31929 20.5206 -2.5387 0.0685336 -23.1316 -3.53401 -0.00333367 -1.29826 -0.00404854 17.738 -31.7994 -6.37084 17.9546 4.47698 -1.49741 -0.125868 -13.2013 -0.531153 0.00184302 -0.887314 0.00256571
2165.92 2559.5 942.073 54.027 27.0542 15.954 0.00309215 -8.49554 -2.31977 -0.072538 -2.39038 -9.38061 0.69752 13.2533 5.93453 1.31024 23.3576 5.41436 1.14697 14.9773 7.49339 0.00921162 -0.717094 -0.00335454 10.3614 -0.0588475 -2.38527 10.8776 -25.2675 -63.7723 91.0102 -3.97029 10.2 -0.372861 -2.05001 -0.00880581 2.3868e-07 1.35362e-06 -1.59028e-14 -34.3554 -3.09015 -11.5551 54.4686 -45.6014 87.6641 -42.9578 -11.692 -2.65215 0.00431536 -0.0244736 9.21645e-07 5.36906e-10 -3.04506e-09 -6.36111e-15 20.2657 -27.8963 14.1569 25.9816 -15.3347 10.6686 -0.00529565 -0.0501279 2.49667e-06 -16.8729 -36.5197 -21.0466 7.46983 20.6181 -2.66439 0.0382059 -20.8992 -3.55286 -0.00110801 -1.37325 -0.000754394 19.5024 -31.6227 -7.09319 17.6716 4.31112 -1.40923 -0.109503 -14.3576 -0.507776 0.00147548 -0.839666 0.0022926
2165.96 2557.11 941.858 53.462 26.5392 16.673 0.000498713 -8.46699 -2.2329 -0.0645333 -2.03949 -9.24926 0.864588 13.3167 5.54929 1.61882 23.4346 5.03603 1.43214 14.9884 6.96544 0.00371764 -0.810079 -0.00426562 10.5928 -0.0293535 -0.501326 10.2249 -24.9909 -64.7058 91.1191 1.81411 10.2233 -1.41641 -8.01409 -0.0974773 2.1671e-05 0.000122902 -2.32435e-11 -34.4971 -3.08465 -10.3021 54.6543 -46.5689 87.8609 -43.5414 -11.7664 -2.73708 0.00397986 -0.0225709 7.83906e-07 -2.15991e-11 1.22491e-10 -1.03368e-14 20.1392 -27.956 14.6638 25.8115 -15.3303 11.0331 -0.00731551 -0.0501957 -0.000164682 -14.3636 -36.6867 -20.4534 7.77327 20.0638 -2.75721 0.0230072 -18.506 -3.54394 0.000163238 -1.39775 0.00265751 21.2148 -31.2818 -7.34505 16.2162 3.7376 -1.03312 -0.0912346 -13.8006 -0.483893 0.00073581 -0.7958 0.00142575
2167.32 2554.34 942.588 53.954 26.281 16.86 -0.00254822 -8.4195 -2.13863 -0.0592725 -1.78323 -9.17665 0.908831 13.3332 5.23422 1.75889 23.5802 4.75149 1.57739 15.0484 6.49715 0.00291555 -0.869647 -0.00312897 10.3195 -0.016909 1.23103 9.67639 -24.7795 -66.123 90.7723 7.62506 10.1572 -2.50697 -14.0142 -0.303131 0.000143085 0.000811475 -1.01326e-09 -34.2893 -3.0808 -9.44834 53.7392 -47.4744 87.7783 -43.4626 -11.7733 -2.71002 0.00148991 -0.0084497 1.09862e-07 -1.82723e-11 1.03725e-10 -7.95139e-15 19.7545 -28.0601 15.157 25.3017 -15.3772 11.3897 -0.00618525 -0.0305829 -0.000166887 -12.4629 -36.5087 -19.5771 8.1489 19.1403 -2.7667 0.016553 -15.9882 -3.58108 0.000681756 -1.38229 0.00497842 21.6205 -30.8059 -7.73745 14.8461 2.97124 -0.539506 -0.0671324 -12.5186 -0.42344 0.000266635 -0.763586 0.000673686
2169.29 2551.73 943.576 54.893 26.1804 16.837 -0.00369375 -8.35678 -2.06067 -0.0573204 -1.62186 -9.15431 0.847383 13.3165 4.98467 1.75192 23.7375 4.53035 1.59388 15.1358 6.15386 0.0023872 -0.908119 -0.00148844 9.7284 -0.0106871 2.78967 9.44152 -24.6311 -67.6474 -90 6.37828 -170 179.791 0.471538 -159.979 4.29967e-07 2.43847e-06 -2.70347e-14 -33.5312 -3.05102 -8.90349 52.126 -48.014 87.5901 -43.1941 -11.7528 -2.65764 8.70039e-05 -0.000493424 3.74617e-10 2.94837e-11 -1.67285e-10 -1.82882e-14 19.4569 -28.252 15.535 24.8926 -15.496 11.6716 -0.00187234 -0.00304288 -2.74645e-05 -11.3213 -36.1068 -18.9073 8.46033 18.2925 -2.68449 0.0153751 -13.3386 -3.72439 0.000816948 -1.34848 0.00451334 21.1089 -30.313 -8.29878 13.8751 2.28527 -0.114165 -0.0418048 -11.6138 -0.356624 0.000159881 -0.744197 0.000318631
2171.01 2549.89 944.771 55.582 26.1271 16.889 -0.00302516 -8.28912 -2.01451 -0.0566537 -1.53455 -9.14091 0.807148 13.3065 4.75302 1.79924 23.8792 4.28155 1.64753 15.266 5.89466 0.00101496 -0.933533 -0.000607521 9.10672 -0.00486607 3.98657 9.40671 -24.5321 -68.6401 89.435 4.26389 9.90795 -1.98835 -11.2153 -0.190651 6.34333e-05 0.000359748 -1.99136e-10 -32.6553 -2.99299 -8.40892 50.7608 -48.2973 87.7774 -43.0735 -11.7432 -2.63301 6.5993e-05 -0.000374265 2.15528e-10 1.19532e-10 -6.77901e-10 -1.19271e-14 19.3455 -28.4657 15.865 24.7236 -15.623 11.9247 0.00164561 0.0152828 3.71816e-05 -10.9934 -35.6923 -18.8057 8.64527 17.8259 -2.58766 0.0240002 -10.5996 -3.94261 0.000629711 -1.31876 0.00219171 21.3239 -30.0761 -8.41993 12.3683 1.92903 0.122737 -0.0249501 -11.5423 -0.318857 0.000247988 -0.73814 0.000443974
2172.17 2549 946.289 55.715 26.0377 17.087 -0.00106413 -8.21351 -2.00039 -0.056352 -1.49562 -9.09481 0.910881 13.3256 4.49434 2.04851 24.0038 3.94695 1.86656 15.4612 5.6294 -0.000453884 -0.950614 -0.000594336 8.74978 -0.00703233 4.63122 9.23947 -24.4272 -68.7492 89.1448 -3.9506 9.85845 -0.588207 -3.30871 -0.0151522 1.61214e-06 9.14287e-06 -1.08139e-13 -32.3255 -2.91734 -7.82658 50.4017 -48.5629 88.5763 -43.1199 -11.7444 -2.64398 0.000883074 -0.00500816 3.85943e-08 2.66715e-10 -1.5125e-09 2.54444e-14 19.3401 -28.583 16.3004 24.7067 -15.662 12.2499 0.00238058 0.0207267 -2.47224e-05 -11.4339 -35.2884 -19.292 8.84631 17.6442 -2.57267 0.0391497 -7.86682 -4.12662 0.000314319 -1.3036 0.000403212 23.2071 -30.211 -7.70413 9.49346 2.02302 0.147754 -0.0118055 -12.1315 -0.292851 0.000432841 -0.745379 0.00101888
2173.13 2548.47 948.009 55.352 25.8272 17.393 0.00232828 -8.1197 -2.00671 -0.0562996 -1.48126 -9.0037 1.16056 13.366 4.22037 2.47558 24.1055 3.54056 2.23123 15.6994 5.30022 -0.00122207 -0.962726 -0.000689252 8.8514 -0.0192775 4.7222 8.782 -24.3276 -68.0721 89.2482 -14.788 9.87234 1.26449 7.27499 -0.0771276 4.85651e-07 2.75426e-06 -1.74931e-14 -32.8119 -2.8484 -7.12972 51.1833 -48.964 89.7402 -43.0707 -11.7248 -2.65667 0.00216677 -0.0122884 2.32357e-07 2.80255e-10 -1.58936e-09 -4.77083e-15 19.3606 -28.4777 16.9032 24.75 -15.5251 12.6815 0.000923177 0.0166747 -0.000100425 -12.3858 -34.7288 -20.1525 9.4048 17.4436 -2.72046 0.0461929 -5.31578 -4.18168 8.21482e-05 -1.29716 -9.13387e-05 25.8277 -30.4351 -6.67418 5.81541 2.38528 0.0635514 0.00528904 -12.814 -0.255308 0.000510125 -0.759078 0.00128052
2174.07 2547.66 949.42 54.741 25.4725 17.777 0.00531625 -8.00092 -2.01744 -0.0562417 -1.47674 -8.89079 1.45269 13.3975 3.96126 2.93724 24.1394 3.1192 2.60112 15.8863 4.90682 -0.000880322 -0.967331 -0.000509802 9.41508 -0.0303346 4.41423 8.18988 -24.3792 -66.9306 89.3823 -26.5898 9.88278 3.42884 18.8968 -0.563893 3.82721e-05 0.000217052 -7.24928e-11 -33.7476 -2.79834 -6.31089 52.4579 -49.5243 90.6625 -42.6988 -11.6632 -2.63615 0.00328038 -0.018604 5.32571e-07 1.59893e-10 -9.06724e-10 -7.95139e-15 19.3126 -28.0658 17.5253 24.7483 -15.173 13.1086 -0.00144868 0.00863352 -8.07213e-05 -13.2189 -34.0415 -21.0188 10.223 17.1181 -2.96601 0.0354669 -3.19419 -4.13674 5.15611e-05 -1.28644 -0.000391993 27.814 -30.5168 -6.0976 2.55886 2.77353 -0.0143655 0.021706 -13.1667 -0.213809 0.000318777 -0.76618 0.000628839
2174.69 2546.75 950.223 54.174 25.0895 18.198 0.00535752 -7.86017 -2.01991 -0.05618 -1.47655 -8.79558 1.66587 13.4013 3.72712 3.28869 24.0644 2.74729 2.83538 15.9246 4.49262 -3.09802e-05 -0.966596 -0.000233338 10.2112 -0.030153 3.95404 7.79023 -24.7413 -65.6278 88.8924 -67.02 9.62275 16.4973 58.2375 -9.21757 0.000476884 0.00270454 -1.12552e-08 -34.4592 -2.74398 -5.2921 53.2726 -50.2647 90.8589 -42.0585 -11.5753 -2.5754 0.00335547 -0.0190298 5.5723e-07 -1.24487e-11 7.05868e-11 3.97569e-15 19.1425 -27.4423 18.0078 24.6286 -14.6915 13.4253 -0.00272081 0.00422823 -0.00010374 -13.7243 -33.4187 -21.7444 10.6738 16.8275 -3.1133 0.0178065 -1.78452 -4.03951 8.29006e-05 -1.26011 -0.00252776 28.5779 -30.493 -6.21173 0.715027 3.03332 -0.047555 0.0311427 -12.8816 -0.173146 6.58994e-05 -0.762059 -0.000169059
2174.34 2546.63 950.715 53.839 24.8891 18.603 0.00323975 -7.70741 -2.01141 -0.0563422 -1.47645 -8.74008 1.7377 13.3596 3.50267 3.46481 23.8698 2.45013 2.8917 15.767 4.10426 0.000384129 -0.967159 -4.71674e-05 10.9802 -0.0231273 3.56907 7.78141 -25.4536 -64.3235 88.5193 -13.3868 9.72998 1.05427 6.01475 -0.0542693 5.83122e-06 3.30705e-05 -1.68251e-12 -34.5771 -2.64493 -4.05251 53.0873 -51.0734 90.2767 -41.5295 -11.5167 -2.49987 0.00195994 -0.0111154 1.90114e-07 -5.23487e-11 2.96807e-10 -0 18.9281 -26.7912 18.3526 24.4653 -14.2085 13.6469 -8.27714e-05 0.0141061 -0.000202532 -14.4002 -33.0382 -22.5132 10.0804 16.85 -2.9892 0.00747929 -1.5533 -3.80081 -0.000172205 -1.21528 -0.00748518 28.1571 -30.5466 -6.79233 0.826917 3.1382 -0.0867963 0.0317835 -11.8536 -0.143782 -0.000127089 -0.756673 -0.000979083
2172.7 2548.07 951.501 53.774 25.0291 18.935 0.00144056 -7.54404 -1.99622 -0.0566646 -1.4704 -8.71173 1.69472 13.2591 3.25876 3.4931 23.5978 2.19087 2.83137 15.4477 3.74789 0.000299517 -0.969574 -8.34685e-07 11.6146 -0.020096 3.40318 8.02606 -26.4111 -63.1162 87.6861 -7.63601 9.59306 0.0605391 0.34333 -0.000181383 6.64164e-09 3.76666e-08 -4.77083e-15 -34.2612 -2.48336 -2.76741 52.0163 -51.6518 89.2076 -41.5487 -11.541 -2.45939 -6.81414e-05 0.000386449 2.29799e-10 9.18989e-11 -5.21176e-10 -1.59028e-15 18.8879 -26.2951 18.8065 24.5156 -13.8175 13.9616 0.00827307 0.053703 0.000395026 -15.6729 -33.0137 -23.474 7.97667 17.308 -2.44957 0.0211611 -2.96764 -3.3752 -0.00070283 -1.15458 -0.0129091 26.5728 -30.8363 -7.6297 2.97577 3.26849 -0.225408 0.0178846 -10.638 -0.204908 -0.000374942 -0.764941 -0.00231283
2170.26 2550.8 952.947 53.854 25.462 19.16 0.000398799 -7.37456 -1.97501 -0.0567837 -1.45757 -8.67399 1.61582 13.1254 2.98696 3.46214 23.3522 1.92079 2.76894 15.0924 3.40424 0.000196647 -0.970155 3.46825e-05 12.1588 -0.0247423 3.61987 8.10729 -27.482 -62.2913 87.0318 -7.52207 9.48712 0.0310133 0.175885 -4.76018e-05 1.17831e-08 6.6825e-08 -6.36111e-15 -33.9272 -2.29365 -1.65293 50.7148 -51.786 88.1297 -42.2605 -11.6492 -2.50612 -0.00106196 0.00602267 5.58142e-08 1.84386e-10 -1.04571e-09 1.03368e-14 19.3122 -26.0563 19.7197 25.1394 -13.5351 14.6206 0.0212534 0.133165 0.00161889 -17.4434 -33.295 -24.5803 4.6013 18.0441 -1.48438 0.0697901 -6.18652 -2.98463 -0.00104594 -1.08291 -0.0141808 23.7155 -31.2481 -8.79824 6.81838 3.52078 -0.505184 -0.00810305 -10.0641 -0.382396 -0.000482863 -0.790682 -0.00295064
2167.89 2553.74 954.788 54.034 25.9923 19.24 -0.000693884 -7.21565 -1.94202 -0.0566033 -1.44832 -8.59431 1.57085 13.0183 2.69664 3.45495 23.2311 1.61006 2.79736 14.8454 3.03204 0.000285931 -0.964721 0.000282854 12.6457 -0.028953 4.27388 7.60339 -28.6778 -62.2 86.7459 -7.25831 9.44758 -0.0240795 -0.136561 -2.86961e-05 5.77129e-08 3.27306e-07 -3.18055e-15 -33.9712 -2.13808 -0.815308 49.7747 -51.5788 87.324 -43.3798 -11.7944 -2.63018 -0.000489397 0.00277551 1.18536e-08 1.53179e-10 -8.68829e-10 -7.95139e-15 20.2508 -26.0104 21.2016 26.4006 -13.2827 15.6924 0.0327812 0.21365 0.000574457 -19.3209 -33.6561 -25.6511 0.925055 18.7201 -0.316107 0.117815 -10.8261 -2.93045 -0.000906916 -1.01123 -0.00964698 20.1606 -31.5511 -10.1708 11.1731 3.82531 -0.85944 -0.0284137 -10.5779 -0.563848 -0.000187647 -0.823283 -0.00189265
2166.25 2555.82 956.337 54.456 26.4558 19.134 -0.00284232 -7.08639 -1.90011 -0.0563238 -1.46794 -8.46157 1.58712 12.9851 2.39436 3.50098 23.2634 1.25878 2.94885 14.78 2.58551 0.000597465 -0.945628 0.000927254 12.9405 -0.0256745 5.23859 6.53618 -30.1529 -62.8428 86.7072 -6.98906 9.46199 -0.0707913 -0.401471 -0.000248018 1.39277e-07 7.89881e-07 2.06736e-14 -34.5079 -2.05414 -0.193673 49.0674 -51.3621 86.6005 -44.499 -11.9358 -2.76388 0.000558944 -0.00316993 1.5462e-08 7.94089e-11 -4.50288e-10 1.59028e-15 21.3776 -26.035 22.9573 27.8785 -13.0055 16.9587 0.0323948 0.215659 -0.0024692 -21.1578 -33.7577 -26.5544 -1.90001 19.0654 0.6618 0.105996 -16.0168 -3.21782 -0.00052092 -0.953907 -0.00312471 17.1231 -31.7171 -11.233 14.4483 4.1272 -1.16161 -0.0311713 -12.0199 -0.653347 0.000209072 -0.853502 -0.000401305
2165.58 2556.72 956.948 55.252 26.8015 18.813 -0.006161 -7.00048 -1.86591 -0.056392 -1.54134 -8.2831 1.66827 13.026 2.08921 3.61382 23.3975 0.89036 3.22121 14.8621 2.07441 0.00101706 -0.907053 0.00197252 12.8318 -0.0216322 6.25018 5.51571 -32.2138 -63.656 86.4591 -7.11372 9.4814 -0.0339361 -0.19246 -5.69968e-05 -9.38948e-07 -5.32504e-06 -2.8625e-14 -35.3225 -2.03363 0.353724 47.782 -51.3657 85.4869 -45.4926 -12.0715 -2.86689 0.00103047 -0.00584408 5.25531e-08 7.79109e-11 -4.419e-10 7.95139e-15 22.26 -25.9632 24.4905 29.0369 -12.6811 18.0564 0.0188464 0.135944 -0.00327651 -23.0971 -33.3471 -27.2305 -3.13573 19.0563 1.12598 0.0487758 -21.091 -3.59358 -0.00024668 -0.922149 0.000522513 15.4152 -31.8427 -11.5633 15.8288 4.36651 -1.3179 -0.027654 -13.7496 -0.684685 0.000374462 -0.877287 0.000217515
2165.78 2556.73 956.564 56.374 27.0514 18.275 -0.0097067 -6.94807 -1.85474 -0.0571678 -1.66949 -8.07497 1.81124 13.1153 1.80362 3.83777 23.5518 0.522551 3.61185 15.0069 1.58338 0.00141312 -0.855118 0.00281287 12.2536 -0.0251346 6.91126 5.513 -35.3176 -63.5389 85.2749 -7.74511 9.44627 0.111342 0.631426 -0.000613527 -2.90202e-06 -1.64582e-05 -4.25399e-13 -36.0863 -2.03853 0.822131 45.0333 -51.4426 83.5952 -46.5101 -12.2126 -2.96445 0.000983253 -0.00557631 4.78475e-08 2.07576e-10 -1.17727e-09 -8.74653e-15 22.6214 -25.7117 25.5182 29.56 -12.3301 18.7825 0.00704627 0.0541512 -0.00167448 -24.9759 -32.5379 -27.5046 -3.04029 18.8231 1.11514 0.0209122 -25.8136 -3.86296 0.000193796 -0.92013 0.000815295 14.7264 -31.9064 -11.2969 15.8171 4.47677 -1.32542 -0.0343557 -15.0747 -0.725596 0.000310474 -0.890922 -1.42204e-05
2166.59 2556.38 955.629 57.572 27.2146 17.611 -0.0119077 -6.89518 -1.86409 -0.0581414 -1.83155 -7.8607 1.98385 13.2368 1.55929 4.18249 23.6718 0.177542 4.06313 15.161 1.22489 0.00165938 -0.811735 0.00259197 11.4998 -0.027927 6.96802 7.49073 -39.7982 -61.2386 82.3862 -7.98533 9.23444 0.208158 1.18035 -0.00214422 -7.33609e-06 -4.1605e-05 -2.66292e-12 -36.4245 -2.03151 1.09187 40.7379 -51.2039 81.1071 -47.6075 -12.3372 -3.10286 0.00064095 -0.00363501 2.03319e-08 2.99173e-10 -1.69672e-09 -3.18055e-15 22.4904 -25.3741 26.1107 29.4821 -12.0167 19.1986 0.00605958 0.0157969 -0.000427984 -26.2189 -31.7691 -27.1928 -2.74368 18.5488 0.999858 0.0667604 -30.1312 -3.95561 0.00149771 -0.943882 0.000819998 13.8141 -31.702 -11.1263 15.7628 4.35893 -1.24419 -0.0525537 -15.4824 -0.794893 0.000223003 -0.891658 -0.000298505
2167.49 2556.23 954.608 58.768 27.3074 16.895 -0.0120286 -6.79847 -1.87669 -0.0583104 -1.99188 -7.68003 2.10077 13.3793 1.36187 4.51196 23.7515 -0.102475 4.38672 15.3083 1.02608 0.00158422 -0.796716 0.00150633 11.1483 -0.0208383 6.53128 12.0414 -45.3403 -55.8895 77.4766 -7.36542 8.68554 0.162707 0.922676 -0.00131012 -5.59169e-06 -3.1712e-05 -1.54257e-12 -36.1336 -1.99657 1.00047 36.0325 -50.2349 78.8966 -48.7683 -12.4382 -3.28127 0.000122972 -0.000697411 7.48435e-10 1.74282e-10 -9.88418e-10 2.54444e-14 22.1111 -25.0966 26.4797 29.0797 -11.7945 19.4636 0.0107998 0.00343374 -0.000117008 -26.5699 -31.3503 -26.3502 -3.35316 18.2866 1.14314 0.152085 -33.9322 -3.89124 0.00322796 -0.981635 0.00214951 11.4256 -31.0568 -11.7089 16.6748 3.88214 -1.10842 -0.0742712 -14.5218 -0.892308 0.000300776 -0.884506 0.000257733
2167.79 2556.52 953.664 60.227 27.3793 16.179 -0.00973964 -6.62144 -1.8865 -0.0572333 -2.10441 -7.6044 2.05693 13.5059 1.19502 4.59924 23.8113 -0.283841 4.36605 15.4168 0.87661 0.00124205 -0.806746 0.000565075 11.679 -0.00900896 6.0482 19.1436 -50.844 -47.4306 71.0379 -6.48316 7.754 0.0639758 0.36282 -0.000202561 -1.48632e-06 -8.42931e-06 -1.08139e-13 -35.3351 -1.92718 0.36895 32.3739 -48.0204 77.8469 -50.4079 -12.6013 -3.48759 -0.000114363 0.000648585 6.47302e-10 7.96888e-11 -4.51989e-10 1.03368e-14 21.6673 -25.0549 26.7064 28.5383 -11.7684 19.6357 0.0139707 -0.00591372 -3.68509e-05 -26.3558 -31.2403 -25.2787 -5.14004 17.952 1.63765 0.189606 -36.7376 -3.78401 0.00385443 -1.02042 0.00331357 6.93598 -30.025 -13.3233 18.714 3.11467 -0.95597 -0.0838102 -12.0517 -0.993682 0.000632177 -0.886361 0.00226344
2167.09 2557.03 952.538 62.304 27.4733 15.503 -0.00627865 -6.36459 -1.91019 -0.0547373 -2.13253 -7.73823 1.82375 13.5626 1.0318 4.315 23.8708 -0.368915 3.92555 15.4576 0.640528 0.00108973 -0.819085 -5.03795e-05 13.1541 0.00456862 6.17137 27.2354 -55.4113 -37.6061 64.0563 -5.94721 6.48932 0.00659532 0.0374039 -2.15278e-06 -1.86682e-07 -1.05872e-06 -1.59028e-15 -34.3364 -1.80809 -0.75375 30.162 -44.0811 77.948 -53.4564 -12.9528 -3.7927 0.000143958 -0.000816427 1.02565e-09 1.28812e-11 -7.31122e-11 -1.11319e-14 21.168 -25.2868 26.6535 27.8503 -11.9937 19.6093 0.0149088 -0.0075918 5.00909e-05 -25.9793 -31.2821 -24.2452 -7.40404 17.5555 2.28321 0.179472 -38.0295 -3.68099 0.00207829 -1.05745 0.00104064 0.421024 -28.7474 -15.9119 21.4167 2.3538 -0.851146 -0.0688673 -8.58931 -1.05674 0.00102931 -0.909101 0.00457918
2165.89 2557 950.981 65.104 27.5543 14.893 -0.00223825 -6.08066 -1.97208 -0.0496357 -2.07964 -8.15993 1.47893 13.5537 0.861177 3.75167 23.9683 -0.39923 3.20042 15.486 0.285014 0.00129109 -0.821811 -0.000740888 15.1019 0.018702 7.40452 33.4704 -59.4514 -29.7342 57.375 -5.80383 5.04857 0.00204783 0.0116138 -2.07546e-07 -2.19327e-08 -1.24386e-07 1.59028e-14 -33.4761 -1.63357 -2.04192 28.622 -38.3548 78.3365 -58.6738 -13.5173 -4.36676 8.05896e-05 -0.000457046 3.21428e-10 2.32569e-10 -1.31886e-09 -3.97569e-15 20.5073 -25.6156 26.1595 26.917 -12.3727 19.2579 0.0175208 0.0108899 -0.000269363 -25.4739 -31.3064 -23.2496 -9.04512 17.224 2.76005 0.22882 -37.6886 -3.50036 -0.00274952 -1.10561 -0.00687787 -7.31005 -27.1807 -19.1176 24.0542 1.8031 -0.779947 -0.0353262 -5.02811 -1.0374 0.00107472 -0.942807 0.00441137
2165.41 2555.53 949.044 68.358 27.4974 14.448 0.00662443 -5.84244 -2.07132 -0.0407739 -1.99512 -8.83854 1.11433 13.5635 0.656413 3.09059 24.1444 -0.44246 2.41311 15.6133 -0.111134 0.00166833 -0.828885 -0.00145826 16.8331 0.0246169 9.5967 36.3891 -64.1002 -25.8456 51.1488 -5.78332 3.61677 0.0215619 0.122284 -2.30093e-05 -6.40412e-08 -3.63195e-07 2.06736e-14 -32.8568 -1.4276 -3.0322 26.9277 -31.6014 78.2685 -65.6482 -14.1362 -5.36124 -0.00374981 0.0212662 6.95901e-07 6.96357e-09 -3.94925e-08 -0 19.5753 -25.9353 25.216 25.6328 -12.8208 18.5732 0.0234739 0.056979 -0.00146947 -24.7875 -30.9925 -22.2798 -9.21117 16.9808 2.77889 0.394231 -35.6772 -3.1426 -0.00892034 -1.1818 -0.017726 -15.01 -25.1321 -22.4064 26.3149 1.4318 -0.676464 -0.0072944 -2.23649 -0.926799 0.000705898 -0.965451 0.000941446
2166.69 2552.44 947.181 71.779 27.2395 14.251 0.0201159 -5.69015 -2.17934 -0.0294185 -1.93325 -9.60448 0.735171 13.6735 0.352585 2.33261 24.4019 -0.541868 1.62577 15.8995 -0.471967 0.00177597 -0.861959 -0.00147895 18.023 0.0238979 11.8323 37.2154 -69.7397 -24.9937 44.9416 -5.58396 2.32123 0.0395063 0.22405 -7.72432e-05 -2.70454e-07 -1.53382e-06 -1.74931e-14 -32.1928 -1.22677 -3.31407 25.0823 -25.2479 77.6948 -72.5536 -14.7116 -6.66966 -0.0324794 0.184199 5.22088e-05 2.34245e-06 -1.32847e-05 2.63986e-13 18.437 -26.2835 23.9805 24.0902 -13.3131 17.6774 0.0265894 0.111362 -0.00214597 -24.4636 -29.8789 -21.6156 -7.41737 16.4658 2.14235 0.598226 -31.8195 -2.613 -0.0121812 -1.28253 -0.0233877 -21.7607 -22.5428 -25.2659 28.5102 1.08814 -0.515659 -0.00118021 -0.766788 -0.823564 0.00021302 -0.97169 -0.00397394
2169.54 2548.61 945.974 75.279 26.895 14.25 0.0252682 -5.60589 -2.28158 -0.0191848 -1.90539 -10.2449 0.270021 13.8726 -0.0879274 1.34271 24.6799 -0.691414 0.743251 16.2728 -0.80011 0.00114912 -0.911373 -0.000586286 18.9134 0.0291691 13.0058 40.21 -75.397 -22.6331 38.4532 -4.93842 1.37188 0.0388367 0.220253 -7.46468e-05 -4.14034e-07 -2.3481e-06 -7.15625e-15 -31.1566 -1.05958 -2.94015 23.849 -20.3647 77.1759 -77.2102 -15.4867 -7.82388 -0.122471 0.694531 0.000742294 1.43663e-05 -8.14756e-05 1.02191e-11 17.3557 -26.7022 22.7449 22.6325 -13.8159 16.7915 0.021703 0.131976 -0.000821944 -25.4606 -27.7301 -21.6227 -3.6923 15.179 0.987402 0.658419 -26.2445 -2.23317 -0.00999698 -1.37841 -0.0173025 -27.4069 -19.669 -27.4513 31.2658 0.703175 -0.334075 -0.00476488 -0.621865 -0.835171 -0.000423343 -0.984371 -0.0099908
2172.51 2545.53 945.673 78.814 26.6898 14.267 0.0134698 -5.54905 -2.37853 -0.0120117 -1.88314 -10.6611 -0.318522 14.0703 -0.618742 0.0693278 24.8902 -0.83507 -0.287081 16.593 -1.12856 0.000120194 -0.932985 -0.000894725 20.0863 0.0373992 12.7371 52.7826 -79.5727 -10.6693 31.8687 -3.89694 0.831433 0.0261975 0.148573 -3.39663e-05 -2.06544e-07 -1.17137e-06 -1.35174e-14 -29.8491 -0.923026 -2.45779 24.0579 -16.9826 77.3726 -78.5875 -16.3477 -8.39914 -0.222603 1.26223 0.00245209 4.4892e-05 -0.000254595 9.97358e-11 16.611 -27.1923 21.85 21.6236 -14.2923 16.1652 0.0129574 0.103814 0.000801636 -28.2595 -24.8577 -22.2961 1.36665 13.1132 -0.250442 0.514619 -19.8544 -2.30822 -0.00451304 -1.43696 -0.00462866 -32.1298 -17.1094 -28.9842 34.7361 0.390684 -0.202979 -0.00706531 -1.30563 -0.917885 -0.000939054 -1.0289 -0.0160185
2174.05 2544.3 946.205 82.0098 26.7447 14.145 -0.00261838 -5.50575 -2.44308 -0.00696806 -1.83821 -10.8897 -0.939424 14.204 -1.10585 -1.29726 25.0189 -0.887422 -1.34092 16.8073 -1.44505 -0.000354053 -0.88978 -0.00381395 21.9747 0.0305191 11.8712 75.9177 -81.4077 12.4418 25.7927 -2.79302 0.492515 0.0178281 0.101108 -1.57304e-05 -8.23259e-08 -4.66893e-07 7.95139e-16 -28.8036 -0.780242 -2.43065 26.0362 -14.3608 78.4838 -77.2252 -16.2782 -8.38228 -0.169165 0.95929 0.00141618 5.04213e-05 -0.000285953 1.25812e-10 16.3618 -27.64 21.4976 21.2724 -14.6547 15.941 0.00608772 0.0587506 0.000518652 -32.4349 -21.9576 -23.2884 6.97235 10.911 -1.25308 0.295614 -14.11 -2.79927 -0.000254725 -1.44849 0.00416541 -35.6959 -15.5092 -29.9167 38.0105 0.22224 -0.1499 -0.0112204 -2.0552 -0.932352 -0.000889249 -1.10144 -0.0166042
2173.74 2544.77 947.205 84.2254 26.9663 13.883 -0.0090921 -5.48615 -2.41661 -0.00369912 -1.76997 -11.0101 -1.39914 14.2918 -1.40075 -2.35898 25.134 -0.8046 -2.14667 16.9724 -1.6663 -0.00124842 -0.770539 -0.00688654 24.4963 0.0158537 11.7176 98.0646 -82.1325 35.372 21.0929 -1.92771 0.225417 0.0148267 0.0840866 -1.08798e-05 -5.86639e-08 -3.327e-07 -3.97569e-15 -28.5882 -0.601381 -3.12412 29.3249 -11.7169 80.1291 -74.6149 -15.4393 -8.01593 -0.032984 0.187061 5.38435e-05 2.24161e-05 -0.000127128 2.48719e-11 16.4718 -27.905 21.5638 21.398 -14.8319 16.0199 0.00173541 0.0237739 -0.000252733 -36.9676 -19.6245 -24.2965 12.2843 9.25598 -1.97336 0.136383 -10.0759 -3.38801 0.00102572 -1.42821 0.0066246 -37.6367 -15.0492 -30.2858 39.9523 0.140439 -0.136758 -0.0215591 -2.25631 -0.860354 -0.000713806 -1.17052 -0.0103466
2172.56 2545.67 948.161 85.1933 27.1919 13.556 -0.00903502 -5.51552 -2.26313 -0.00304815 -1.72354 -11.0889 -1.53254 14.3863 -1.43274 -2.83563 25.3215 -0.594766 -2.48507 17.179 -1.6958 -0.00534713 -0.576289 -0.0062768 27.1843 0.017976 12.8974 120.917 -83.7483 59.7564 18.3836 -1.45975 0.0850776 0.0120016 0.0680645 -7.12866e-06 -6.5808e-08 -3.73216e-07 -1.59028e-15 -29.3412 -0.39459 -4.43589 32.8715 -8.89192 81.6438 -72.2435 -14.7229 -7.52656 0.0327436 -0.185697 5.30615e-05 8.26017e-06 -4.68457e-05 3.37934e-12 16.5749 -27.9701 21.6705 21.5208 -14.8668 16.1182 -0.00250965 -0.00804873 -0.000417109 -40.7566 -18.0537 -25.1432 16.6507 8.22899 -2.45912 0.0650287 -7.64369 -3.76423 0.000747107 -1.39223 0.0073576 -38.13 -15.2559 -30.2186 40.368 0.0651498 -0.0885927 -0.033823 -1.74611 -0.772709 -0.000752581 -1.20586 -0.00385855
2171.99 2545.48 948.209 85.3178 27.3386 13.176 -0.00897614 -5.61462 -2.03104 -0.00479307 -1.7577 -11.1683 -1.31595 14.4885 -1.21773 -2.70424 25.5757 -0.321749 -2.31607 17.4303 -1.50071 -0.011528 -0.335059 -0.00192925 29.4005 0.0258447 14.9451 162.144 -85.4795 103.049 17.7047 -1.4296 0.092124 0.0079001 0.0448037 -3.08883e-06 -5.74044e-08 -3.25557e-07 3.18055e-15 -30.6486 -0.188985 -6.04696 35.5714 -6.32142 82.5938 -70.6742 -14.3927 -7.06447 0.0258607 -0.146663 3.30986e-05 6.08215e-07 -3.44936e-06 1.27222e-14 16.3807 -27.8359 21.3967 21.2802 -14.8171 15.9271 -0.00925583 -0.0460157 -0.000451192 -43.2123 -17.091 -25.6938 19.7811 7.49035 -2.71099 0.0357728 -6.28384 -3.92346 0.000289774 -1.34569 0.00910491 -38.3874 -15.2229 -30.0298 40.3751 -0.0782106 0.0814601 -0.0396532 -0.847418 -0.696543 -0.000802921 -1.19871 -0.00148966
2172.46 2543.54 946.318 85.4859 27.4635 12.637 -0.00793422 -5.7723 -1.82626 -0.00665202 -1.89173 -11.2755 -0.887536 14.5283 -0.852515 -2.13599 25.7489 -0.0937333 -1.76907 17.5902 -1.14668 -0.0120679 -0.124067 -0.000398286 30.5414 -0.0113437 16.7429 -149.611 -85.0438 153.571 18.5805 -1.7479 0.15873 0.00441425 0.0250344 -9.64365e-07 -3.46782e-08 -1.9667e-07 -0 -31.8958 -0.0131289 -7.67422 36.6608 -4.40798 82.9499 -69.6042 -14.2969 -6.73334 0.00263367 -0.0149363 3.43282e-07 5.96001e-08 -3.38009e-07 9.54166e-15 15.7438 -27.4782 20.4369 20.5065 -14.7102 15.219 -0.0143793 -0.073214 -5.20011e-05 -44.5446 -16.5119 -25.8811 21.6322 6.80207 -2.74957 0.0110074 -5.89777 -3.97619 -3.07369e-05 -1.29562 0.0106576 -39.7771 -14.4048 -30.088 41.2773 -0.3391 0.406425 -0.037192 -0.0833493 -0.649635 -0.000565973 -1.15863 -0.000603413
2172.98 2540.39 942.416 86.3712 27.7034 11.91 -0.00105662 -5.9396 -1.70877 -0.00606983 -2.08458 -11.4047 -0.445748 14.4261 -0.49608 -1.40898 25.6628 0.0111474 -1.07264 17.4882 -0.775415 -0.00453943 -0.0401884 -0.00390611 30.363 -0.104376 17.4779 -121.296 -83.8359 -176.205 20.1584 -2.14918 0.290595 0.00217598 0.0123406 -2.34336e-07 -1.23031e-08 -6.97741e-08 -3.97569e-15 -32.5574 0.120066 -9.03724 36.0231 -3.28285 82.8548 -68.355 -14.2492 -6.41868 -0.0128228 0.0727217 8.13757e-06 3.80707e-09 -2.1591e-08 7.95139e-15 14.7005 -26.8206 18.7292 19.2562 -14.4881 13.9373 -0.00808655 -0.0627766 0.000518259 -45.4243 -16.2282 -25.8708 22.4149 6.26363 -2.684 -0.0131135 -6.41303 -3.96867 -0.000247885 -1.2673 0.00996787 -42.2069 -13.2826 -30.4946 42.8944 -0.697846 0.822142 -0.0363671 0.117774 -0.662843 0.000115244 -1.09637 0.00142448
2171.97 2537.12 937.643 88.021 28.1893 11.136 0.00891112 -6.05004 -1.6711 -0.0035103 -2.26244 -11.5163 -0.108664 14.1298 -0.290579 -0.727969 25.2061 -0.0335484 -0.435763 17 -0.510488 0.00194308 -0.0984934 -0.00581312 29.0835 -0.18469 17.0027 -102.393 -83.031 -156.177 21.6183 -2.37906 0.495725 -3.33439e-05 -0.000189103 -5.50141e-11 -2.33457e-09 -1.324e-08 1.03368e-14 -32.3258 0.209583 -9.76404 33.9149 -3.10617 82.4042 -66.235 -14.1153 -5.94204 -0.0221956 0.125877 2.43816e-05 1.47185e-09 -8.34722e-09 -3.18055e-15 13.3667 -25.7345 16.3707 17.6623 -14.0222 12.1469 0.0109932 0.0024397 0.000192783 -46.3609 -16.3304 -26.0363 22.1634 6.15055 -2.59865 -0.025691 -7.29002 -3.89556 -4.2661e-06 -1.29781 0.00816185 -44.3345 -12.9544 -31.1899 43.7264 -0.933634 1.10373 -0.0473381 -0.519544 -0.714792 0.00117886 -1.01769 0.00343407
2168.64 2534.47 933.92 90.1286 28.973 10.465 0.0116025 -6.05937 -1.68755 -0.00140563 -2.37975 -11.59 0.134961 13.6682 -0.274973 -0.141598 24.4389 -0.205069 0.0662826 16.1772 -0.389847 0.00256157 -0.203154 -0.00392631 27.2152 -0.191691 15.6589 -87.4729 -82.7189 -140.638 22.531 -2.37167 0.68915 -0.00293612 -0.0166516 -4.26656e-07 1.35159e-09 7.66525e-09 -7.15625e-15 -31.3144 0.270697 -9.61844 30.7738 -4.12763 81.6427 -63.0785 -13.8645 -5.33367 -0.0268319 0.152171 3.56313e-05 -1.0011e-08 5.67748e-08 -0 11.7205 -24.3543 13.5293 15.6225 -13.3733 9.9957 0.0307108 0.134575 -0.00146336 -46.8593 -17.2243 -26.4914 20.3878 6.6169 -2.40808 -0.0284881 -7.58348 -3.77219 0.00111011 -1.40265 0.00611439 -45.2641 -14.1329 -32.0879 42.5814 -0.708608 0.944363 -0.0517314 -1.7351 -0.737089 0.00211295 -0.931502 0.00340698
2163.77 2532.38 932.509 92.3449 29.9264 9.936 0.00461009 -5.96648 -1.74239 -0.000493587 -2.44443 -11.6347 0.379551 13.1677 -0.381214 0.441635 23.5966 -0.468929 0.528915 15.2749 -0.399326 0.00100213 -0.250036 -0.00170315 25.3089 -0.149214 13.9399 -73.5602 -83.161 -125.811 22.7838 -2.17857 0.830075 -0.00759533 -0.0430753 -2.85511e-06 2.14501e-08 1.21649e-07 -1.19271e-14 -30.0326 0.309445 -8.75542 27.3673 -6.37638 80.7146 -59.231 -13.5344 -4.65496 -0.0262643 0.148952 3.41396e-05 -6.4157e-09 3.63852e-08 -0 9.60678 -23.1281 10.4594 12.8659 -12.8246 7.72242 0.0393021 0.325625 -0.00607175 -45.7967 -19.3027 -26.8282 16.703 7.6132 -1.96211 -0.0322811 -6.90205 -3.63781 0.00238888 -1.55704 0.00166544 -45.3075 -16.4786 -32.9841 39.5289 0.106986 0.247889 -0.0195774 -2.7511 -0.702974 0.00215933 -0.854315 0.00104111
2158.97 2530.36 932.799 94.5046 30.7967 9.441 -0.00492899 -5.82413 -1.82623 -0.000745772 -2.48816 -11.6668 0.721593 12.7783 -0.504239 1.18166 22.9221 -0.795248 1.11251 14.5629 -0.488041 4.95792e-05 -0.225233 -0.000644083 23.7035 -0.115864 12.133 -51.361 -84.4217 -101.606 22.4707 -1.89445 0.946723 -0.0135382 -0.0767787 -9.07085e-06 6.68474e-08 3.7911e-07 1.11319e-14 -29.0246 0.314196 -7.70044 24.3387 -9.54032 79.9439 -55.1121 -13.135 -3.95388 -0.0204864 0.116184 2.07712e-05 3.29474e-09 -1.86854e-08 -7.95139e-15 6.77763 -22.5541 7.35805 9.0624 -12.69 5.49618 0.0341071 0.515203 -0.00989212 -42.7281 -22.3622 -26.3797 11.49 8.89298 -1.27677 -0.0272647 -6.0313 -3.53949 0.0025363 -1.71138 -0.00387018 -45.3075 -18.976 -33.6771 35.4387 1.31402 -0.708194 0.0305129 -2.98092 -0.650393 0.00123012 -0.801586 -0.0013139
2155.88 2528.15 933.188 96.5206 31.3741 8.878 -0.0109686 -5.72429 -1.91338 -0.00343683 -2.5225 -11.7107 1.19583 12.5853 -0.569874 2.17044 22.5481 -1.1356 1.90132 14.171 -0.599942 0.000496016 -0.189495 -0.00157453 22.6091 -0.0840943 10.4561 -11.3603 -84.4933 -58.1314 21.9177 -1.66051 0.996555 -0.0163607 -0.0927861 -1.32475e-05 1.00839e-07 5.71886e-07 1.27222e-14 -28.4317 0.288996 -6.94051 21.7224 -13.1674 79.5662 -51.0183 -12.6726 -3.33366 -0.01268 0.071912 7.95737e-06 2.56677e-09 -1.4557e-08 -0 3.08337 -22.8184 4.34061 4.0878 -13.0505 3.33654 0.0203186 0.602323 -0.00173059 -38.2549 -25.4777 -24.8173 5.93111 10.0107 -0.562974 -0.00603234 -6.02694 -3.48741 0.00163474 -1.82719 -0.00616733 -45.2038 -21.0434 -33.9249 30.703 2.43606 -1.41337 0.0456363 -2.43816 -0.595433 0.000233587 -0.773463 -0.00226736
2155.31 2526.05 932.314 98.2437 31.6044 8.244 -0.0119991 -5.73376 -1.97525 -0.00988488 -2.52865 -11.7886 1.73812 12.5564 -0.543604 3.31429 22.4586 -1.40902 2.80814 14.0313 -0.674356 0.00232812 -0.206612 -0.00451282 22.4018 -0.0132066 9.21284 12.3288 -81.8384 -29.652 21.6997 -1.64609 0.899714 -0.0114417 -0.0648893 -6.47907e-06 7.53669e-08 4.27427e-07 9.54166e-15 -27.8529 0.244602 -6.52158 18.7931 -16.9151 79.2775 -46.8917 -12.175 -2.92345 -0.00582127 0.033014 1.67712e-06 -6.7773e-10 3.84364e-09 -0 -1.18631 -23.5806 1.51624 -1.59814 -13.6326 1.23187 0.00749257 0.54498 0.0121988 -33.8235 -27.5716 -22.6556 1.3322 10.5066 -0.0126481 0.0144328 -7.15566 -3.4172 0.000749234 -1.8945 -0.00445359 -43.8491 -23.03 -33.3276 24.8898 3.0893 -1.54333 0.0176994 -1.71504 -0.531952 -0.000256682 -0.756326 -0.00270971
2156.52 2524.7 930.061 99.6905 31.6104 7.489 -0.0104593 -5.85311 -2.01039 -0.0194283 -2.48601 -11.9104 2.19879 12.6051 -0.382335 4.32433 22.5601 -1.49166 3.57951 13.9976 -0.603908 0.00271864 -0.284309 -0.00527307 23.4922 0.0820424 8.66476 13.3355 -78.7213 -23.0956 22.4325 -1.94333 0.738024 -0.00100037 -0.00567337 -4.95277e-08 3.5034e-08 1.98688e-07 1.59028e-15 -26.8877 0.167484 -6.30754 14.8231 -20.4806 78.3818 -42.6223 -11.6602 -2.72812 0.000804276 -0.00456127 3.20139e-08 -3.76809e-09 2.13698e-08 6.36111e-15 -5.40854 -24.3984 -1.09376 -7.16325 -14.1375 -0.788502 0.000994177 0.413116 0.012575 -30.9348 -28.3762 -20.7706 -1.71548 10.3119 0.34073 0.0202872 -8.81191 -3.30884 0.000245613 -1.91853 -0.00192579 -40.2873 -25.6827 -31.5208 17.9436 3.40715 -1.16923 -0.0151093 -1.4031 -0.550912 -0.0004546 -0.737948 -0.00245011
2157.71 2524.58 927.679 101.173 31.5919 6.446 -0.00426907 -6.02997 -2.02768 -0.0295696 -2.39795 -12.0653 2.40265 12.6748 -0.0411403 4.83695 22.7651 -1.26957 3.92863 14.0018 -0.296773 0.000144091 -0.368442 -0.0030179 25.9474 0.141465 8.83044 5.31786 -76.1946 -25.563 24.1726 -2.46727 0.700682 0.00746228 0.0423207 -2.75595e-06 -3.1782e-09 -1.80245e-08 3.18055e-15 -25.6907 0.0458977 -6.4157 10.3874 -23.3263 76.6903 -38.7848 -11.183 -2.55056 0.00480949 -0.0272759 1.14479e-06 -6.43347e-09 3.6486e-08 3.18055e-15 -9.07511 -25.1138 -3.6038 -11.9575 -14.4984 -2.73271 -0.00162863 0.318301 0.00281966 -30.3 -28.4543 -19.5507 -3.14096 9.86834 0.498018 0.0133852 -10.3404 -3.23314 6.79455e-05 -1.90596 -0.000604235 -34.7008 -29.2678 -28.3596 10.6365 3.9272 -0.502842 -0.0223481 -1.72252 -0.743444 -0.000538698 -0.715717 -0.00109453
2157.04 2525.41 926.657 103.12 31.6963 4.938 0.0110626 -6.19796 -2.01799 -0.0380277 -2.28965 -12.2189 2.2514 12.7393 0.46923 4.59374 22.9935 -0.714318 3.68293 14.0465 0.249719 -0.00272393 -0.408945 -0.00167545 29.2575 0.135716 9.29787 -3.27418 -74.2908 -29.4098 26.1629 -2.99689 0.83798 0.00971241 0.0550818 -4.66856e-06 -1.42344e-08 -8.07272e-08 -0 -24.7391 -0.0810953 -7.1316 7.128 -24.8995 74.9213 -36.4896 -10.878 -2.36295 0.00482557 -0.0273672 1.15246e-06 -8.57072e-09 4.8607e-08 -6.36111e-15 -11.9894 -25.7823 -6.1431 -15.738 -14.7812 -4.66272 -0.00433678 0.282105 -0.000169326 -31.837 -28.4843 -18.9205 -3.17185 9.70346 0.471866 0.000787934 -11.6179 -3.21851 0.000222041 -1.86338 -0.000209414 -28.2705 -33.357 -24.0288 3.96463 5.15509 0.252615 0.000507201 -2.85857 -1.01726 -0.000450961 -0.694295 0.000442593
2154.07 2526.35 927.805 105.751 31.9623 2.97 0.0298855 -6.32296 -1.96105 -0.0441409 -2.1817 -12.3382 1.79947 12.769 1.06457 3.61378 23.1472 0.0834277 2.88399 14.1415 0.952692 -0.0032506 -0.411022 -0.00126086 32.509 0.0991474 9.33987 -7.63701 -73.3037 -30.4574 27.4134 -3.28539 1.03217 0.00783066 0.0444099 -3.03477e-06 -7.36168e-09 -4.17502e-08 -1.59028e-14 -24.1722 -0.134314 -8.51764 6.2198 -25.0719 74.0151 -36.5005 -10.8812 -2.42134 0.0041285 -0.0234139 8.43553e-07 -1.07101e-08 6.07401e-08 -0 -14.2281 -26.4206 -8.72856 -18.5879 -14.9965 -6.60417 -0.00629779 0.236923 0.00265873 -34.8348 -28.8001 -18.6971 -2.49126 9.95456 0.354712 -0.00774715 -12.8744 -3.22628 0.000538708 -1.81117 -8.04129e-06 -22.3485 -37.247 -19.1041 -1.29632 7.06905 0.89458 0.0300196 -4.97503 -1.194 -0.000148942 -0.676776 0.00168504
2150.05 2526.76 930.813 108.78 32.3297 0.853 0.0373159 -6.41263 -1.85032 -0.0485125 -2.07449 -12.4143 1.19052 12.7229 1.63746 2.19347 23.1347 0.964244 1.75531 14.2494 1.71039 -0.0017091 -0.412886 0.000160725 35.0559 0.066931 8.41736 -6.81641 -73.5024 -27.9205 27.4535 -3.19744 1.12458 0.0054119 0.0306924 -1.44953e-06 -1.79407e-09 -1.01748e-08 -0 -23.5519 -0.0858856 -10.2297 7.40885 -24.2361 74.2476 -38.4067 -11.1495 -2.7578 0.00515823 -0.0292538 1.31683e-06 -1.31247e-08 7.4434e-08 -0 -15.868 -26.8238 -11.2552 -20.6135 -15.019 -8.48011 -0.00534887 0.169744 0.00270242 -38.1897 -29.3393 -18.7272 -1.98676 10.3671 0.284828 -0.00359206 -14.2633 -3.21508 0.00086794 -1.77951 0.000476364 -18.1419 -40.3378 -14.6798 -4.83815 9.15621 1.30472 0.0322227 -7.97124 -1.1685 0.000292664 -0.658017 0.00291143
2146.47 2526.64 934.459 111.657 32.6945 -1.017 0.0271974 -6.48012 -1.70769 -0.0515112 -1.96073 -12.4574 0.570746 12.5833 2.12456 0.741986 22.9399 1.77407 0.595863 14.2764 2.4371 0.000622519 -0.435958 0.00174779 36.748 0.0386901 6.55851 -2.35775 -74.5318 -22.9957 26.6786 -2.77859 1.08393 0.00295311 0.0167479 -4.31606e-07 5.16891e-10 2.9315e-09 3.18055e-15 -22.4631 -0.0144266 -11.7537 9.34411 -23.1237 75.0299 -40.7594 -11.4559 -3.00885 0.00584772 -0.033164 1.69239e-06 -1.22343e-08 6.93842e-08 -0 -16.8574 -26.737 -13.5891 -21.8263 -14.7163 -10.1817 -0.00222869 0.123893 0.000539595 -41.1838 -29.8397 -18.9532 -2.14767 10.6734 0.334767 0.0088345 -15.5978 -3.19071 0.00114547 -1.77869 0.00125078 -16.5091 -42.459 -11.9354 -6.56529 10.9844 1.46656 0.00617962 -11.4356 -0.971117 0.000620967 -0.628759 0.00352524
2143.89 2526.64 937.342 114.018 32.9519 -2.472 0.0102745 -6.53167 -1.56921 -0.0533082 -1.85121 -12.4851 0.0352527 12.3889 2.51545 -0.40407 22.6257 2.4189 -0.33644 14.1432 3.06403 0.00304821 -0.481978 0.00175615 37.6096 0.00909088 4.30509 2.47999 -75.7571 -18.3981 25.9187 -2.19549 1.02202 -1.48241e-05 -8.40719e-05 -1.08966e-11 -1.07426e-10 -6.09272e-10 -0 -21.0364 -0.0170161 -12.7759 10.7087 -22.3694 75.633 -42.2505 -11.6242 -2.97664 0.00418656 -0.0237432 8.67449e-07 -6.47757e-09 3.67361e-08 -2.54444e-14 -17.2702 -26.0753 -15.6646 -22.4024 -14.0521 -11.6722 0.00190586 0.105882 -0.000270788 -44.0124 -30.0581 -19.424 -2.36285 10.8523 0.38677 0.0186429 -16.5347 -3.16156 0.00123154 -1.79252 0.00148946 -17.36 -43.7838 -11.1542 -6.65495 12.4745 1.42261 -0.0119276 -14.8874 -0.695566 0.000441865 -0.584098 0.00237082
2142.16 2527.44 938.735 115.706 33.0313 -3.533 -0.00195792 -6.56994 -1.4587 -0.0544892 -1.77287 -12.5147 -0.375825 12.221 2.81757 -1.10433 22.3147 2.87529 -0.918184 13.8643 3.54895 0.00457902 -0.55162 0.000239827 37.7464 -0.0142688 2.28785 4.95793 -76.766 -16.4303 25.6897 -1.66759 1.01739 -0.00227342 -0.0128932 -2.55794e-07 -4.8859e-10 -2.771e-09 -2.22639e-14 -19.7961 -0.105374 -13.2615 11.2063 -22.1233 75.8562 -42.6251 -11.6427 -2.82952 0.00269469 -0.0152823 3.59373e-07 -2.62007e-09 1.48593e-08 6.36111e-15 -17.3423 -25.0147 -17.4462 -22.6523 -13.1376 -12.9401 0.0042334 0.0901603 8.69369e-05 -47.1907 -29.8516 -20.1867 -1.35815 10.9434 0.219065 0.0284958 -16.619 -3.07789 0.00114966 -1.79684 0.00115865 -19.537 -44.5483 -11.5756 -5.98159 13.7705 1.32967 0.000468172 -18.0609 -0.409759 -0.000194709 -0.532119 1.40188e-05
2141.22 2529.12 938.774 116.704 32.9138 -4.263 -0.00678512 -6.5987 -1.38713 -0.0555578 -1.73658 -12.5567 -0.63459 12.1355 3.04323 -1.41584 22.1208 3.16729 -1.1809 13.5411 3.89351 0.00403368 -0.640737 -0.00106394 37.3657 -0.0216964 0.775677 4.90033 -77.5231 -17.0591 25.9372 -1.35719 1.04192 -0.0030871 -0.0175078 -4.71662e-07 -3.90909e-10 -2.21691e-09 -0 -19.1556 -0.212256 -13.3254 11.4476 -22.0749 75.9315 -42.5682 -11.6144 -2.75236 0.00314882 -0.0178578 4.90709e-07 -2.01904e-09 1.14506e-08 3.18055e-15 -17.3242 -23.8397 -18.8214 -22.838 -12.1631 -13.9046 0.00169192 0.0701019 0.000317381 -50.6597 -29.2055 -21.0725 1.4516 10.8052 -0.262872 0.0438059 -15.4501 -2.89304 0.000955839 -1.78668 0.000491615 -21.139 -44.9852 -11.8618 -5.797 14.9493 1.42651 0.0291578 -20.825 -0.150963 -0.000597195 -0.490297 -0.00174949
2141.5 2531.22 937.781 117.046 32.6427 -4.672 -0.00606447 -6.63553 -1.35125 -0.0563686 -1.72576 -12.599 -0.74022 12.1219 3.21668 -1.48662 22.0483 3.35758 -1.24214 13.2853 4.14649 0.00208406 -0.724686 -0.00100013 36.8122 -0.0132765 -0.31541 3.33675 -78.369 -19.2215 26.25 -1.25822 1.03391 -0.00281254 -0.0159507 -3.91495e-07 -2.52927e-10 -1.43428e-09 3.18055e-15 -19.0282 -0.274321 -13.2326 11.965 -21.8972 76.1771 -42.5925 -11.6154 -2.75066 0.00440956 -0.0250079 9.62321e-07 -3.55353e-09 2.0153e-08 -1.27222e-14 -17.4264 -22.6425 -19.7325 -23.1743 -11.1959 -14.5228 -0.00337936 0.051088 0.000269991 -53.5492 -28.2839 -21.68 5.40739 10.1865 -0.909182 0.0491033 -13.0881 -2.67938 0.000647743 -1.78502 -0.00205585 -20.7164 -45.2074 -11.0683 -6.94493 15.8659 1.88023 0.0429073 -23.0807 0.0164383 -0.000345703 -0.471178 -0.00211608
2143.49 2532.93 935.83 116.842 32.2768 -4.77 -0.00406936 -6.70496 -1.33306 -0.0564684 -1.70766 -12.6077 -0.72887 12.1352 3.36873 -1.42956 22.0086 3.51018 -1.1934 13.1383 4.35071 0.000651013 -0.775956 -0.00040932 36.4877 0.00265003 -1.2012 0.68015 -79.5146 -22.3729 26.296 -1.24911 0.976642 -0.00176286 -0.00999769 -1.53803e-07 -1.96428e-10 -1.114e-09 -6.36111e-15 -19.008 -0.273585 -13.3657 12.5591 -21.5867 76.7159 -42.2842 -11.5834 -2.73535 0.00672912 -0.0381627 2.24102e-06 -1.16514e-08 6.60786e-08 1.59028e-14 -17.6833 -21.3028 -20.2569 -23.6924 -10.1577 -14.8485 -0.0075292 0.0365607 -0.00014069 -54.8538 -27.3261 -21.6478 9.0388 8.93828 -1.39738 0.0330208 -10.1215 -2.59823 0.000506838 -1.81315 -0.00631511 -18.0062 -45.1148 -9.09061 -9.48058 16.2493 2.63671 0.0310504 -24.6565 0.0520609 6.47301e-05 -0.473353 -0.00150937
2147.24 2533.85 932.875 116.375 31.8434 -4.742 -0.00635005 -6.82657 -1.31336 -0.05579 -1.6611 -12.5483 -0.636041 12.1373 3.52995 -1.29038 21.905 3.67452 -1.0836 13.064 4.52524 0.000236051 -0.787644 -4.66229e-05 36.5404 0.0176906 -2.05945 -3.88816 -80.7967 -27.1692 26.0799 -1.20788 0.912804 -0.000533578 -0.00302607 -1.40904e-08 -8.54074e-11 -4.84251e-10 9.54166e-15 -18.7643 -0.224134 -13.9882 12.6732 -21.3809 77.4459 -40.9727 -11.4164 -2.6445 0.0117834 -0.0668271 6.87182e-06 -2.52311e-08 1.43093e-07 -3.18055e-15 -17.8854 -19.7366 -20.4559 -24.1351 -9.0067 -14.9151 -0.0128436 0.0491053 -0.000402707 -54.1427 -26.6008 -20.7718 11.0989 7.22739 -1.50385 0.0145929 -7.51411 -2.68467 0.000918882 -1.87262 -0.00973688 -13.226 -44.6058 -5.98903 -12.907 15.897 3.42717 0.0220512 -25.2781 0.051086 5.9468e-05 -0.486287 -0.00130878
2152.13 2534.25 929.48 115.811 31.4073 -4.768 -0.012166 -7.00373 -1.27631 -0.0547968 -1.59015 -12.4119 -0.483696 12.1382 3.70848 -1.08325 21.7539 3.87615 -0.930353 13.0605 4.68597 0.000720578 -0.766772 0.000103697 36.7833 0.025594 -2.79155 -11.1161 -81.822 -34.4565 25.8296 -1.07043 0.890399 0.000472684 0.00268072 -1.10578e-08 -4.10928e-12 -2.31831e-11 1.27222e-14 -18.285 -0.150637 -15.0109 12.2347 -21.5143 78.176 -38.7437 -11.1264 -2.45736 0.0164294 -0.0931754 1.33589e-05 -3.30555e-08 1.87467e-07 -2.54444e-14 -17.7683 -18.2598 -20.4013 -24.1375 -7.97767 -14.7877 -0.0180249 0.0961736 0.000494037 -51.6956 -26.2826 -19.1758 11.296 5.48751 -1.26853 0.0102039 -6.06665 -2.82382 0.00153674 -1.95004 -0.0101174 -6.60536 -43.6522 -1.81388 -16.5514 14.781 3.95104 0.0464959 -24.7699 0.133675 -0.000348559 -0.503762 -0.00230301
2156.98 2534.62 927.024 115.026 31.082 -4.793 -0.0148288 -7.21167 -1.22433 -0.0543768 -1.50941 -12.24 -0.311595 12.1967 3.88147 -0.862535 21.7152 4.09768 -0.773085 13.1878 4.85883 0.00229345 -0.724443 -0.00014935 36.9529 0.0343051 -3.01852 -20.2234 -82.3885 -43.8745 25.7416 -0.827658 0.911345 0.00152882 0.00867036 -1.15675e-07 -1.12827e-10 -6.39778e-10 1.90833e-14 -17.8377 -0.0743951 -15.9837 11.8744 -21.8628 78.6804 -36.831 -10.8752 -2.21972 0.0153067 -0.0868085 1.15956e-05 -3.15781e-08 1.79089e-07 -9.54166e-15 -17.2007 -17.564 -20.2048 -23.4642 -7.54841 -14.6181 -0.0217969 0.134692 0.00067015 -48.3726 -26.3061 -17.3732 10.1885 4.19941 -0.918232 0.00878856 -5.958 -2.88964 0.00166948 -2.03484 -0.00710551 1.14979 -42.2585 2.88008 -19.8545 13.0589 4.12253 0.0863758 -23.1107 0.247913 -0.000889562 -0.52725 -0.00363863
2160.49 2535.08 926.553 113.853 30.9461 -4.622 -0.0114481 -7.41324 -1.18004 -0.0548658 -1.43704 -12.0965 -0.17384 12.3696 4.03713 -0.712423 21.9422 4.31205 -0.664782 13.4967 5.08829 0.00473217 -0.671449 -0.00058987 36.9703 0.0564098 -2.43157 -31.0649 -82.7103 -55.5905 25.8678 -0.488709 0.949116 0.00270468 0.015339 -3.62044e-07 -3.63385e-10 -2.0608e-09 6.36111e-15 -17.7215 -0.00733371 -16.5475 12.2207 -22.0488 78.8246 -36.5734 -10.8428 -2.05786 0.00949585 -0.0538536 4.46269e-06 -1.94184e-08 1.10127e-07 3.18055e-15 -16.3456 -18.1691 -20.0341 -22.2924 -8.04585 -14.5715 -0.0245659 0.11898 -0.00102556 -45.0619 -26.5509 -15.9137 8.54134 3.67514 -0.664585 0.00227487 -6.86939 -2.84345 0.00127466 -2.13402 -0.00150131 8.18215 -40.6859 6.76825 -22.2894 11.1058 4.05978 0.0855465 -20.7151 0.189234 -0.00110006 -0.557656 -0.00308532
2161.95 2535.04 927.792 112.427 30.9574 -4.172 -0.00597607 -7.58738 -1.16012 -0.0556498 -1.38248 -12.0186 -0.0989514 12.6498 4.1719 -0.641157 22.4201 4.48843 -0.583165 13.9522 5.36456 0.0069236 -0.625408 -0.000488012 36.9711 0.0756984 -1.07151 -44.703 -82.7846 -70.3383 26.2028 -0.104861 0.986215 0.00388094 0.0220099 -7.45423e-07 -5.69093e-10 -3.22752e-09 -1.59028e-15 -18.1065 0.0511996 -16.8086 13.1595 -21.9507 78.6659 -37.8952 -11.0242 -2.05909 0.00383548 -0.0217521 7.2806e-07 -6.14972e-09 3.48768e-08 1.90833e-14 -15.5981 -19.8571 -20.0982 -21.1664 -9.27656 -14.7274 -0.0203891 0.0695106 -0.00178613 -42.2689 -26.898 -15.0562 6.728 3.87768 -0.540285 -0.00206344 -8.30425 -2.7552 0.000793438 -2.25365 0.00394049 12.4006 -39.4615 8.6298 -23.3984 9.32929 3.81546 0.0323888 -18.5805 -0.0504684 -0.000565969 -0.588249 -0.000175466
2161.64 2534.13 929.303 111.311 30.954 -3.661 -0.00494903 -7.73019 -1.16286 -0.0561297 -1.34238 -12.0002 -0.0789245 12.9395 4.26315 -0.587493 22.9421 4.58605 -0.477265 14.4015 5.56657 0.00797621 -0.6013 4.48675e-05 37.0983 0.076387 0.579214 -58.1436 -82.2596 -84.3595 26.7297 0.215966 1.02077 0.00470865 0.0267041 -1.09729e-06 -5.83943e-10 -3.31166e-09 -1.90833e-14 -18.9147 0.111014 -17.1293 14.0322 -21.694 78.4646 -39.5577 -11.2531 -2.21317 0.00108577 -0.00615773 5.83455e-08 -8.786e-10 4.98281e-09 6.36111e-15 -15.1987 -21.659 -20.4432 -20.4717 -10.5535 -15.0354 -0.00761306 0.0342922 -0.000830968 -39.9581 -27.2951 -14.5129 4.70106 4.51403 -0.430822 -0.000547746 -9.83524 -2.72052 0.000655063 -2.38619 0.00503742 13.2974 -38.8499 8.50434 -23.266 8.10592 3.46834 -0.0390778 -17.6223 -0.293596 0.000409693 -0.607475 0.00283675
2160.15 2532.8 929.594 111.09 30.8037 -3.456 -0.0100056 -7.84286 -1.17067 -0.0562396 -1.31186 -12.0058 -0.0858374 13.1113 4.28695 -0.503682 23.2623 4.58336 -0.336743 14.6921 5.55774 0.00818523 -0.597606 8.69196e-05 37.3211 0.0692369 2.02097 -65.9724 -81.0579 -91.7837 27.4122 0.379464 1.06576 0.00430774 0.0244304 -9.1839e-07 -3.45049e-10 -1.95683e-09 -1.90833e-14 -19.8466 0.180573 -17.7317 14.3843 -21.4586 78.5499 -40.4318 -11.3754 -2.39939 0.00157996 -0.00896038 1.23543e-07 -1.04158e-09 5.90709e-09 1.27222e-14 -15.1367 -22.5903 -20.9513 -20.2871 -11.1905 -15.4148 0.00274915 0.0332989 -0.000160394 -37.7412 -27.8444 -13.7131 2.25459 5.36491 -0.217863 0.00226918 -11.303 -2.75063 0.000956029 -2.51635 0.00239937 12.4161 -38.6853 7.69813 -22.3177 7.74975 3.24918 -0.100903 -18.1643 -0.499348 0.00120475 -0.608575 0.00481574
2157.69 2531.92 928.343 111.709 30.5327 -3.611 -0.014521 -7.92399 -1.16963 -0.0561821 -1.28522 -12.0093 -0.115102 13.1094 4.24847 -0.427863 23.2775 4.51456 -0.248895 14.7602 5.34889 0.00709983 -0.61304 -7.00601e-05 37.4825 0.0540538 3.23713 -67.8811 -79.1577 -92.7787 28.337 0.342774 1.15415 0.00228428 0.0129548 -2.58241e-07 9.35528e-11 5.30572e-10 1.59028e-15 -20.5622 0.264003 -18.4853 14.4811 -21.2066 79.1061 -40.4906 -11.3872 -2.50576 0.00364569 -0.0206757 6.57792e-07 -2.47184e-09 1.40185e-08 -6.36111e-15 -15.3362 -22.3282 -21.5758 -20.5758 -10.9528 -15.8515 -0.00135162 0.0851007 -0.00141634 -35.7332 -28.586 -12.6401 -0.364755 6.48775 0.0796596 0.00367795 -12.8244 -2.7819 0.00138869 -2.62989 0.000703745 12.0026 -38.7666 7.63239 -20.771 8.23187 3.26436 -0.136177 -19.7579 -0.652504 0.00165777 -0.593773 0.00626426
2154.44 2531.95 926.471 112.279 30.318 -3.703 -0.0137473 -7.96593 -1.16737 -0.0559233 -1.25849 -12.0023 -0.168763 12.9899 4.20944 -0.422685 23.0722 4.4682 -0.311622 14.6451 5.13479 0.0052326 -0.637307 0.000580208 37.4255 0.0335137 4.47878 -66.8209 -76.4886 -91.4295 29.8666 0.0845314 1.31453 -0.000205651 -0.00116631 -2.09312e-09 5.57885e-10 3.16386e-09 -1.90833e-14 -20.8382 0.348697 -19.0809 15.036 -20.6256 80.0944 -40.6395 -11.4108 -2.57564 0.00538633 -0.0305474 1.43587e-06 -3.34468e-09 1.89686e-08 -0 -15.7762 -21.2895 -22.4272 -21.3017 -10.1109 -16.4118 -0.0207996 0.216584 -0.00579131 -34.5953 -29.4087 -12.0047 -2.27596 8.00623 0.311118 0.00337435 -14.482 -2.75953 0.00124701 -2.7286 0.00252455 12.9081 -39.0295 8.45228 -18.5769 9.17903 3.28938 -0.124743 -21.3788 -0.612301 0.00181408 -0.570386 0.00648157
2151.09 2532.13 925.052 111.729 30.3238 -3.175 -0.0107256 -7.96655 -1.17884 -0.0550691 -1.23133 -11.9769 -0.184015 12.8624 4.22505 -0.400308 22.8325 4.46691 -0.424774 14.4895 5.10108 0.00498841 -0.649598 0.00157056 36.9795 0.0424798 5.93185 -64.6961 -73.1617 -90.3963 32.5702 -0.427084 1.55637 0.000526719 0.00298717 -1.37305e-08 -8.84725e-10 -5.01758e-09 -1.11319e-14 -20.684 0.408607 -19.3025 16.3356 -19.6927 81.2209 -41.3881 -11.5065 -2.64147 0.00520284 -0.0295068 1.33971e-06 -2.98737e-09 1.69423e-08 3.18055e-15 -16.4688 -20.2151 -23.5727 -22.412 -9.16789 -17.1587 -0.0425311 0.372498 -0.00589022 -34.7546 -30.0549 -12.6174 -2.69705 9.68554 0.350714 0.00448364 -16.0488 -2.71237 2.56412e-05 -2.82292 0.00562585 14.46 -39.3906 9.12961 -15.8778 9.97374 3.06336 -0.0778784 -22.2929 -0.407291 0.00175657 -0.54771 0.00490283
2148.91 2531.04 924.471 109.683 30.488 -1.798 -0.0044263 -7.94207 -1.20542 -0.053723 -1.20815 -11.94 -0.0635692 12.8084 4.28484 -0.159264 22.7177 4.43721 -0.343681 14.4068 5.23699 0.00604972 -0.65951 0.00202443 35.963 0.0813001 7.39637 -61.5092 -69.4992 -89.48 36.8379 -1.206 1.89386 0.00991977 0.0562578 -4.87003e-06 -2.01205e-09 -1.1411e-08 -6.36111e-15 -20.2574 0.439673 -19.1341 17.9906 -18.8421 82.1925 -42.3785 -11.6074 -2.64624 0.00309322 -0.0175425 4.73532e-07 -1.56748e-09 8.88962e-09 -1.90833e-14 -17.2771 -19.6242 -24.8896 -23.6338 -8.50839 -18.056 -0.0459764 0.391629 0.00167801 -35.8116 -30.1064 -14.5591 -1.67939 10.9432 0.214578 0.0118298 -17.0196 -2.70416 -0.00151976 -2.91765 0.00680628 16.0633 -39.6648 8.86839 -13.6108 10.1689 2.71449 -0.0335446 -22.5908 -0.217361 0.00170874 -0.536408 0.00355496
2148.75 2527.98 924.57 106.755 30.5546 0.124 0.00697863 -7.91974 -1.2292 -0.0528166 -1.1986 -11.9183 0.226355 12.84 4.3473 0.392044 22.7621 4.31847 0.0910222 14.3883 5.34969 0.00637652 -0.678184 0.00183872 34.3371 0.0993949 8.36704 -57.0566 -65.8952 -87.5718 42.4616 -2.12745 2.4185 0.0280628 0.159152 -3.89753e-05 1.59254e-08 9.03176e-08 7.95139e-15 -19.6303 0.461614 -18.7533 19.3507 -18.5816 83.0015 -42.9606 -11.6235 -2.55135 0.00108716 -0.0061656 5.84948e-08 -3.61192e-10 2.04824e-09 -9.54166e-15 -17.919 -19.6711 -26.0666 -24.524 -8.31731 -18.9076 -0.0195765 0.225653 0.00421146 -36.412 -29.4545 -16.7994 -0.499478 11.354 0.0795819 0.0199234 -17.0115 -2.71939 -0.00181373 -3.01218 0.00610746 17.989 -39.6793 7.97578 -13.1506 10.0023 2.63031 0.00179899 -22.9929 -0.0621312 0.00208329 -0.546679 0.00422282
2150.3 2523.55 925.362 104.156 30.3535 1.877 0.0127029 -7.91884 -1.23384 -0.0531327 -1.20905 -11.9225 0.607234 12.9066 4.36716 1.10852 22.8628 4.12213 0.770046 14.3596 5.26067 0.0059574 -0.682811 0.00145946 32.3596 0.0739091 8.49244 -52.5911 -62.5376 -84.9705 48.7424 -2.91766 3.24748 0.043758 0.248162 -9.47634e-05 1.52737e-07 8.66217e-07 4.77083e-15 -18.7098 0.495378 -18.3627 19.8449 -19.2409 83.6996 -42.6489 -11.5287 -2.39519 0.000633317 -0.00359172 1.98505e-08 7.07363e-11 -4.01241e-10 -9.54166e-15 -18.2216 -20.2847 -26.7063 -24.8185 -8.64804 -19.4115 0.0182058 0.0376678 0.000121866 -35.4171 -28.6576 -18.091 -0.902313 11.0639 0.206168 0.0183683 -16.1948 -2.69127 -0.000552479 -3.09639 0.00491652 20.6269 -39.4722 7.39047 -15.054 10.0697 3.03087 0.0419406 -24.1703 0.124093 0.00326287 -0.586322 0.00644168
2152.69 2519.17 927.536 102.695 29.9393 2.928 0.0060761 -7.94025 -1.23337 -0.0543738 -1.23966 -11.9271 0.926508 12.9592 4.33487 1.68883 22.8902 3.94814 1.35211 14.263 4.99244 0.00531805 -0.655455 0.00105859 30.4824 0.0327582 7.55992 -49.3719 -59.6538 -82.5601 55.0026 -3.40898 4.29278 0.0465716 0.264119 -0.000107342 3.28997e-07 1.86584e-06 -0 -17.3478 0.55955 -18.0424 19.211 -20.7783 84.1188 -41.406 -11.3884 -2.30612 0.000948344 -0.00537832 4.45102e-08 2.15827e-10 -1.22401e-09 -3.18055e-15 -18.3019 -21.2656 -26.6033 -24.655 -9.40479 -19.3936 0.0362537 -0.0357032 -0.000940512 -32.854 -28.3786 -18.0162 -3.66385 10.7283 0.756947 0.0122259 -15.2767 -2.58068 0.000643882 -3.15692 0.00370006 23.1462 -39.2654 7.29701 -18.3871 10.6926 3.80845 0.0629201 -25.9808 0.275076 0.00504387 -0.658503 0.00977493
2155.5 2515.97 931.724 102.19 29.4161 3.324 -0.00165096 -7.97981 -1.26317 -0.0556132 -1.28577 -11.9018 1.0632 12.983 4.28527 1.91464 22.8193 3.9051 1.57383 14.1476 4.7281 0.004411 -0.604918 0.000520501 28.8989 0.00641335 5.44678 -47.0988 -57.6053 -80.3913 60.9181 -3.67314 5.33025 0.0418173 0.237156 -8.65444e-05 3.32559e-07 1.88604e-06 -1.59028e-15 -15.4908 0.657601 -17.6544 17.5949 -22.8597 83.9015 -39.6345 -11.2559 -2.32239 0.000340133 -0.00192899 5.72565e-09 4.65874e-11 -2.64343e-10 -0 -18.4768 -22.4597 -25.8996 -24.4758 -10.4092 -18.9412 0.0398526 -0.0393311 9.38123e-05 -29.4924 -28.7035 -16.9305 -8.06708 10.9002 1.66783 0.0154308 -14.9544 -2.41266 0.00055612 -3.19007 0.00219364 23.9397 -39.2399 6.8784 -21.4173 11.8117 4.65277 0.0277461 -27.517 0.26954 0.00627105 -0.756842 0.0130004
2158.81 2514.01 937.575 101.891 28.7832 3.445 0.000679995 -8.03562 -1.34753 -0.0562887 -1.33244 -11.8355 1.00185 12.9868 4.275 1.79867 22.7272 4.02471 1.43253 14.1281 4.66125 0.00388804 -0.55076 0.000360554 27.3185 0.000991083 2.22238 -44.3607 -56.4014 -77.7383 66.4786 -3.87106 6.22282 0.0383155 0.217297 -7.26568e-05 2.73232e-07 1.54958e-06 3.18055e-15 -13.2537 0.780707 -16.9433 15.3505 -25.0839 82.6976 -37.8732 -11.1231 -2.33274 -0.00217345 0.0123262 2.33791e-07 -4.22345e-10 2.39519e-09 -3.18055e-15 -18.9463 -23.853 -24.9701 -24.6326 -11.5412 -18.3221 0.0465546 -0.0437195 -6.32192e-05 -26.1656 -29.2117 -15.4634 -12.5709 11.6655 2.72484 0.0252247 -15.4435 -2.26172 -7.50182e-05 -3.20161 0.000998458 22.4113 -39.3462 5.44998 -22.9407 13.2258 5.33338 -0.04888 -27.8632 0.113702 0.00596646 -0.859742 0.0129159
2162.97 2512.47 944.106 101.04 27.9672 3.671 0.0108483 -8.09149 -1.4713 -0.0566681 -1.36291 -11.7319 0.825802 12.957 4.37478 1.53874 22.7199 4.26495 1.10679 14.2231 4.89726 0.00387752 -0.512698 0.000741922 25.3145 0.00267543 -1.82263 -39.6184 -55.2514 -73.5688 71.8086 -3.9826 7.02301 0.0246338 0.139705 -3.00323e-05 5.35386e-09 3.03633e-08 7.95139e-15 -10.827 0.927458 -15.8268 12.94 -26.9545 80.5484 -36.6342 -10.9933 -2.25216 -0.00555864 0.0315246 1.5292e-06 -4.00133e-10 2.2693e-09 1.27222e-14 -19.6054 -25.3846 -24.1721 -25.1291 -12.6997 -17.8014 0.0471819 -0.0414694 -0.000364811 -22.9999 -29.5398 -14.0559 -15.9423 12.8641 3.75229 0.0200102 -16.6812 -2.23954 -0.000936232 -3.21368 -0.0010823 19.7477 -39.2779 3.20682 -23.1371 14.7031 5.88795 -0.121325 -26.6717 -0.0613366 0.00391941 -0.931366 0.00759312
2168.13 2510.38 950.508 99.2866 26.9213 4.148 0.0201352 -8.11349 -1.5894 -0.0572626 -1.38194 -11.6036 0.650669 12.837 4.62986 1.35608 22.856 4.5727 0.784424 14.3271 5.44294 0.00385299 -0.490551 -0.000393633 22.7752 -0.0108765 -6.17466 -33.0629 -52.912 -68.072 76.8764 -3.82114 7.83439 -0.0180392 -0.102305 -1.6105e-05 -2.17227e-07 -1.23195e-06 -3.18055e-15 -8.39297 1.10259 -14.4971 10.8907 -28.1266 78.016 -36.1086 -10.8959 -2.12562 -0.00679203 0.0385195 2.28311e-06 -2.89615e-10 1.64239e-09 1.59028e-14 -20.1367 -26.8334 -23.6502 -25.6511 -13.739 -17.4829 0.0329267 -0.0186091 -0.000431694 -19.3576 -29.6426 -12.7242 -17.8677 14.3024 4.68076 -0.0181334 -18.5808 -2.41913 -0.00358714 -3.26427 -0.00888977 18.4256 -38.7419 1.29572 -23.3819 15.9225 6.55204 -0.169668 -24.0783 -0.165437 0.000842293 -0.943485 0.000133164
2174.31 2507.33 956.304 96.7647 25.6283 4.758 0.0258014 -8.07608 -1.66874 -0.0580899 -1.41414 -11.4674 0.525813 12.5995 5.04492 1.27524 23.0589 4.97769 0.50499 14.2981 6.24124 0.0063264 -0.446387 -0.00577978 20.18 -0.045699 -10.2696 -26.7824 -48.6656 -62.9903 81.356 -4.09239 8.61446 0.0452552 0.256653 -0.000101359 -1.50035e-05 -8.5089e-05 -1.11367e-11 -6.15874 1.29936 -13.3583 9.76264 -28.4565 75.8341 -36.0882 -10.8468 -2.03867 -0.00483709 0.0274325 1.15797e-06 -5.01747e-10 2.84551e-09 3.18055e-15 -20.2535 -27.8198 -23.3062 -25.8134 -14.4496 -17.2715 0.0245165 -0.0136569 0.000166622 -14.7461 -29.5617 -11.2844 -18.8019 15.8609 5.49615 -0.0765294 -20.9973 -2.68805 -0.00681319 -3.38323 -0.0198884 20.207 -37.6287 0.716231 -24.7895 16.5467 7.40916 -0.178798 -20.5492 -0.178364 -0.00147189 -0.904161 -0.00436593
2181.72 2503.67 960.914 93.7842 24.057 5.349 0.0300945 -7.98066 -1.70582 -0.0586698 -1.47472 -11.3398 0.41955 12.2784 5.56781 1.14778 23.1385 5.51064 0.231692 14.0518 7.1448 0.0174117 -0.328274 -0.013714 18.3146 -0.0956757 -13.6033 -22.5541 -42.9149 -59.7369 84.5269 -6.33298 9.1565 0.471367 2.67129 -0.0109903 -0.000116416 -0.000660226 -6.70731e-10 -4.32496 1.48891 -12.587 9.80756 -27.8494 74.312 -36.3043 -10.8759 -2.05585 -0.00280053 0.0158826 3.88159e-07 -1.29639e-09 7.35215e-09 1.90833e-14 -19.8976 -27.972 -22.8938 -25.5057 -14.618 -16.965 0.038965 -0.0685519 0.00205146 -9.46258 -29.1441 -9.75492 -19.3838 17.3517 6.17389 -0.118231 -23.4629 -2.82661 -0.00593314 -3.58219 -0.0213476 24.4629 -35.894 1.11127 -27.1253 16.5319 8.25909 -0.145114 -16.9462 -0.134634 -0.00217803 -0.856324 -0.00573012
2190.23 2500.25 963.465 90.5346 22.1977 5.866 0.0350152 -7.85304 -1.71556 -0.0585129 -1.54748 -11.2353 0.290711 11.9585 6.1 0.878033 22.9018 6.09676 0.00921174 13.62 7.93968 0.0378906 -0.140908 -0.0156436 17.6116 -0.158963 -15.6586 -20.8115 -36.7876 -58.5935 85.1504 -9.16447 9.13539 0.98906 5.59114 -0.0482977 -0.000460727 -0.00261291 -1.05055e-08 -2.99033 1.63003 -11.7882 10.4391 -26.3948 72.9507 -36.5311 -11.0227 -2.22965 -0.00400654 0.0227222 7.94453e-07 -1.37028e-08 7.77122e-08 9.54166e-15 -19.1561 -27.2809 -22.1872 -24.7966 -14.2464 -16.4078 0.0636698 -0.169706 0.00425794 -4.41636 -28.2106 -8.42625 -19.9906 18.5488 6.7221 -0.117981 -24.9453 -2.75407 0.00018784 -3.84648 -0.00831737 28.6662 -33.6508 1.13911 -29.0249 16.2434 8.77197 -0.0894714 -14.3225 -0.0623955 -0.0022384 -0.847219 -0.00540935
2199.02 2497.81 963.541 87.0062 20.1228 6.307 0.0393232 -7.73021 -1.71617 -0.0577494 -1.59035 -11.1601 0.167985 11.722 6.56428 0.585792 22.3242 6.58166 -0.0446174 13.1133 8.46184 0.0526715 0.0103566 -0.00651417 17.9348 -0.205993 -16.147 -21.1075 -31.2146 -59.1065 82.2574 -8.49928 8.35987 0.867224 4.90606 -0.0371523 -0.000598169 -0.00339238 -1.77083e-08 -2.13683 1.69769 -10.3248 10.7322 -24.4049 70.995 -36.636 -11.2355 -2.51391 -0.00714673 0.0405311 2.5278e-06 -2.93689e-08 1.6656e-07 -3.18055e-15 -18.117 -26.1633 -21.1827 -23.6996 -13.6044 -15.6279 0.0772053 -0.26807 0.00416637 -0.269867 -26.8756 -7.48627 -20.4703 19.4494 7.13253 -0.0765134 -24.3896 -2.5643 0.00519358 -4.13518 0.00486064 30.1693 -31.1907 -0.249346 -28.882 16.2574 8.64079 -0.0403578 -13.4469 0.0396896 -0.00244022 -0.890798 -0.00352986
2207 2496.42 962.075 83.2424 18.0223 6.661 0.037068 -7.64503 -1.72142 -0.0569995 -1.57486 -11.1117 0.165403 11.5836 6.90143 0.56709 21.6465 6.82785 0.174833 12.6564 8.6686 0.0456827 0.00897174 0.00393871 18.7927 -0.189266 -15.3665 -22.9355 -26.6674 -60.6128 75.8934 -7.11028 6.9437 0.629802 3.5671 -0.0196115 -0.000483119 -0.0027399 -1.15514e-08 -1.66149 1.69237 -7.86831 9.78783 -22.4292 68.0343 -36.4229 -11.3743 -2.82902 -0.00671054 0.0380574 2.22866e-06 -1.83037e-08 1.03805e-07 1.90833e-14 -16.8115 -25.1915 -20.2022 -22.1394 -13.0605 -14.8841 0.0797376 -0.366963 0.00148266 3.02438 -25.4431 -6.8453 -20.2821 20.1078 7.26285 0.00687357 -21.5024 -2.3293 0.00342808 -4.40848 0.00487487 28.1103 -28.7893 -2.90328 -26.2666 17.0912 7.90502 -0.00172484 -14.0944 0.0699971 -0.00221735 -0.954917 -0.0028062
2213.39 2495.56 960.634 79.625 16.1365 6.882 0.0250999 -7.615 -1.74299 -0.0565418 -1.51242 -11.0885 0.351576 11.5185 7.06332 0.938604 21.1343 6.84624 0.634774 12.3254 8.65676 0.0248816 -0.12428 0.00547593 19.7293 -0.117721 -14.1034 -25.8778 -23.2941 -62.4852 67.1049 -5.5559 5.25142 0.44738 2.53553 -0.0099007 -0.000268034 -0.0015201 -3.55555e-09 -1.43717 1.6279 -4.86124 7.05624 -20.8509 64.3121 -35.5424 -11.2934 -3.16938 0.00237004 -0.0134412 2.77997e-07 -1.51609e-07 8.59818e-07 -0 -15.2118 -24.6953 -19.6193 -20.0582 -12.8361 -14.4485 0.0920297 -0.481104 0.00242719 5.55803 -24.0915 -6.40248 -19.1098 20.4212 6.96054 0.0932404 -17.054 -2.16243 -0.00241491 -4.6407 -0.00193317 23.8861 -26.7571 -5.81954 -22.3747 18.9814 7.09892 0.0344768 -15.049 -0.107623 -0.000953683 -0.994976 -0.00493949
2217.93 2494.69 960.152 76.787 14.6067 6.948 0.00993271 -7.63036 -1.7868 -0.0561849 -1.43648 -11.0805 0.646689 11.4877 7.01985 1.46302 20.8527 6.73352 1.13255 12.1139 8.55071 0.0090184 -0.258674 0.00202773 20.5844 -0.0495766 -13.2405 -29.2061 -21.1754 -64.0156 57.2956 -3.39604 3.71824 0.294483 1.66962 -0.00429099 -8.2475e-05 -0.000467739 -3.36649e-10 -1.4221 1.53226 -2.29127 3.01589 -19.6238 60.7448 -33.7322 -10.9565 -3.44951 0.0176119 -0.0998818 1.53511e-05 -4.62022e-07 2.62025e-06 2.54444e-14 -13.4299 -24.5155 -19.4583 -17.7101 -12.8302 -14.3283 0.101009 -0.486841 0.00788535 7.00894 -22.7825 -6.18597 -17.1486 20.2543 6.23153 0.118294 -12.4837 -2.208 -0.00600167 -4.82375 -0.00375855 19.8273 -25.5314 -8.19558 -19.0317 21.8485 6.88774 0.046673 -15.1487 -0.399673 0.000236413 -0.994825 -0.00612274
2220.59 2493.74 960.575 75.048 13.4163 6.928 0.000566451 -7.66362 -1.8436 -0.0558916 -1.37776 -11.0735 0.887777 11.4584 6.7733 1.82537 20.7093 6.53117 1.47586 11.9951 8.38667 0.00503086 -0.308545 0.000116576 21.3537 -0.0155586 -13.1729 -31.7485 -20.4318 -64.6243 47.3677 -0.753252 2.67721 0.181831 1.0311 -0.00163616 -1.23838e-05 -7.0232e-05 -7.56972e-12 -1.65811 1.44646 -0.921034 -1.01945 -18.7032 58.3722 -31.1387 -10.5005 -3.42872 0.0278824 -0.158129 3.84759e-05 -7.85533e-07 4.45498e-06 1.90833e-14 -11.7443 -24.3096 -19.4237 -15.5545 -12.8063 -14.3043 0.0738331 -0.314798 0.00840882 7.10372 -21.5332 -6.22809 -14.7669 19.8802 5.25895 0.0841427 -8.95701 -2.41571 -0.00539029 -4.96356 -0.000639686 17.2521 -25.3616 -9.90368 -17.4793 25.483 7.52848 0.00384278 -14.2167 -0.575447 0.000549486 -0.975616 -0.00230628
2221.23 2493.2 961.172 74.106 12.4553 6.927 -0.000841301 -7.69345 -1.89597 -0.0557014 -1.35185 -11.0685 0.963417 11.4245 6.4028 1.89924 20.5844 6.23112 1.61565 11.9497 8.14074 0.0083385 -0.292992 -0.000180284 21.9152 0.00734217 -13.5986 -32.0156 -20.7839 -63.9802 37.8765 1.88245 2.21703 0.108357 0.614497 -0.000581068 5.20068e-07 2.94945e-06 3.18055e-15 -2.22273 1.40238 -0.903475 -3.25565 -18.1937 58.0104 -28.6281 -10.0885 -2.98665 0.0271051 -0.15372 3.63605e-05 -8.50705e-07 4.82459e-06 2.22639e-14 -10.4251 -23.8828 -19.2947 -13.9281 -12.6057 -14.2144 0.0272981 -0.11205 0.00308754 6.14079 -20.5985 -6.42558 -12.0542 20.0096 4.22917 0.0445954 -6.82814 -2.59106 -0.00312875 -5.06283 0.00110314 15.7302 -26.028 -11.2053 -17.9888 29.7302 8.91906 -0.138434 -13.1595 -0.513594 0.00128025 -0.980036 0.00936479
2220.12 2493.69 961.45 73.285 11.5919 7.009 0.00218002 -7.70805 -1.93596 -0.0556419 -1.36041 -11.0698 0.915857 11.3863 6.03086 1.82385 20.4544 5.83636 1.65192 11.9392 7.78383 0.0114584 -0.269354 0.000444427 21.9326 0.0489907 -13.9846 -28.9839 -21.3954 -61.9342 29.5157 3.9594 2.00348 0.0600964 0.340819 -0.00017874 5.35103e-07 3.03472e-06 -6.36111e-15 -3.18513 1.39241 -1.81593 -2.54629 -17.9833 59.8134 -27.2024 -9.82145 -2.37779 0.0202498 -0.114842 2.0294e-05 -5.65791e-07 3.20876e-06 6.36111e-15 -9.60284 -23.2103 -19.17 -12.9468 -12.1918 -14.1271 -0.00335218 0.00412269 -1.21989e-05 4.96917 -20.1638 -6.57746 -8.76746 20.9953 3.1166 0.0246125 -5.69375 -2.66157 -0.00137523 -5.12381 0.000548566 13.8938 -26.8322 -12.5421 -20.4926 34.1722 11.2461 -0.409629 -13.0313 -0.174204 0.00365668 -1.04165 0.0334295
2218.27 2495.81 961.38 71.923 10.7261 7.161 0.00472006 -7.69415 -1.98149 -0.0558487 -1.39596 -11.0712 0.902011 11.3219 5.75108 1.86478 20.3509 5.39524 1.77922 11.9039 7.34919 0.00986771 -0.28051 0.0024547 21.0593 0.106479 -14.0174 -22.7807 -21.2261 -58.7188 23.0799 5.2956 1.67621 0.0264686 0.150111 -3.4673e-05 9.28403e-09 5.26523e-08 9.54166e-15 -4.46576 1.3673 -2.99128 0.1852 -17.5527 62.8244 -26.9481 -9.7395 -1.91275 0.0126564 -0.0717782 7.92777e-06 -2.03059e-07 1.1516e-06 -9.54166e-15 -9.21243 -22.3481 -19.262 -12.5304 -11.6046 -14.1977 -0.020951 0.0876521 -0.0016726 4.25263 -20.059 -6.54661 -4.80482 22.3621 1.76457 0.0116503 -4.98384 -2.68222 -0.00041717 -5.15664 0.000314238 10.7894 -26.8225 -14.2543 -25.2959 37.6952 15.258 -0.677157 -14.2263 0.375208 0.00722157 -1.16435 0.0653433
2216.88 2499.78 960.858 69.715 9.79865 7.348 0.00592415 -7.62452 -2.07387 -0.0561614 -1.44228 -11.0562 1.05324 11.1768 5.56595 2.15661 20.2273 4.96801 2.12875 11.7684 6.91129 0.00649809 -0.329903 0.00528987 19.2313 0.163331 -13.7155 -14.3752 -19.6679 -54.9383 18.7579 6.05381 1.24265 0.00769632 0.043648 -2.93154e-06 -2.94667e-08 -1.67114e-07 -6.36111e-15 -5.73384 1.27458 -3.92464 2.50676 -16.6322 65.5419 -26.9104 -9.82138 -1.75592 0.00606728 -0.0344093 1.82187e-06 -3.73496e-08 2.1182e-07 3.18055e-15 -9.14456 -21.1355 -19.5636 -12.5885 -10.7313 -14.4142 -0.0346904 0.175918 -0.00362422 4.00936 -19.8976 -6.37926 -0.639651 23.2991 0.232911 0.0010411 -4.43417 -2.67762 -0.000143265 -5.18057 0.00158744 6.901 -25.2866 -16.1018 -32.354 38.754 21.0773 -0.6222 -16.4672 0.797836 0.00942546 -1.31676 0.080966
2216.94 2505.37 959.694 66.605 8.74227 7.59 0.00870099 -7.46423 -2.24497 -0.0559436 -1.48367 -11.0107 1.38667 10.9265 5.38446 2.66654 19.9987 4.56389 2.67582 11.4876 6.49558 0.00963175 -0.37492 0.00771331 16.7121 0.216768 -13.1941 -5.18935 -17.0264 -51.4011 15.7947 6.55881 0.811547 0.00379725 0.0215353 -7.13622e-07 2.10868e-09 1.19589e-08 -3.18055e-15 -6.53748 1.10093 -4.40789 2.6639 -15.5539 67.0743 -26.0603 -9.97661 -1.87671 0.00186789 -0.0105933 1.72676e-07 -3.79899e-09 2.15452e-08 3.18055e-15 -9.2237 -19.3736 -19.762 -12.8965 -9.46267 -14.5176 -0.0378996 0.213156 -0.00186917 4.13187 -19.3812 -6.22322 3.02666 23.4298 -1.17738 0.000734018 -3.8981 -2.63387 -0.000213169 -5.21551 0.00432949 3.66025 -22.0916 -17.4258 -39.5232 36.7652 26.4436 -0.204964 -19.0376 0.759978 0.00763971 -1.44726 0.0648957
2218.89 2512.15 957.744 62.756 7.47303 7.901 0.0139912 -7.18878 -2.48344 -0.0551463 -1.51398 -10.9425 1.76111 10.6465 5.12819 3.2015 19.6483 4.18702 3.21884 11.1055 6.08339 0.0262854 -0.357818 0.00740493 13.9746 0.245382 -12.468 3.41635 -14.3817 -48.8422 13.0239 7.07847 0.266046 0.0128286 0.0727544 -8.14487e-06 -9.86866e-09 -5.59679e-08 -0 -6.59653 0.894963 -4.63591 1.29925 -14.7164 67.7389 -24.3996 -9.98245 -1.8926 -0.00246018 0.0139524 2.99545e-07 -9.4115e-10 5.33756e-09 1.59028e-14 -9.15471 -17.2624 -19.5243 -12.9791 -8.01597 -14.2501 -0.0281098 0.179988 0.00188035 4.64087 -18.3789 -6.16251 5.8586 22.9005 -2.23508 0.00786969 -3.42052 -2.51954 -4.15988e-05 -5.26579 0.00710291 1.93922 -17.6365 -17.8271 -43.983 33.1612 28.6615 0.15474 -21.3059 0.309707 0.00366405 -1.52744 0.036115
2222.58 2519.92 955.1 58.64 5.94426 8.228 0.0197791 -6.83982 -2.74371 -0.0553736 -1.48754 -10.8487 1.93058 10.4603 4.79928 3.43499 19.2513 3.87714 3.42225 10.7131 5.63968 0.0558682 -0.242862 -0.000838576 11.6583 0.189449 -11.5024 10.3858 -12.7886 -47.8974 9.70008 7.38225 -0.12229 0.0329499 0.186867 -5.37322e-05 8.88013e-08 5.03617e-07 -6.36111e-15 -5.9375 0.722139 -5.01058 0.388786 -14.1247 68.4014 -22.9264 -9.80384 -1.59978 -0.0117812 0.0668147 6.86928e-06 -6.04087e-11 3.42501e-10 -1.59028e-14 -8.70858 -15.2308 -18.7924 -12.4465 -6.73077 -13.6117 -0.013246 0.127522 0.00226355 5.43546 -16.821 -6.15049 8.02937 21.9136 -2.91526 0.0261133 -3.35174 -2.28674 0.000930698 -5.32523 0.00928287 1.63097 -12.5224 -17.4094 -44.9625 29.5999 27.4274 0.2322 -22.8824 -0.229709 0.000809481 -1.56661 0.0153011
2227.06 2529.25 952.418 54.737 4.28606 8.512 0.0228754 -6.55317 -3.01205 -0.0582055 -1.28437 -10.6587 1.73315 10.4194 4.4562 3.11903 18.916 3.68137 3.04726 10.3829 5.16697 0.0842859 -0.0688562 -0.0181957 10.3939 0.0273706 -10.4245 14.5208 -12.5364 -49.2685 6.13713 6.45126 1.03644 0.0479012 0.271659 -0.000113558 -1.90391e-06 -1.07976e-05 -1.68569e-13 -4.81064 0.599851 -5.65041 0.754051 -13.4646 69.3381 -22.5442 -9.81866 -1.28601 -0.0253635 0.143843 3.1838e-05 4.35258e-08 -2.46847e-07 -0 -7.92262 -13.5894 -17.7943 -11.3579 -5.76048 -12.8199 -0.00076375 0.119969 -0.00115525 6.17691 -14.8724 -6.04077 9.75654 20.5404 -3.27096 0.089092 -4.26007 -1.89176 0.0028595 -5.39195 0.0126386 2.03624 -7.35076 -16.4936 -43.2106 26.4963 23.9654 0.163954 -23.5623 -0.592243 -0.000564156 -1.5865 0.00526465
2230.31 2541.24 950.61 51.294 2.84059 8.759 0.0214667 -6.46504 -3.3322 -0.0624001 -0.796229 -10.2631 1.19387 10.4577 4.14986 2.22126 18.6821 3.61869 2.11891 10.1484 4.72289 0.0969485 0.0981573 -0.0373747 10.518 -0.159249 -9.61115 14.5216 -12.9053 -53.124 4.47937 3.37246 4.97141 0.0325561 0.184634 -5.24556e-05 1.19722e-05 6.78978e-05 -7.08628e-12 -3.49345 0.492951 -6.26706 0.987732 -12.62 69.8626 -23.0934 -10.479 -1.43254 -0.0349645 0.198293 6.05037e-05 1.988e-07 -1.12745e-06 2.8625e-14 -7.13939 -12.4027 -16.808 -10.2372 -5.05995 -12.0741 0.00935203 0.16979 -0.00485701 6.3798 -13.1142 -5.74246 10.7643 18.9351 -3.28849 0.248385 -6.76489 -1.32107 0.00469417 -5.46742 0.0166559 2.48751 -2.79452 -15.3003 -39.7761 23.6635 19.5924 0.07453 -23.483 -0.745682 -0.00140379 -1.60229 0.000828673
2230.19 2556.58 950.181 48.18 1.92544 9.04 0.0151676 -6.62379 -3.74249 -0.0655671 -0.0343047 -9.62283 0.468395 10.4879 3.88575 0.918487 18.5491 3.6546 0.865063 10.0236 4.37601 0.093123 0.245565 -0.0502942 11.9686 -0.266025 -9.38612 9.34893 -12.8274 -58.5749 8.24393 -0.544604 10.6191 -0.0256894 -0.145691 -3.26615e-05 4.49637e-05 0.000255002 -1.00025e-10 -2.12618 0.35928 -6.48115 -1.94459 -11.9367 68.858 -23.3088 -12.1084 -2.71062 -0.0283029 0.160513 3.9645e-05 1.11102e-07 -6.3009e-07 -2.54444e-14 -6.68824 -11.6011 -15.964 -9.55822 -4.56677 -11.4405 0.0163196 0.237145 -0.00684139 6.21535 -12.2573 -5.29183 10.3818 17.3632 -2.91606 0.522131 -10.964 -0.72201 0.00440858 -5.54005 0.0155149 2.84518 0.56878 -13.9661 -35.3906 21.0312 15.1973 -0.0175655 -23.0658 -0.774626 -0.00210395 -1.62018 -0.00119249
2225.48 2574.99 950.895 44.935 1.6361 9.376 0.00297534 -6.94105 -4.20153 -0.0652564 0.821981 -8.85321 -0.270557 10.4987 3.6992 -0.519089 18.535 3.78265 -0.444727 10.0304 4.2209 0.0815379 0.387307 -0.0528303 14.3386 -0.262493 -9.77007 -0.757127 -11.9666 -63.8267 18.0692 -1.59832 13.9209 -0.111369 -0.631581 -0.000613828 7.47639e-05 0.000424007 -2.76629e-10 -0.897702 0.212328 -6.30699 -10.334 -11.3948 65.4967 -21.7415 -14.5689 -5.26482 -0.000732433 0.00415384 2.655e-08 -4.54111e-07 2.57539e-06 3.18055e-15 -6.59871 -11.174 -15.3873 -9.38267 -4.30492 -11.0061 0.00766983 0.343057 -0.0124252 6.90359 -12.6518 -4.73831 8.17671 15.8213 -2.15681 0.809748 -16.2747 -0.42604 0.00208898 -5.58468 0.00751725 3.33953 2.41967 -12.5992 -30.3453 18.8583 11.312 -0.102278 -22.8293 -0.792983 -0.00237448 -1.64124 -0.00184495
2216.24 2595.41 952.125 41.13 1.82472 9.72 -0.0168651 -7.18971 -4.58915 -0.0561135 1.47072 -8.1998 -0.934375 10.5317 3.6732 -1.88709 18.6444 4.06204 -1.64142 10.1777 4.33617 0.0672685 0.508484 -0.0370983 17.0841 -0.185375 -10.5516 -12.1063 -10.82 -67.2004 29.3367 0.335039 11.713 -0.133374 -0.756357 -0.000880342 6.0419e-05 0.000342653 -1.80656e-10 -0.0498868 0.106054 -6.23551 -22.876 -9.90326 59.8471 -17.8466 -16.4466 -7.21608 0.0287334 -0.162955 4.08604e-05 -6.16481e-07 3.49624e-06 6.36111e-15 -6.66168 -11.1216 -15.267 -9.4624 -4.28864 -10.917 -0.0281599 0.54636 -0.0231446 9.68337 -14.0352 -4.00312 4.64675 14.0347 -1.22527 0.882218 -21.6944 -0.649924 0.00109204 -5.60943 0.00104808 4.25271 2.7949 -11.3199 -25.0084 17.4171 8.26643 -0.142082 -23.0806 -0.825163 -0.00204039 -1.66928 -0.000949534
2203.39 2616.2 953.668 36.651 2.23166 10.101 -0.0492458 -7.11898 -4.77508 -0.0278522 1.64992 -7.92682 -1.48426 10.6106 3.8311 -3.04142 18.8408 4.49508 -2.623 10.421 4.68812 0.0486315 0.525441 -0.000844004 19.6919 -0.0867048 -11.5765 -19.7308 -9.83757 -68.5525 37.7478 1.94805 7.12751 -0.059363 -0.336661 -0.000174404 2.70788e-05 0.000153572 -3.62551e-11 0.427428 0.0788105 -6.76705 -34.72 -6.72839 53.5861 -13.2925 -15.5682 -6.32284 0.0363771 -0.206304 6.54911e-05 -9.49239e-07 5.3834e-06 3.81667e-14 -6.71937 -11.3077 -15.7342 -9.58068 -4.40964 -11.2604 -0.0850017 0.802089 -0.0235252 14.7379 -15.819 -3.03969 0.989047 12.0097 -0.436017 0.656604 -25.9525 -1.18612 0.0018185 -5.6763 0.000741421 5.69999 2.07122 -10.3613 -20.1637 16.6961 6.1583 -0.126598 -23.6993 -0.798693 -0.00125631 -1.72172 0.00427413
2187.82 2635.69 956.131 31.783 2.64718 10.661 -0.0901416 -6.60625 -4.65288 0.020118 1.2972 -8.2116 -1.88238 10.7194 4.08607 -3.87681 19.0693 4.95872 -3.30854 10.687 5.09922 0.02808 0.37149 0.0343508 21.7549 -0.00969564 -12.951 -22.2337 -8.92242 -68.5368 42.5035 2.34367 4.46485 0.0202827 0.115028 -2.036e-05 3.47619e-06 1.97144e-05 -6.10666e-13 0.785568 0.116189 -7.89406 -41.671 -3.35344 48.7692 -10.9125 -12.2503 -3.6471 0.0261464 -0.148283 3.38339e-05 -7.67654e-07 4.35358e-06 6.36111e-15 -6.81038 -11.5473 -16.7325 -9.74911 -4.52721 -11.9861 -0.13777 0.937375 -0.0020573 20.6159 -17.565 -2.19807 -1.73711 10.2338 0.072453 0.305389 -27.6431 -1.86613 0.00132987 -5.85324 0.0129391 7.63249 0.697005 -10.0595 -16.9726 16.4512 4.99214 -0.0739806 -24.3551 -0.670571 0.000950787 -1.82382 0.0171661
2170.56 2652.57 960.207 27.162 2.9487 11.478 -0.114436 -5.74313 -4.17606 0.0593203 0.572419 -9.04352 -2.16132 10.8415 4.28987 -4.47248 19.3016 5.308 -3.78207 10.9351 5.35195 0.0129871 0.085696 0.0471461 23.119 0.0382952 -14.8985 -21.8904 -8.04715 -67.6358 44.7005 2.00289 4.11537 0.0686219 0.389168 -0.00023305 -7.55209e-07 -4.283e-06 -2.8625e-14 1.32564 0.197716 -9.16509 -42.7309 -2.10121 46.0482 -10.881 -9.04167 -1.51717 0.0123417 -0.0699933 7.53841e-06 -1.76e-07 9.98144e-07 -1.59028e-15 -6.95394 -11.8425 -17.9494 -9.95566 -4.65632 -12.8805 -0.151509 0.840086 0.0184157 24.7814 -19.1171 -2.16468 -3.41854 9.32759 0.333369 -0.0277879 -25.5618 -3.10077 0.00124923 -6.18026 0.05135 9.90772 -0.91643 -10.6027 -16.3904 16.2785 4.74201 -0.00674498 -24.8816 -0.462996 0.00438132 -1.98479 0.0328548
2152.89 2666.45 965.555 23.355 3.13854 12.427 -0.0994338 -4.80813 -3.43508 0.0550576 -0.239754 -10.1382 -2.4241 10.9759 4.34057 -5.06527 19.5298 5.49958 -4.28738 11.1566 5.36998 0.00952715 -0.212611 0.0397065 23.8616 0.0809831 -17.4172 -21.6318 -7.5143 -66.2755 45.5514 1.58083 4.22959 0.104877 0.594765 -0.000544348 -2.42169e-06 -1.37341e-05 -3.11694e-13 2.07966 0.340015 -10.2285 -38.5603 -3.92307 45.2842 -11.8366 -7.31255 -0.750352 0.00147263 -0.00835168 1.07328e-07 -6.89655e-08 3.91123e-07 6.36111e-15 -7.14537 -12.3762 -19.0842 -10.2 -4.94557 -13.7318 -0.124111 0.652306 0.0142388 25.4003 -20.3781 -3.36251 -5.00806 9.54564 0.505944 -0.29394 -19.6411 -4.98043 0.00955265 -6.64496 0.0962752 12.461 -2.53258 -11.7887 -18.2849 15.8386 5.16652 0.055492 -25.2118 -0.250182 0.00555375 -2.17854 0.0369994
2135.92 2678.05 970.922 20.434 3.34482 13.246 -0.0578467 -4.09952 -2.63466 0.0126039 -0.876507 -11.07 -2.76811 11.1009 4.24747 -5.83787 19.7311 5.59819 -5.01599 11.3376 5.24624 0.0157195 -0.421579 0.0249692 24.1189 0.125429 -20.0955 -21.9604 -7.45313 -64.8165 45.4736 1.45439 4.0064 0.124233 0.704523 -0.000763809 -4.32365e-06 -2.45206e-05 -9.41444e-13 2.67989 0.549449 -11.105 -30.1725 -7.93668 46.5228 -13.5078 -7.05088 -0.965017 -0.00291236 0.0165168 4.19778e-07 -1.31651e-07 7.46632e-07 1.59028e-14 -7.44343 -13.2196 -20.0992 -10.6043 -5.44828 -14.4968 -0.0965022 0.586419 -0.00385326 22.4713 -21.1134 -5.49211 -7.68033 10.6213 0.946182 -0.427179 -11.3756 -6.36118 0.0208774 -7.1205 0.0845738 15.3621 -4.23476 -13.0762 -21.451 15.1874 5.87024 0.109444 -25.0526 -0.0849051 0.00278016 -2.35754 0.0246487
2120.04 2688.44 975.121 17.931 3.672 13.762 -0.0235505 -3.74274 -1.95854 -0.030806 -1.2235 -11.5694 -3.20303 11.166 4.08627 -6.75106 19.8514 5.68102 -5.92422 11.4452 5.12977 0.0237272 -0.526509 0.0106827 24.0405 0.147418 -22.3961 -22.2735 -7.69871 -63.4706 44.6115 1.63027 3.66561 0.110456 0.626402 -0.000603802 -4.27916e-06 -2.42683e-05 -9.06458e-13 2.77743 0.784243 -12.0442 -19.1108 -12.1671 49.7721 -16.1728 -7.53595 -1.33469 0.000171303 -0.00097151 1.45231e-09 -6.86735e-08 3.89467e-07 3.18055e-15 -7.92379 -14.135 -21.1273 -11.3053 -5.97869 -15.2508 -0.10031 0.692215 -0.012775 17.8271 -21.1989 -7.64406 -11.9256 12.0752 2.01172 -0.430367 -3.32508 -5.97172 0.0139527 -7.38981 0.0172356 18.5554 -6.16777 -13.9391 -24.205 14.6986 6.49634 0.167497 -23.8631 0.0397306 -0.00123667 -2.4931 0.00752074
2104.85 2697.84 977.704 15.058 4.04763 14.009 -0.0084382 -3.67973 -1.49336 -0.0526128 -1.32665 -11.6468 -3.62299 11.131 3.94023 -7.53663 19.8314 5.77733 -6.7318 11.4223 5.11851 0.030536 -0.538948 -0.000238167 23.8531 0.118352 -24.043 -22.7392 -8.33368 -62.1886 43.258 2.08553 3.17803 0.0721389 0.409113 -0.00025755 -2.09341e-06 -1.18723e-05 -2.13097e-13 2.49506 0.94844 -13.1691 -7.82859 -14.8729 54.2765 -19.4433 -8.16178 -1.36736 0.0042759 -0.0242498 9.04864e-07 -5.55734e-08 3.15172e-07 6.36111e-15 -8.60239 -14.5636 -22.2511 -12.3534 -6.12017 -16.0505 -0.124252 0.828712 -0.00192712 13.9598 -20.8348 -8.91422 -16.9259 13.4929 3.63112 -0.418979 2.25723 -4.25176 -0.00131982 -7.37383 -0.0311939 21.9846 -8.20483 -14.2243 -25.2459 14.6327 6.79906 0.216073 -21.3206 0.114696 -0.00335603 -2.58483 -0.0024318
2090.01 2705.28 978.794 11.132 4.2608 14.133 0.000667384 -3.7626 -1.24092 -0.057224 -1.32105 -11.5147 -3.91413 10.9746 3.8729 -7.96443 19.61 5.90864 -7.17631 11.1891 5.19043 0.0411732 -0.440702 -0.00827829 23.7949 0.043165 -24.9727 -23.4172 -9.48762 -60.8617 41.5004 2.6387 2.58637 0.0359246 0.203738 -6.3872e-05 -4.57864e-07 -2.59668e-06 -3.18055e-15 2.44145 0.945876 -14.2401 1.19803 -15.6335 58.789 -22.4965 -8.74112 -1.18984 0.00220086 -0.0124817 2.39725e-07 -9.40954e-09 5.3364e-08 -6.36111e-15 -9.22283 -13.9485 -23.2105 -13.428 -5.51345 -16.7164 -0.134226 0.825742 0.0129618 12.385 -20.2467 -8.9334 -21.2546 14.6597 5.32935 -0.39339 4.95926 -2.68814 -0.00166193 -7.23461 -0.0268981 25.7679 -9.8752 -14.1545 -24.2934 14.6876 6.5857 0.200044 -17.9472 0.0755407 -0.0035522 -2.64513 -0.00425827
2075.7 2709.45 978.303 5.856 4.11543 14.216 0.018961 -3.8608 -1.14767 -0.0570832 -1.31893 -11.4179 -4.02954 10.6938 3.92104 -7.9957 19.1515 6.08974 -7.20491 10.7156 5.24309 0.0584094 -0.240578 -0.0143318 23.9569 -0.0427306 -25.1035 -24.0539 -10.755 -59.7225 39.4442 3.02781 2.14016 0.0241703 0.137076 -2.89128e-05 -5.49828e-08 -3.11823e-07 -1.27222e-14 3.2351 0.778638 -14.8412 6.67416 -15.0731 62.4301 -24.75 -9.2598 -1.08955 -0.00484594 0.0274827 1.16221e-06 4.28242e-09 -2.42868e-08 -6.36111e-15 -9.43043 -12.2056 -23.5669 -14.008 -4.19507 -16.9158 -0.119147 0.679393 0.0162994 13.1157 -19.4691 -7.88638 -24.1119 15.5283 6.69611 -0.285105 5.55628 -1.85151 0.00662363 -7.15789 -0.00197961 30.2062 -10.5903 -14.0341 -21.8316 14.113 5.72853 0.0950883 -14.914 -0.0570174 -0.00340458 -2.69037 -0.00317759
2062.09 2709.78 975.893 -0.592 3.58797 14.197 0.0461093 -3.93769 -1.14154 -0.0572738 -1.3326 -11.4806 -3.98026 10.2935 4.0808 -7.69635 18.5046 6.27936 -6.92781 10.0562 5.20365 0.0719507 -0.0351814 -0.0145827 24.3609 -0.126578 -24.2869 -24.5822 -11.2209 -59.2324 37.3697 3.16205 1.93633 0.0436621 0.247619 -9.43487e-05 -8.74692e-08 -4.96062e-07 -0 4.9295 0.583411 -14.7413 8.82138 -13.9796 64.9985 -26.0668 -9.67999 -1.16076 -0.0104766 0.0594155 5.43207e-06 3.33445e-08 -1.89106e-07 -9.54166e-15 -9.10745 -9.72642 -23.1142 -13.782 -2.52124 -16.4984 -0.0912725 0.476288 0.0128086 15.1576 -18.4783 -6.18501 -25.662 15.9357 7.5796 -0.140229 4.82101 -1.42346 0.0105435 -7.18785 0.00931663 35.5287 -10.0856 -13.9636 -18.6846 12.4145 4.38182 -0.0338225 -13.0954 -0.141084 -0.00382754 -2.73412 -0.00230461
2048.7 2707.03 971.546 -7.645 2.87961 13.999 0.0655164 -4.00395 -1.15887 -0.0573717 -1.3223 -11.6936 -3.82029 9.78984 4.28481 -7.20504 17.7713 6.38902 -6.51001 9.31311 5.07802 0.0730172 0.067724 -0.0100004 25.1638 -0.212863 -22.5554 -25.2762 -10.2728 -59.6272 35.5137 3.18485 1.85893 0.0774171 0.439045 -0.000296617 7.65714e-08 4.34258e-07 6.36111e-15 6.92814 0.520687 -14.0829 9.45347 -12.8922 66.9863 -26.6527 -9.87619 -1.27063 -0.00986182 0.0559291 4.81329e-06 3.89161e-08 -2.20704e-07 -3.18055e-15 -8.43015 -7.14325 -21.9505 -12.8446 -0.909327 -15.5756 -0.0608964 0.31338 0.00737837 17.5194 -17.4026 -4.18357 -26.7247 15.6038 7.9967 -0.0228822 3.43392 -1.12878 0.00673989 -7.25077 0.00181277 41.1993 -8.66945 -13.937 -15.4923 9.94871 2.94617 -0.0995296 -12.667 -0.0776804 -0.00452449 -2.78505 -0.00131053
2034.15 2702.62 965.837 -14.633 2.24001 13.702 0.06293 -4.07069 -1.16298 -0.0567351 -1.27745 -11.9689 -3.6268 9.24785 4.42247 -6.71809 17.0578 6.34109 -6.1233 8.58275 4.95498 0.0704119 0.083393 -0.0105649 26.527 -0.269793 -20.3194 -26.2742 -8.20067 -60.7128 34.0017 3.21761 1.85095 0.0933869 0.529608 -0.00043161 7.95894e-07 4.51374e-06 -1.90833e-14 8.48358 0.59347 -13.2176 10.6873 -12.0496 68.9564 -26.7113 -9.82529 -1.29019 -0.00460143 0.026096 1.04789e-06 1.63678e-08 -9.28265e-08 -6.36111e-15 -7.79029 -4.98459 -20.35 -11.7666 0.392233 -14.3707 -0.0293206 0.247578 -0.000762872 19.7676 -16.4744 -2.21839 -27.8987 14.5334 7.98273 0.0408678 1.97836 -1.05175 0.00134966 -7.26485 -0.0109482 45.764 -7.00114 -14.0655 -12.1032 7.80637 1.70957 -0.0983961 -13.3528 0.105107 -0.00445753 -2.84381 0.000727633
2016.82 2697.72 959.709 -21.12 1.77022 13.528 0.0392679 -4.13427 -1.16614 -0.0551323 -1.22297 -12.2084 -3.49637 8.77993 4.4017 -6.45536 16.4313 6.12499 -5.91954 7.90496 4.89847 0.0743546 0.128095 -0.0187324 28.2983 -0.23974 -18.002 -27.2192 -5.8766 -62.1735 32.876 3.14563 2.01139 0.0744562 0.422254 -0.000274362 6.42957e-07 3.64639e-06 -1.59028e-14 9.26491 0.658474 -12.4009 13.4767 -11.3613 71.0308 -26.3185 -9.69512 -1.25902 0.000270355 -0.00153326 3.61741e-09 8.78389e-09 -4.98158e-08 3.18055e-15 -7.46387 -3.53235 -18.5546 -11.0763 1.25673 -13.0444 -0.0026331 0.28749 -0.0101874 21.718 -15.8734 -0.691965 -28.8876 13.1051 7.52126 0.0631316 1.15994 -1.25137 -0.000305856 -7.2142 -0.0145115 47.6934 -5.56797 -14.5609 -7.83038 6.91763 0.651774 -0.0753514 -14.807 0.311044 -0.00351541 -2.90163 0.002901
1995.48 2692.74 953.924 -27.065 1.34432 13.681 0.00733572 -4.15975 -1.21045 -0.0530808 -1.18281 -12.3666 -3.50549 8.50508 4.228 -6.57124 15.9436 5.81867 -5.99859 7.34411 4.86586 0.0764972 0.224518 -0.0199485 29.9897 -0.112829 -15.6655 -27.6324 -3.99588 -63.9778 32.2595 2.84271 2.36829 0.0353688 0.200586 -6.19111e-05 2.80093e-07 1.58849e-06 -1.90833e-14 9.54394 0.610088 -11.8444 17.1112 -10.4781 72.9967 -25.5476 -9.74225 -1.33931 0.00233869 -0.0132634 2.7069e-07 1.26265e-08 -7.16087e-08 6.36111e-15 -7.4456 -2.92876 -16.8099 -10.8726 1.57787 -11.7637 0.00279894 0.414267 -0.010841 23.0711 -15.6846 -0.0657266 -28.8868 11.8886 6.72076 0.1088 1.66307 -1.53816 8.24571e-05 -7.14598 -0.00875698 46.5137 -4.35716 -15.6822 -2.31195 7.47555 -0.423514 -0.0323279 -16.6703 0.424103 -0.00226969 -2.94754 0.00339359
1969.33 2687.7 948.601 -32.592 0.738954 14.154 -0.017232 -4.11369 -1.32158 -0.0517745 -1.16277 -12.4637 -3.64051 8.4636 4.01605 -7.00561 15.6565 5.56513 -6.34662 6.98699 4.82793 0.0645511 0.240324 -0.0040728 31.0947 0.0309855 -13.2501 -27.4265 -2.63049 -66.2371 32.2991 2.50194 2.69026 0.00454406 0.0257706 -1.02192e-06 6.95997e-08 3.9472e-07 -1.59028e-14 9.81266 0.483665 -11.8344 19.562 -9.13464 74.4501 -24.5642 -10.1218 -1.56849 0.00091491 -0.00518871 4.14272e-08 -1.93533e-08 1.09758e-07 9.54166e-15 -7.53148 -3.03866 -15.4628 -10.8928 1.42803 -10.7862 -0.0147437 0.519118 -0.00135276 23.2761 -15.8651 -0.700499 -27.5187 11.3952 5.87121 0.211441 3.56681 -1.76654 -0.00105715 -7.12053 0.00046355 43.3042 -3.03687 -17.5489 3.97033 9.109 -1.61549 0.0805565 -18.2214 0.388173 -0.000637201 -2.97232 0.00222087
1938.67 2682.89 943.473 -37.678 -0.099931 14.715 -0.0237115 -3.98848 -1.48906 -0.052109 -1.15015 -12.555 -3.81425 8.55748 3.90427 -7.50954 15.5316 5.48347 -6.78524 6.83261 4.82918 0.0422893 0.0791072 0.0131944 31.3625 0.104595 -11.0189 -26.825 -1.47709 -68.7147 32.9455 2.47573 2.74624 -0.00593602 -0.0336648 -1.74389e-06 1.44839e-08 8.21419e-08 6.36111e-15 10.2476 0.394398 -12.462 19.3195 -7.40387 75.1784 -23.8585 -10.7469 -1.68895 -0.00734602 0.0416614 2.67075e-06 -6.05607e-08 3.43457e-07 6.36111e-15 -7.50527 -3.44204 -14.744 -10.7937 1.09761 -10.2796 -0.0346142 0.495078 0.00616444 21.8877 -16.1999 -2.56949 -25.2132 11.8649 5.22071 0.270628 6.1017 -1.82135 -0.00438078 -7.15923 0.0123046 40.1173 -1.54875 -19.9047 9.83458 11.2388 -2.83381 0.292503 -18.486 0.361577 0.00177094 -2.96988 0.00162017
1904.79 2678.63 938.659 -42.154 -1.01527 15.1 -0.0136017 -3.8215 -1.66945 -0.0536689 -1.1214 -12.691 -3.92898 8.62196 3.94099 -7.8162 15.4156 5.55044 -7.05332 6.7858 4.91572 0.0210134 -0.182539 0.013994 30.784 0.106696 -9.52285 -26.0268 -0.264323 -70.7317 34.0994 2.84739 2.59825 -0.00626065 -0.0355059 -1.93985e-06 8.06407e-09 4.57335e-08 1.90833e-14 10.6731 0.409727 -13.3895 16.7146 -5.60321 75.2926 -24.2753 -11.2972 -1.48427 -0.0220679 0.125153 2.41019e-05 1.73297e-07 -9.82818e-07 -9.54166e-15 -7.36032 -3.69385 -14.5188 -10.5385 0.90108 -10.1345 -0.0368702 0.35099 0.00696553 19.1631 -16.3454 -5.22587 -22.8594 13.2147 4.95346 0.1575 7.80098 -1.59944 -0.00734671 -7.23781 0.0222059 38.6121 -0.440061 -22.3572 14.3998 13.4028 -3.9622 0.517648 -16.852 0.602235 0.00561046 -2.93593 0.00424482
1869.06 2674.84 935.054 -45.984 -1.84052 15.197 -6.86766e-05 -3.71569 -1.81696 -0.055085 -1.04305 -12.8919 -3.89757 8.57511 4.03841 -7.75367 15.1966 5.59372 -6.93552 6.72856 5.04368 0.00710286 -0.39587 0.00563873 29.5078 0.0988606 -9.11051 -25.193 1.05314 -71.5894 35.7015 3.33568 2.47597 -0.00788294 -0.0447064 -3.07542e-06 5.07015e-09 2.87542e-08 -3.18055e-15 10.8597 0.49875 -14.0173 13.2429 -4.04622 74.9784 -26.379 -11.4553 -1.15036 -0.0362421 0.205538 6.50061e-05 1.77329e-06 -1.00568e-05 1.49486e-13 -7.12542 -3.549 -14.3472 -10.1891 0.992954 -10.0308 -0.0234098 0.182618 0.00393654 15.9211 -16.0239 -8.07638 -20.8817 15.0941 5.07071 -0.055421 7.41259 -1.28053 -0.00787755 -7.3145 0.0217733 39.0953 -0.422278 -24.631 17.9365 15.5105 -5.20457 0.606028 -13.5516 1.0153 0.0129954 -2.85937 0.0123657
1832.49 2671.07 933.918 -49.493 -2.58827 15.044 0.00747898 -3.78982 -1.91701 -0.0557155 -0.878384 -13.1447 -3.66548 8.47843 4.08935 -7.29173 14.9215 5.47018 -6.37849 6.63733 5.11484 0.00150169 -0.50664 0.00119334 27.8526 0.104983 -9.58785 -24.5665 2.30728 -71.1212 37.5725 3.64908 2.50595 -0.010951 -0.0621065 -5.93526e-06 8.2875e-09 4.70007e-08 1.59028e-14 10.7748 0.592337 -14.0537 9.98041 -2.90001 74.5794 -29.6986 -11.4008 -1.11738 -0.0428228 0.242859 9.07563e-05 2.699e-06 -1.53068e-05 3.62583e-13 -6.73378 -3.02501 -13.8421 -9.68332 1.33629 -9.68646 -0.00853076 0.0699208 0.00118898 13.0735 -15.098 -10.6573 -18.7726 17.0447 5.20891 -0.151351 5.05646 -1.21733 -0.00589695 -7.36316 0.0131982 40.6844 -1.74839 -26.4509 21.4301 18.0856 -7.27016 0.454386 -10.1029 1.10818 0.0250605 -2.72413 0.0209773
1795.53 2666.94 935.89 -53.218 -3.41899 14.688 0.0114503 -4.10692 -1.98678 -0.0558054 -0.612392 -13.4007 -3.2399 8.45378 4.08969 -6.51809 14.754 5.20688 -5.50994 6.57303 5.10776 0.00259403 -0.540595 0.000711181 26.2889 0.0945238 -10.3568 -24.3455 3.18476 -69.8356 39.3279 3.84094 2.58783 -0.0116522 -0.0660831 -6.71965e-06 8.688e-09 4.9272e-08 -1.27222e-14 10.4782 0.654061 -13.8449 7.2706 -2.23628 74.6285 -33.0073 -11.4468 -1.51651 -0.0385449 0.218598 7.35296e-05 1.71068e-06 -9.70175e-06 1.49486e-13 -6.18062 -2.20429 -12.9399 -8.99498 1.86449 -9.04601 -0.001772 0.0281244 -9.21686e-05 11.2795 -13.5013 -12.74 -15.9381 18.6005 4.93159 -0.0611178 2.26564 -1.43236 -0.00292974 -7.38659 0.00454094 42.0342 -4.01111 -27.5503 25.5822 21.8795 -11.0932 0.0161014 -8.8507 0.951067 0.0341471 -2.53942 0.0170827
1759.06 2662.59 940.456 -57.514 -4.38563 14.131 0.0182528 -4.62447 -2.06422 -0.0555475 -0.277111 -13.5944 -2.70711 8.55182 4.11674 -5.58732 14.8185 4.95505 -4.56086 6.58475 5.08821 0.00746473 -0.532752 0.00213329 25.2161 0.0588909 -10.8752 -24.31 3.31921 -68.4538 40.5449 4.14406 2.59446 -0.00947712 -0.0537474 -4.4451e-06 5.77423e-09 3.27472e-08 2.8625e-14 9.88849 0.682991 -13.8818 5.23408 -2.11181 75.3748 -35.2933 -11.6362 -2.11674 -0.0278841 0.158138 3.84806e-05 6.47062e-07 -3.66967e-06 -6.36111e-15 -5.62202 -1.20879 -11.8863 -8.27532 2.50101 -8.27784 -0.00602262 0.0706274 -0.00250346 10.6199 -11.2923 -14.2415 -12.3206 19.3408 4.09308 0.0938341 0.769437 -1.6667 -0.000598232 -7.39739 -0.000484699 41.972 -6.45298 -27.7956 30.2721 27.1197 -17.0036 -0.631921 -11.2598 1.48069 0.0307521 -2.367 0.00312907
1724.77 2658.22 946.278 -62.256 -5.29404 13.41 0.0275034 -5.19827 -2.17251 -0.0553106 0.0601907 -13.7018 -2.22608 8.69569 4.23947 -4.72502 15.0698 4.86537 -3.79068 6.67018 5.1479 0.0124352 -0.525718 0.00500009 24.7225 0.0312046 -10.9009 -23.9063 2.59289 -67.4877 41.1189 4.68304 2.52622 -0.00643841 -0.0365141 -2.05157e-06 3.19656e-09 1.81286e-08 6.36111e-15 8.96235 0.687177 -14.1804 3.50812 -2.55752 76.369 -36.2083 -12.0186 -2.77944 -0.0212937 0.120762 2.24404e-05 7.65368e-08 -4.34061e-07 6.36111e-15 -5.27233 -0.315737 -11.0593 -7.77707 3.0639 -7.65658 -0.0201033 0.201359 -0.00606156 10.9277 -8.75085 -15.1055 -8.25032 18.9519 2.85787 0.16937 1.45429 -1.75649 0.000483521 -7.40206 -0.00169424 39.8395 -8.47933 -27.1791 34.3442 33.6659 -23.6704 -1.0776 -17.1062 2.93427 0.0221489 -2.28424 0.0101582
1693.89 2653.61 951.894 -66.91 -5.90286 12.642 0.0308874 -5.67517 -2.28035 -0.0553352 0.338986 -13.7501 -1.939 8.78003 4.44023 -4.15841 15.3519 4.97035 -3.37208 6.78387 5.30782 0.0147712 -0.553442 0.00822413 24.5103 0.0403071 -10.3896 -22.6661 1.29632 -67.1316 41.3641 5.36496 2.47625 -0.004718 -0.0267571 -1.10165e-06 5.2008e-09 2.94952e-08 -9.54166e-15 7.93996 0.6758 -14.196 1.07312 -3.60785 76.6111 -35.8781 -12.6645 -3.6211 -0.0227366 0.128945 2.55845e-05 -2.98343e-07 1.69199e-06 -3.18055e-15 -5.15236 0.213059 -10.697 -7.54023 3.38172 -7.37595 -0.0367573 0.32904 -0.0032827 12.1813 -6.24221 -15.36 -4.18798 17.3546 1.50046 0.109711 4.08823 -1.64961 0.000507362 -7.40649 -0.000623663 35.5605 -9.94159 -25.7527 35.5579 41.5012 -27.9959 -0.755153 -24.4777 3.82158 0.0176451 -2.30442 0.0430072
1666.19 2648.3 956.235 -70.977 -6.15376 11.927 0.0251488 -5.97869 -2.32654 -0.055357 0.536657 -13.7716 -1.8491 8.78232 4.62952 -3.94323 15.5523 5.17643 -3.28527 6.88894 5.47107 0.0140841 -0.615465 0.00935532 24.096 0.079264 -9.47739 -20.6116 -0.148578 -67.2297 41.796 5.96186 2.53498 -0.00562608 -0.0319071 -1.56654e-06 1.71894e-08 9.74859e-08 -2.22639e-14 7.27168 0.668327 -13.2268 -3.11844 -5.28692 75.0387 -34.4409 -13.3035 -4.56372 -0.0248346 0.140844 3.05241e-05 -7.98716e-07 4.52974e-06 4.13472e-14 -4.97193 0.327199 -10.7458 -7.19492 3.42208 -7.42604 -0.0390537 0.307404 0.00267332 14.5177 -4.01625 -15.175 -0.43469 14.8152 0.271542 -0.0210812 7.65972 -1.42826 0.00018534 -7.41493 0.00149672 29.7307 -11.179 -23.6944 30.9023 50.0277 -26.1138 0.561432 -30.2466 2.65584 0.0136052 -2.35659 0.0336455
1640.71 2642.48 958.831 -74.414 -6.17573 11.257 0.0170172 -6.11828 -2.27913 -0.0550966 0.665128 -13.7733 -1.8343 8.76957 4.75941 -3.92906 15.6856 5.37336 -3.34195 7.00279 5.53493 0.0114181 -0.696669 0.00732173 23.2417 0.119833 -8.43674 -18.2514 -1.54664 -67.4924 42.7488 6.30433 2.70393 -0.00891263 -0.050546 -3.93133e-06 4.0156e-08 2.27736e-07 2.8625e-14 7.27283 0.695013 -10.9778 -9.17634 -7.227 71.0708 -32.0388 -13.3386 -4.94886 -0.0213259 0.120945 2.25083e-05 -1.04046e-06 5.90074e-06 5.40694e-14 -4.34473 0.230348 -10.9646 -6.22669 3.30606 -7.6379 -0.0206502 0.158057 0.00223384 17.9833 -2.14049 -14.8195 2.81606 11.868 -0.559944 -0.104492 10.8071 -1.35785 -1.62713e-06 -7.41249 0.00375835 23.5449 -12.637 -21.4381 18.4876 56.3126 -15.6702 2.53454 -32.1586 0.280788 0.00765203 -2.37624 -0.0192104
1616.81 2636.76 960.037 -77.559 -6.16826 10.542 0.0118413 -6.15279 -2.15566 -0.0546009 0.745899 -13.7513 -1.76487 8.84682 4.87844 -3.88671 15.8828 5.53614 -3.32333 7.20782 5.52337 0.0077971 -0.785926 0.00421671 22.1827 0.130766 -7.51847 -16.2546 -2.94993 -67.792 44.1986 6.33925 2.95189 -0.0129001 -0.07316 -8.23594e-06 6.34788e-08 3.60006e-07 -0 7.77496 0.769278 -7.67993 -16.199 -8.55632 64.9646 -29.368 -12.5955 -4.28497 -0.0172359 0.0977494 1.47026e-05 -7.93243e-07 4.49871e-06 4.13472e-14 -3.14433 0.229446 -11.1496 -4.46859 3.22712 -7.84932 0.00034979 0.0341711 -0.000265565 21.8195 -0.466717 -14.4894 5.39422 9.28271 -0.894988 -0.143366 12.033 -1.4102 0.000389244 -7.38198 0.00255663 18.151 -14.2719 -19.4905 2.84596 56.6551 -1.31968 4.18967 -30.2373 -1.47233 0.00244713 -2.37302 -0.0507723
1594.26 2631.66 960.6 -80.6754 -6.23978 9.743 0.00816278 -6.14426 -1.99761 -0.0541882 0.796698 -13.7181 -1.60332 9.06751 5.05644 -3.67582 16.2635 5.70666 -3.14802 7.59447 5.60276 0.00439354 -0.868417 0.00225786 21.4382 0.101431 -6.91403 -15.2313 -4.43928 -68.2192 45.8987 6.09161 3.27513 -0.014312 -0.0811675 -1.01375e-05 4.94783e-08 2.80605e-07 6.36111e-15 8.24264 0.862393 -3.92331 -22.7763 -8.52458 57.7922 -27.5124 -11.485 -2.93976 -0.0163966 0.0929899 1.33057e-05 -3.90729e-07 2.21593e-06 9.54166e-15 -1.57661 0.417502 -11.2929 -2.20817 3.25712 -8.05171 0.00662305 5.70121e-05 7.32783e-05 24.4214 1.32854 -14.1853 7.4218 7.6036 -1.01511 -0.270816 10.4466 -1.12759 0.00142271 -7.33811 -0.00420656 14.0767 -15.6463 -18.1008 -7.70121 50.9054 7.96149 4.56045 -25.9099 -2.13215 -0.000387552 -2.37282 -0.0407583
1572.55 2627.27 960.812 -83.5958 -6.3411 8.909 0.0053956 -6.13497 -1.83703 -0.0541212 0.834656 -13.6959 -1.43499 9.39781 5.32834 -3.33237 16.836 5.90673 -2.90458 8.18319 5.96743 0.0019275 -0.930088 0.00115005 21.3093 0.0556825 -6.69611 -15.4797 -5.94117 -69.0322 47.5821 5.6516 3.65472 -0.00951176 -0.0539439 -4.47765e-06 8.31442e-09 4.71534e-08 1.90833e-14 8.13607 0.924173 -0.547543 -27.5073 -7.20193 51.0354 -27.0982 -10.5533 -1.74263 -0.0146384 0.0830185 1.06051e-05 -9.32722e-08 5.28973e-07 -0 -0.0687422 0.486284 -11.4761 -0.051229 3.20614 -8.29612 0.00132123 0.0186541 0.000458148 24.5944 3.47412 -13.7606 9.05922 6.88172 -1.20078 -0.431074 6.21212 -0.549846 0.00282845 -7.29594 -0.0131326 11.2179 -16.4695 -17.0757 -12.318 41.4597 10.561 3.49994 -20.671 -2.0965 -0.00119138 -2.36179 -0.0213293
1550.33 2622.94 960.199 -85.9603 -6.35725 8.058 0.00700354 -6.14651 -1.68321 -0.0539429 0.887322 -13.6883 -1.36071 9.76585 5.69596 -2.9633 17.5111 6.11448 -2.68012 8.90846 6.65809 0.000853301 -0.960184 0.000294159 21.5496 0.0205028 -6.87943 -16.8274 -7.23529 -70.2732 49.1348 5.16752 4.00128 0.000817544 0.00463652 -3.30789e-08 1.676e-09 9.505e-09 -1.27222e-14 7.21316 0.936893 1.60764 -29.661 -5.53902 45.9947 -27.8432 -10.0653 -1.22176 -0.00844207 0.0478774 3.52717e-06 -1.4833e-08 8.41218e-08 9.54166e-15 0.904198 -0.145542 -11.6348 1.32114 2.70132 -8.48309 -0.00381951 0.0437751 0.000181384 22.6162 5.86283 -13.0093 10.1995 6.96192 -1.45423 -0.424128 0.452385 -0.340161 0.00405205 -7.24028 -0.0175579 9.47336 -16.8627 -15.8714 -14.2969 30.6824 9.2782 1.85751 -15.2813 -1.57006 -3.91108e-05 -2.31637 -0.0136273
1526.18 2617.68 957.883 -87.7084 -6.17507 7.196 0.0144695 -6.19022 -1.53182 -0.053084 0.994018 -13.6821 -1.37787 10.1009 6.11873 -2.62868 18.1595 6.31133 -2.46117 9.63895 7.48184 0.00130502 -0.962744 -6.20348e-06 21.6617 0.00538822 -7.49595 -18.6967 -8.18845 -71.5141 50.4111 4.79245 4.15309 0.0126291 0.0716229 -7.89352e-06 -1.05801e-08 -6.00029e-08 -6.36111e-15 5.67313 0.938362 2.09995 -29.401 -4.6412 43.4057 -28.9527 -9.94313 -1.23914 -0.00398503 0.0226002 7.85945e-07 3.65437e-09 -2.07249e-08 -0 1.02308 -1.85809 -11.6094 1.47807 1.51014 -8.44265 -0.0018455 0.0567807 -0.000734718 19.9597 8.0829 -11.8791 10.8056 7.5475 -1.68272 -0.253023 -5.11905 -0.773566 0.00403105 -7.16024 -0.0131812 9.35307 -17.297 -13.9639 -15.8984 20.4176 6.43707 0.626618 -9.92853 -0.736579 0.000945236 -2.25213 -0.00957272
1499.79 2610.77 953.397 -89.1699 -5.73502 6.38 0.0216503 -6.27547 -1.38119 -0.0527298 1.18979 -13.6633 -1.39942 10.3605 6.54008 -2.34334 18.6833 6.52592 -2.19236 10.2227 8.14723 0.0022464 -0.957609 4.70051e-06 21.4088 0.0109792 -8.37175 -20.4073 -8.81552 -72.3226 51.0528 4.58702 4.04082 0.0235051 0.133304 -2.73433e-05 -7.05602e-08 -4.00167e-07 -1.90833e-14 3.86433 0.973407 1.22711 -27.2166 -4.92346 43.273 -29.8809 -10.0266 -1.40581 -0.00801027 0.0454285 3.17558e-06 -1.17723e-09 6.67642e-09 -6.36111e-15 0.256525 -4.45545 -11.3735 0.404004 -0.230668 -8.178 0.00526515 0.0732306 -0.00192311 17.9407 9.71751 -10.5177 11.1981 8.47335 -1.94392 -0.0811458 -9.18518 -1.39422 0.00244172 -7.07838 -0.00494966 11.8382 -18.2347 -11.0505 -18.1484 12.0115 3.6559 0.0899738 -4.71348 0.0163321 0.000533346 -2.20602 -0.00374028
1471.55 2602.01 947.319 -90.7672 -5.09271 5.743 0.0193264 -6.39964 -1.24519 -0.0548102 1.47309 -13.6238 -1.32199 10.5434 6.88861 -2.09732 19.0578 6.79275 -1.8522 10.5766 8.46442 0.00280048 -0.955398 6.57707e-05 20.8947 0.0271653 -9.06866 -21.5622 -9.06909 -72.6962 50.6982 4.52039 3.76333 0.0343241 0.194661 -5.83076e-05 -1.65997e-07 -9.41415e-07 -9.54166e-15 2.05381 1.04316 -0.114801 -23.7359 -5.99836 44.8101 -30.3872 -10.1358 -1.49435 -0.014935 0.0847004 1.10392e-05 -1.79852e-09 1.02e-08 3.18055e-15 -1.1033 -7.31576 -11.0983 -1.49617 -2.12218 -7.89531 0.00896222 0.11608 -0.00156474 16.7477 10.6287 -9.10035 11.9667 9.86163 -2.40123 0.0153681 -11.4242 -1.74136 0.0010617 -7.02038 -4.76255e-05 17.5748 -19.6169 -7.11523 -21.2133 6.32347 2.01995 -0.0294651 -0.203801 0.354114 0.000187666 -2.19238 -0.00100399
1441.57 2592.16 941.388 -92.5868 -4.40771 5.503 0.0079539 -6.54078 -1.14782 -0.0582276 1.78428 -13.5629 -1.11532 10.678 7.07851 -1.87712 19.325 7.06581 -1.50354 10.7533 8.44359 0.00257187 -0.957849 0.000152329 20.3034 0.0366926 -9.15594 -22.1526 -8.81955 -73.0262 49.1665 4.60632 3.41613 0.0439455 0.249225 -9.55772e-05 -2.01025e-07 -1.14007e-06 -0 0.473059 1.12034 -0.92711 -20.0085 -7.18931 46.5787 -30.3229 -10.1091 -1.46621 -0.0152778 0.0866448 1.15519e-05 -2.62112e-09 1.48651e-08 -1.59028e-14 -2.61703 -9.7823 -11.0092 -3.61134 -3.7391 -7.81014 0.0058972 0.160608 0.000246819 16.1486 10.8775 -7.95562 13.4426 11.9313 -3.12881 0.0706207 -12.4409 -1.82412 0.000696613 -6.98642 0.000939341 26.1702 -20.8622 -2.55549 -24.7157 3.65244 1.83711 0.00646954 2.58757 0.205495 0.000608796 -2.20155 -0.00146074
1409.39 2582.64 937.893 -94.44 -3.89689 5.818 -0.000283375 -6.65916 -1.09048 -0.059854 2.04267 -13.4908 -0.877224 10.8031 7.09486 -1.71649 19.5472 7.24652 -1.26394 10.8843 8.26706 0.00167334 -0.964718 0.000139675 19.8136 0.0340624 -8.4886 -22.2412 -8.05883 -73.6854 46.5924 4.93729 3.02305 0.0441712 0.250506 -9.65618e-05 -4.67736e-08 -2.65266e-07 -0 -0.581514 1.1829 -0.619561 -17.1256 -8.12047 47.2289 -29.6869 -9.93466 -1.388 -0.00893558 0.0506762 3.95161e-06 -2.02297e-09 1.14729e-08 -1.27222e-14 -3.94646 -11.4165 -11.204 -5.45947 -4.78999 -7.97598 0.00115321 0.173307 0.00116842 16.3533 10.5058 -7.53489 15.506 14.914 -4.18211 0.152917 -12.9458 -1.82625 0.000574716 -6.96773 0.000780322 36.0776 -21.3763 1.67605 -28.2005 3.5192 2.62894 0.0733065 3.26129 -0.0978337 0.000945459 -2.21578 -0.00200132
1374.64 2574.93 938.607 -96.242 -3.74285 6.696 0.00268005 -6.70221 -1.02783 -0.0592891 2.20897 -13.426 -0.737402 10.9333 6.99484 -1.69582 19.7486 7.30232 -1.22877 11.0683 8.12918 0.00196534 -0.964865 -0.000704484 19.6855 0.0240851 -7.36044 -21.7262 -7.07961 -74.588 43.4003 5.49982 2.61613 0.0328729 0.186431 -5.34816e-05 4.98934e-08 2.82959e-07 9.54166e-15 -0.73825 1.21907 0.65189 -15.5803 -8.76118 46.4155 -28.6604 -9.71626 -1.30256 -0.00232478 0.0131845 2.6748e-07 -4.82326e-10 2.73538e-09 9.54166e-15 -4.90808 -12.1273 -11.6349 -6.78863 -5.21821 -8.31639 -0.000267055 0.155239 0.00186162 17.6818 9.44381 -8.05265 18.0067 18.8557 -5.8247 0.328991 -12.6863 -1.70068 -1.54827e-05 -6.96525 -0.000345562 45.0513 -21.1765 4.26927 -31.1059 4.75452 3.62965 0.089534 2.60892 -0.171815 0.000808618 -2.21474 -0.00198431
1338.02 2569.92 943.728 -98.1257 -3.99713 7.962 0.00957395 -6.62801 -0.891509 -0.0583643 2.29451 -13.3732 -0.766309 11.0656 6.8672 -1.90187 19.9236 7.3037 -1.44413 11.318 8.12596 0.00631976 -0.939391 -0.00253076 20.264 0.0118927 -6.24487 -20.497 -6.3494 -75.3381 40.1572 6.13111 2.26602 0.0178829 0.101419 -1.58272e-05 2.37485e-08 1.34684e-07 -1.59028e-14 0.167192 1.23004 2.13669 -14.7584 -9.26565 44.9573 -27.7988 -9.56996 -1.21853 0.000628471 -0.00356424 1.95479e-08 -5.21805e-10 2.95939e-09 6.36111e-15 -5.34846 -12.1847 -12.0959 -7.39575 -5.22599 -8.66791 0.00471245 0.0996182 0.00368346 19.8807 7.56449 -9.18686 21.0894 23.4701 -8.54797 0.5719 -10.6596 -1.42949 -0.00159669 -6.97961 -0.00237702 51.2294 -20.8278 4.42558 -32.9308 6.15091 4.3796 0.0632102 1.92772 -0.021653 0.00153568 -2.18232 -0.00449053
1301.35 2567.33 951.698 -100.31 -4.58333 9.249 0.00966976 -6.43235 -0.645176 -0.0582063 2.32175 -13.3208 -0.96644 11.2135 6.83352 -2.36599 20.0929 7.38382 -1.89239 11.6069 8.30804 0.013203 -0.897477 -0.0025258 21.7765 0.00298546 -5.5249 -18.6378 -6.17876 -75.5811 37.4824 6.68955 2.02154 0.00676684 0.0383767 -2.26621e-06 3.36409e-09 1.90786e-08 -6.36111e-15 1.94992 1.23969 2.91096 -13.5135 -10.0423 44.12 -27.772 -9.5652 -1.18958 -0.000112141 0.000635981 6.22374e-10 -8.52331e-10 4.83374e-09 -9.54166e-15 -5.12732 -12.0691 -12.2801 -7.08398 -5.16933 -8.82322 0.0130415 0.0125355 0.00395721 21.9138 4.92786 -10.1384 25.0791 28.2701 -12.7098 0.694455 -6.27862 -1.29682 -0.00396605 -7.01139 -0.00210622 53.7617 -20.5362 2.30942 -33.467 7.00071 4.76455 0.0532108 2.03408 0.134234 0.00405106 -2.10994 -0.0120632
1266.44 2565.85 960.45 -102.774 -5.32091 10.123 0.00523483 -6.15654 -0.332441 -0.0591885 2.29175 -13.2634 -1.28297 11.3919 6.99423 -2.99232 20.3049 7.66133 -2.46374 11.9122 8.71049 0.0160232 -0.880752 0.000101667 24.0185 0.00633817 -5.54834 -16.5221 -6.55037 -75.1055 35.7951 7.13062 1.87559 0.00148632 0.00842935 -1.09334e-07 -3.41945e-09 -1.93926e-08 2.22639e-14 4.08406 1.28381 2.41277 -11.6293 -11.3506 44.484 -28.6036 -9.70677 -1.28794 -0.00371105 0.0210464 6.8159e-07 -1.88567e-09 1.06942e-08 -9.54166e-15 -4.22145 -12.1926 -11.9761 -5.81765 -5.33701 -8.63611 0.0122636 -0.0316925 0.00188898 22.8427 1.88584 -10.2751 29.7452 32.8583 -17.9545 0.527288 -0.526314 -1.4185 -0.0046762 -7.06111 9.49601e-05 52.8797 -19.7362 -1.16702 -32.7113 7.10488 4.74283 0.0633199 2.84555 0.219102 0.00644276 -2.00314 -0.0198289
1234.53 2563.76 968.538 -105.125 -5.91561 10.374 0.00325286 -5.85589 -0.0701018 -0.0612563 2.19257 -13.2108 -1.67138 11.5627 7.35536 -3.66999 20.5484 8.16163 -3.05468 12.1639 9.29686 0.0126318 -0.900777 0.00162168 26.435 0.0226541 -6.51211 -14.5295 -7.25234 -73.864 35.0935 7.46508 1.80205 -0.000787113 -0.00446394 -3.06622e-08 -4.63772e-09 -2.63018e-08 -3.18055e-15 5.85443 1.35056 0.756575 -9.83242 -13.0632 45.6041 -29.5504 -9.92498 -1.54117 -0.00795331 0.0451055 3.13058e-06 -2.59268e-09 1.47041e-08 1.27222e-14 -2.70537 -12.5541 -11.1471 -3.71592 -5.70519 -8.0547 -0.00291008 0.0456154 0.00234828 22.3515 -1.24786 -9.45225 34.0288 37.1453 -23.1818 0.18097 4.43176 -1.49536 -0.00185194 -7.10922 -0.0052804 49.8416 -17.8825 -4.62406 -30.9081 6.53581 4.2722 0.0657402 3.94413 0.291277 0.00572468 -1.89469 -0.0183106
1206.39 2560.2 975.338 -106.828 -6.08434 10.183 0.00199051 -5.55863 0.0457246 -0.0626312 2.0403 -13.1826 -2.11353 11.6381 7.77822 -4.37527 20.7036 8.78758 -3.65833 12.2581 9.91015 0.0078712 -0.92466 0.000781897 28.4977 0.0364106 -8.39357 -12.988 -8.10886 -71.9677 35.0648 7.70257 1.78289 -0.00211668 -0.0120043 -2.21737e-07 -4.81667e-09 -2.73167e-08 9.54166e-15 6.74162 1.37158 -1.48588 -9.0362 -14.8887 46.4994 -29.6069 -10.0738 -1.88619 -0.00857537 0.0486333 3.63943e-06 -8.34504e-10 4.73271e-09 -9.54166e-15 -0.684871 -12.6918 -9.87938 -0.94049 -5.9273 -7.12857 -0.0189883 0.19921 0.00440582 20.5548 -4.3976 -7.99585 35.9539 41.3763 -26.4588 0.137232 7.06797 -1.21148 0.000699521 -7.13043 -0.0268048 46.0646 -15.3328 -6.95012 -28.3793 5.55552 3.42756 0.0525242 5.37561 0.39695 0.00263493 -1.8243 -0.00888426
1182.46 2555.66 980.45 -107.607 -5.71001 9.901 -0.00304135 -5.26789 6.27274e-05 -0.0614608 1.8849 -13.1896 -2.59015 11.5493 8.07877 -5.13307 20.6306 9.37317 -4.32109 12.1192 10.3736 0.0059942 -0.925021 -0.000548727 29.9055 0.0377257 -10.8859 -12.1794 -9.09306 -69.7808 35.295 7.86994 1.78219 -0.0029834 -0.0169197 -4.40507e-07 -3.47658e-09 -1.97167e-08 6.36111e-15 6.69129 1.29383 -3.63082 -9.94865 -16.3435 46.1704 -28.2155 -10.0658 -2.18699 -0.00482766 0.027379 1.15346e-06 -1.12852e-09 6.40024e-09 -6.36111e-15 1.59438 -12.1664 -8.37602 2.18755 -5.67083 -6.04461 -0.0203544 0.265256 0.000346963 17.9633 -7.57701 -6.47278 32.7964 45.7216 -25.1939 0.920246 7.0658 -0.478745 -0.0031425 -7.10151 -0.065579 42.374 -13.0262 -7.92603 -25.3767 4.55969 2.47594 0.0133773 7.40527 0.576584 -5.37326e-05 -1.80328 -0.00111631
1162.82 2550.97 983.288 -107.599 -4.84236 9.743 -0.00750342 -4.97415 -0.169995 -0.0589094 1.76899 -13.2326 -3.08992 11.2904 8.21678 -5.9988 20.2799 9.8238 -5.12095 11.7115 10.6604 0.00489994 -0.901167 -0.00282527 30.6355 0.0314496 -13.4166 -11.8957 -10.2544 -67.84 35.4132 8.02398 1.74471 -0.00277624 -0.0157448 -3.81455e-07 -1.49225e-09 -8.46298e-09 -1.90833e-14 6.21823 1.12881 -5.0941 -12.6669 -16.9035 44.0044 -25.7948 -9.95059 -2.26189 -0.00384891 0.0218282 7.33167e-07 -1.11188e-09 6.30571e-09 1.59028e-14 3.66849 -10.9582 -6.91683 5.0578 -4.8958 -5.04613 -0.00931315 0.172667 -0.00412863 15.1602 -10.7267 -5.26951 23.0219 49.0622 -17.8729 2.23355 4.84682 0.476826 -0.0135285 -6.98229 -0.113345 39.1732 -11.7279 -7.90246 -22.1858 3.98337 1.7604 -0.0461131 9.95827 0.818394 -0.00184624 -1.80304 0.0025547
1146.91 2546.9 983.554 -107.176 -3.64559 9.689 -0.00573418 -4.66751 -0.422612 -0.0571349 1.70524 -13.3174 -3.57033 10.9181 8.31432 -6.92181 19.7 10.1616 -6.02558 11.0695 10.8751 0.00109709 -0.848191 -0.00653278 30.8397 0.0220769 -15.4918 -11.7322 -11.4729 -66.6152 35.2598 8.21408 1.66929 -0.000915274 -0.00519078 -4.14601e-08 -2.84223e-10 -1.61193e-09 1.59028e-14 6.0125 0.939491 -5.61208 -16.7981 -16.2276 40.0198 -23.3885 -9.76832 -1.99974 -0.0114249 0.0647939 6.46004e-06 9.82972e-09 -5.57472e-08 2.22639e-14 5.14473 -9.39836 -5.73373 7.1363 -3.8297 -4.28281 0.00259235 0.0311654 -0.00251515 12.8012 -13.6941 -4.49252 9.43373 49.1277 -7.11811 2.86993 1.26906 1.04944 -0.0172033 -6.73822 -0.132025 36.6381 -11.6093 -7.32203 -19.1423 4.11562 1.44498 -0.0787774 12.487 1.0405 -0.00326026 -1.78138 0.00485309
1133.95 2544.01 981.714 -106.709 -2.28432 9.691 -0.00757424 -4.34591 -0.74252 -0.0564666 1.68395 -13.4488 -3.95519 10.5222 8.49362 -7.69542 19.0156 10.4309 -6.81406 10.3064 11.1069 -0.00361125 -0.742462 -0.00810107 30.686 0.00826963 -16.8795 -11.3381 -12.479 -66.1775 34.909 8.4582 1.59817 0.000494625 0.00280516 -1.21082e-08 -3.04909e-09 -1.72923e-08 -0 6.34636 0.791658 -5.34625 -21.5941 -14.5165 34.9333 -21.9294 -9.5055 -1.51905 -0.0239921 0.136066 2.84882e-05 9.34218e-08 -5.29822e-07 -2.54444e-14 5.99206 -7.94139 -5.05273 8.36042 -2.81259 -3.8656 0.0097967 -0.0518928 -0.000622593 11.3886 -16.3828 -4.08873 -2.03268 45.5295 1.39936 2.23004 -2.4237 0.741499 -0.00814738 -6.42424 -0.0947591 34.8957 -12.3943 -6.53177 -16.6962 4.87489 1.43785 -0.0568866 14.1965 1.22038 -0.00334016 -1.73543 0.00529541
1123.49 2542.72 979.055 -106.299 -0.831311 9.849 -0.0244599 -4.03297 -1.10143 -0.0563596 1.69197 -13.6192 -4.17086 10.1955 8.72532 -8.1284 18.3798 10.6175 -7.26708 9.59896 11.3089 -0.00340194 -0.57705 -0.00438532 30.3562 -0.0114743 -17.6187 -10.477 -13.0566 -66.1006 34.5713 8.69195 1.5627 -0.00174014 -0.00986881 -1.49863e-07 -2.71746e-08 -1.54115e-07 3.18055e-15 6.98496 0.721872 -4.69617 -26.1237 -12.8154 29.7813 -21.8318 -9.23292 -1.1132 -0.0321408 0.182279 5.11258e-05 1.44574e-07 -8.19918e-07 -3.18055e-15 6.49838 -6.89035 -5.08086 9.09178 -2.09004 -3.92847 0.0144191 -0.09144 -0.000891166 10.7995 -18.8176 -4.06572 -9.00211 40.1472 5.62375 1.07464 -4.98066 -0.0666773 -0.00109632 -6.16807 -0.040972 34.0211 -13.7967 -5.80707 -15.2837 5.98325 1.62672 -0.00669144 14.5297 1.40548 -0.00183581 -1.69996 0.00345842
1115.01 2543.54 976.724 -105.963 0.680472 10.286 -0.0482705 -3.78378 -1.42895 -0.0565803 1.71742 -13.803 -4.17669 9.99087 8.88789 -8.15351 17.8939 10.6718 -7.29198 9.09635 11.3866 0.0028194 -0.405895 0.000343452 30.0337 -0.0283963 -17.8085 -9.15978 -13.0544 -65.9705 34.4591 8.79977 1.56707 -0.00699994 -0.0396986 -2.42503e-06 -6.87448e-08 -3.89871e-07 -0 7.53426 0.744079 -4.05525 -29.9468 -12.3048 25.3154 -22.8197 -9.07511 -0.950615 -0.0296168 0.167965 4.34115e-05 -1.24461e-08 7.05853e-08 1.90833e-14 6.90182 -6.25843 -5.84427 9.64886 -1.69671 -4.51861 0.0183053 -0.119167 -0.000322585 10.5781 -21.0373 -4.50934 -12.5048 34.7551 6.96854 0.278225 -5.87487 -0.599623 -0.000276655 -6.03977 -0.0107594 34.0923 -15.5902 -5.32427 -15.0526 7.20874 1.99075 0.0434757 13.2054 1.57687 -0.000375592 -1.69736 0.00148526
1107.69 2546.17 974.877 -105.904 2.18237 10.991 -0.0607845 -3.63 -1.66142 -0.0566436 1.74919 -13.9562 -4.01539 9.87854 8.90952 -7.88631 17.558 10.5957 -6.99625 8.78922 11.3482 0.00817733 -0.304491 0.00124798 29.8718 -0.0321311 -17.4046 -7.07921 -12.3251 -65.6161 34.5909 8.7039 1.62181 -0.0107382 -0.0608996 -5.70683e-06 -9.37091e-08 -5.3145e-07 3.18055e-15 7.85901 0.859542 -3.57425 -33.0159 -13.4377 21.8252 -24.2729 -9.08305 -0.970921 -0.0184784 0.104796 1.68988e-05 -1.00268e-08 5.68649e-08 2.54444e-14 7.08526 -5.80781 -7.06579 9.88817 -1.46031 -5.4505 0.0166006 -0.0682397 -2.66334e-05 10.1093 -22.9743 -5.4522 -13.6871 30.3967 6.95978 -0.00273083 -5.56167 -0.680306 -0.00038514 -6.00287 -0.00366055 35.575 -17.5489 -4.96503 -16.0664 8.36477 2.54502 0.0881914 10.0633 1.68373 -0.000115394 -1.71933 0.000984691
1100.46 2549.69 972.749 -106.403 3.56528 11.809 -0.0592395 -3.55862 -1.77228 -0.0559934 1.78286 -14.0475 -3.79507 9.76154 8.82895 -7.56998 17.2359 10.4814 -6.65788 8.52188 11.2619 0.00997143 -0.277529 0.000460232 30.0592 -0.0286886 -16.3685 -4.05604 -10.8459 -65.1561 34.9186 8.46759 1.71854 -0.00811374 -0.0460153 -3.25815e-06 -9.24228e-08 -5.24156e-07 1.90833e-14 8.13173 1.03594 -3.1288 -35.1931 -15.8194 19.3235 -25.6879 -9.21424 -1.0535 -0.00580816 0.0329397 1.66957e-06 1.21765e-08 -6.90564e-08 -1.27222e-14 6.92438 -5.02213 -8.21054 9.63973 -0.972573 -6.33603 0.00747298 0.0630725 -0.00163892 9.08214 -24.4235 -6.76494 -13.114 27.3741 6.29095 -0.0342179 -4.88337 -0.593013 0.000441582 -5.98981 -0.00484783 39.0516 -19.4313 -4.36563 -18.2903 9.35185 3.29413 0.124209 5.1678 1.72148 -0.000372303 -1.74069 0.00163891
1093.04 2553.24 969.27 -107.655 4.78333 12.612 -0.0587033 -3.53069 -1.78075 -0.0547935 1.81565 -14.0855 -3.63021 9.53222 8.74109 -7.39737 16.7465 10.415 -6.4976 8.10713 11.1792 0.0136771 -0.267394 0.000615291 30.7229 -0.0349638 -14.8398 -0.507348 -8.88669 -64.8116 35.4339 8.31122 1.80741 -0.000450775 -0.00255647 -1.00565e-08 -4.24692e-08 -2.40855e-07 1.27222e-14 8.56193 1.20775 -2.49449 -36.357 -18.6363 17.6397 -26.733 -9.35933 -1.11692 0.00298414 -0.0169239 4.40724e-07 -2.91058e-08 1.65067e-07 -9.54166e-15 6.61498 -3.41061 -8.8483 9.16068 0.134807 -6.85465 0.00190906 0.157186 -0.000937384 8.13386 -25.357 -8.08003 -11.4993 25.312 5.28127 -0.0199784 -4.33413 -0.535743 0.00155569 -5.96219 -0.00619112 44.281 -21.0265 -3.3125 -21.3052 10.0552 4.13212 0.125005 -0.830356 1.78363 -0.000253326 -1.74585 0.00229272
1086.25 2556.48 964.413 -109.484 5.91376 13.41 -0.0651855 -3.50274 -1.72828 -0.0535352 1.84072 -14.106 -3.60689 9.16526 8.68658 -7.45337 16.056 10.3871 -6.57786 7.49435 11.081 0.0186421 -0.257298 0.00188555 31.7917 -0.0450311 -13.1895 2.79591 -7.00326 -64.6043 36.0464 8.45045 1.82978 0.00544828 0.0308987 -1.46909e-06 -1.00001e-08 -5.67133e-08 1.59028e-14 9.18238 1.33468 -1.4067 -36.6927 -21.2702 16.3002 -27.2703 -9.44317 -1.14625 0.00681784 -0.0386659 2.3005e-06 -4.20362e-08 2.38399e-07 9.54166e-15 6.4841 -1.04501 -8.86139 8.94128 1.7847 -6.90464 0.00382141 0.145919 0.00179979 8.50545 -26.1117 -8.89388 -10.0327 23.6895 4.29436 -0.0103809 -3.97917 -0.538411 0.0015796 -5.91527 -0.00436407 49.8683 -22.2869 -2.00223 -24.5666 10.2745 4.88579 0.0866174 -6.54092 1.89739 0.000188929 -1.739 0.00198481
1081.04 2560.01 959.347 -111.41 7.05012 14.253 -0.0699779 -3.45319 -1.62924 -0.0524753 1.84667 -14.1386 -3.72913 8.74094 8.65684 -7.69191 15.3172 10.348 -6.80769 6.80554 10.9266 0.016479 -0.284173 0.00312096 33.0157 -0.0367062 -11.8532 4.86188 -5.73285 -64.5871 36.557 8.82732 1.81598 0.00605424 0.0343353 -1.81404e-06 -9.53064e-09 -5.40509e-08 2.22639e-14 9.84296 1.41759 0.211119 -36.8668 -23.3871 14.6381 -27.2573 -9.45755 -1.13597 0.00548198 -0.0310899 1.48732e-06 -2.52929e-08 1.43443e-07 9.54166e-15 6.72347 1.4771 -8.42543 9.31158 3.52612 -6.63336 0.00517127 0.0844319 0.00153683 11.3093 -27.0668 -8.77053 -9.81687 22.1195 3.70019 -0.000612357 -3.74092 -0.590163 0.00057563 -5.8671 -0.000794771 54.1504 -23.3417 -0.899222 -27.5833 9.94965 5.4148 0.04239 -10.7305 1.91203 0.000520962 -1.72748 0.000833773
1077.72 2564.62 955.432 -113.114 8.16341 15.122 -0.0623949 -3.37754 -1.47876 -0.0521695 1.82796 -14.1836 -3.91278 8.3831 8.66772 -7.92355 14.7589 10.3087 -6.99425 6.22952 10.8008 0.00738527 -0.344704 0.00253993 33.9837 -0.0124303 -11.0695 5.28017 -5.31284 -64.8518 36.8167 9.19192 1.84622 0.00492296 0.0279195 -1.19945e-06 -1.02677e-08 -5.8231e-08 -3.18055e-15 10.2418 1.4557 1.96108 -37.6469 -24.8177 12.2309 -26.6421 -9.38063 -1.09953 0.00173721 -0.00985219 1.49359e-07 -7.59556e-09 4.30764e-08 1.27222e-14 7.19385 3.42667 -7.92257 10.0503 4.85558 -6.3389 0.0035906 0.03912 0.000509913 16.7278 -28.2186 -7.55885 -11.1868 20.4133 3.65687 0.01156 -3.66996 -0.684576 -0.000236442 -5.83285 0.00117256 56.4489 -24.3243 -0.362241 -30.075 9.2573 5.64348 0.00821325 -13.2458 1.80365 0.000463693 -1.71413 -0.000324766
1075.84 2570.28 953.442 -114.616 9.14754 15.875 -0.0422151 -3.28433 -1.27813 -0.0529163 1.79809 -14.2237 -4.0531 8.17967 8.77877 -7.95146 14.5117 10.3648 -7.00773 5.90495 10.8704 -0.000393805 -0.388777 0.000960696 34.3846 0.00461101 -10.8288 4.42756 -5.66217 -65.4157 36.8733 9.4211 1.91745 0.00659778 0.0374179 -2.15439e-06 -9.75235e-09 -5.53082e-08 -3.18055e-15 10.0147 1.43657 3.24416 -39.0298 -25.6193 9.218 -25.5765 -9.21289 -1.05714 -0.000340162 0.00192915 5.72663e-09 -2.52705e-10 1.4332e-09 -2.22639e-14 7.57626 4.25085 -7.53512 10.6358 5.4151 -6.11289 0.00471223 -0.0052306 0.000588746 23.5572 -29.1946 -5.56985 -13.4978 18.5894 3.98312 0.0150722 -3.88597 -0.7953 -0.000266012 -5.81061 0.000901573 57.5641 -25.2451 -0.275131 -31.9632 8.65313 5.68683 -0.0254877 -15.0824 1.71273 0.000112076 -1.70261 -0.000636355
1075.07 2575.65 953.064 -116.077 10.0103 16.309 -0.012454 -3.1897 -1.0543 -0.0540122 1.77743 -14.2511 -4.0961 8.10589 9.06142 -7.75522 14.4999 10.6035 -6.88628 5.80538 11.2244 -0.00362739 -0.402128 0.000205451 34.2373 0.0113429 -11.0313 3.03683 -6.46458 -66.1595 36.8392 9.58506 1.95467 0.0102019 0.0578578 -5.15098e-06 -1.60752e-08 -9.1167e-08 -1.59028e-14 8.91434 1.37695 3.80212 -40.2231 -26.07 6.04711 -24.3557 -9.01382 -0.984338 -0.000426294 0.00241763 8.99386e-09 -7.99779e-10 4.53571e-09 -0 7.66696 3.90797 -7.1041 10.7894 5.19387 -5.8029 0.0104567 -0.0752097 0.00140865 29.8077 -29.6848 -3.40315 -15.5044 16.6657 4.27033 0.00627218 -4.31964 -0.888138 9.41925e-05 -5.79548 0.000258585 58.7428 -25.9982 -0.0583924 -32.9095 8.60291 5.7687 -0.0586495 -17.5102 1.66925 -0.000133162 -1.69555 -0.000161331
1075.46 2578.65 953.455 -117.535 10.891 16.288 0.0241544 -3.08637 -0.864961 -0.0544143 1.7758 -14.2661 -4.06686 8.05878 9.53398 -7.51747 14.5383 11.0261 -6.77396 5.77302 11.819 -0.00433274 -0.408276 0.000149687 33.7512 0.0181159 -11.6815 2.01351 -7.41408 -66.6614 36.6201 9.84261 1.88521 0.0128688 0.0729826 -8.19605e-06 -8.45726e-09 -4.79634e-08 1.90833e-14 6.96914 1.32676 3.87031 -40.4174 -26.7003 3.09838 -23.2288 -8.84808 -0.857877 -0.000397433 0.00225395 7.81728e-09 -3.2438e-09 1.83966e-08 -0 7.50293 2.79856 -6.38753 10.6074 4.46906 -5.25129 0.0126255 -0.140049 0.00120633 33.6635 -29.7167 -1.60615 -16.061 14.7062 4.17012 -0.00490397 -4.77093 -0.953022 0.000212236 -5.79247 0.00132812 60.2137 -26.4055 0.748724 -32.4594 9.09832 5.87237 -0.0753699 -20.7956 1.66638 6.49547e-05 -1.68661 0.000855498
1076.99 2578.58 953.866 -118.893 11.8776 15.88 0.0505332 -2.94139 -0.75854 -0.0541273 1.79298 -14.2632 -4.00491 7.95853 10.1152 -7.45196 14.4746 11.5575 -6.76678 5.64278 12.4986 -0.00411633 -0.422578 0.000335684 33.2552 0.0238994 -12.7551 1.67247 -8.32312 -66.6678 36.0628 10.2367 1.74195 0.0136234 0.0772622 -9.18545e-06 1.50363e-09 8.52752e-09 1.59028e-14 4.58913 1.31643 3.9391 -39.486 -27.9587 0.508194 -22.3402 -8.73314 -0.715104 -0.00078399 0.00444623 3.04193e-08 -5.81099e-09 3.29558e-08 1.27222e-14 7.36085 1.38262 -5.30331 10.4716 3.53982 -4.43606 0.00501832 -0.123224 0.000211315 34.4235 -29.6107 -0.478421 -14.7546 12.956 3.58721 -0.0103618 -5.11978 -0.995752 -0.00015761 -5.80342 0.00454241 61.1217 -26.4016 1.97695 -30.475 9.74726 5.74196 -0.0616815 -24.2218 1.80801 0.00051459 -1.66144 0.00173531
1079.44 2576.85 953.79 -120.096 12.8571 15.383 0.0470458 -2.72844 -0.740115 -0.0542005 1.82974 -14.2312 -3.91068 7.81136 10.6596 -7.58773 14.2648 12.0825 -6.83339 5.36624 13.0803 -0.00303599 -0.448015 0.000740992 33.025 0.023022 -13.948 1.52338 -9.04379 -66.453 35.3222 10.6506 1.62142 0.0114825 0.0651204 -6.52531e-06 1.02791e-09 5.82956e-09 -3.18055e-15 2.3618 1.32477 4.25706 -38.0752 -29.5529 -1.7797 -21.6577 -8.6372 -0.617371 -0.000935881 0.00530765 4.33481e-08 -6.46839e-09 3.66841e-08 -9.54166e-15 7.48785 -0.0291035 -4.10407 10.6765 2.60683 -3.54771 -0.00259835 -0.0313197 0.000298395 32.9621 -29.7399 -0.063355 -12.1791 11.7794 2.75462 -0.00866798 -5.41044 -1.01544 -0.000712595 -5.80468 0.00847925 60.5345 -26.2465 2.95112 -27.3477 10.137 5.23133 -0.0273075 -26.896 2.0635 0.000663596 -1.61215 0.00073496
1082.4 2575.86 953.306 -121.225 13.5798 15.194 0.0195147 -2.46582 -0.771325 -0.0554984 1.88761 -14.1612 -3.77717 7.69762 11.0275 -7.73251 13.9993 12.4789 -6.86301 5.07938 13.4524 -0.00157223 -0.485201 0.00110352 33.0437 0.0179261 -14.7587 1.18299 -9.49898 -66.4406 34.7701 10.9066 1.58302 0.00643078 0.0364708 -2.04671e-06 -2.83428e-09 -1.60741e-08 -0 0.707527 1.30812 4.68298 -36.9656 -30.5074 -3.82912 -21.1133 -8.53726 -0.594192 -0.00079082 0.00448496 3.09516e-08 -5.31797e-09 3.01597e-08 -1.90833e-14 7.83973 -1.36363 -3.20147 11.1301 1.72094 -2.86524 -0.0031598 0.0450728 0.000410226 30.9551 -30.2797 -0.315122 -9.44432 11.4545 2.035 -0.00286399 -5.76074 -1.00868 -0.00120808 -5.74908 0.0125793 58.3853 -26.3835 3.01184 -23.8587 10.1904 4.48812 -0.007149 -28.4126 2.24667 0.000418405 -1.54798 -0.00178357
1085.32 2576.87 952.812 -122.33 13.9124 15.547 -0.00470476 -2.22407 -0.80011 -0.0576416 1.9638 -14.0573 -3.64283 7.67992 11.1421 -7.72539 13.7997 12.6614 -6.81416 4.93366 13.5897 -0.000157061 -0.525779 0.00103178 33.09 0.0165237 -14.8368 1.01615 -9.61865 -66.7058 34.6254 10.865 1.642 0.000190085 0.00107803 -1.78825e-09 -8.14339e-09 -4.61837e-08 -3.18055e-15 -0.277367 1.24924 5.1061 -36.4645 -30.0694 -5.67932 -20.6772 -8.44089 -0.616223 -0.000738655 0.00418912 2.7003e-08 -3.26475e-09 1.85154e-08 -2.54444e-14 8.18859 -2.56993 -2.83246 11.5444 0.910347 -2.55655 -0.00186782 0.0665127 0.000102651 29.729 -31.1296 -1.02647 -7.44748 11.8984 1.63516 0.00383364 -6.17764 -0.981076 -0.00169507 -5.60157 0.0160417 55.5184 -26.9863 2.02199 -20.6398 10.1639 3.7786 -0.0163788 -29.1732 2.3081 0.000141323 -1.48616 -0.00290321
1087.49 2578.82 952.448 -123.266 13.9573 16.328 -0.0101417 -2.08086 -0.803639 -0.0590746 2.04968 -13.9372 -3.59543 7.74276 11.0155 -7.6258 13.7059 12.6072 -6.79332 4.92172 13.5215 0.00300456 -0.549355 0.000452797 32.8728 0.0262561 -14.3086 2.36798 -9.3566 -66.6368 34.5735 10.5175 1.84374 -0.00530988 -0.0301138 -1.3954e-06 -2.19624e-08 -1.24555e-07 6.36111e-15 -0.777682 1.16775 5.6354 -36.3048 -28.4781 -7.27884 -20.3704 -8.37362 -0.628913 -0.000675431 0.00383056 2.25783e-08 -1.84968e-09 1.04901e-08 1.27222e-14 8.4074 -3.46364 -2.91233 11.7898 0.296306 -2.58236 -0.00168894 0.0614324 0.000121344 29.4104 -32.0029 -1.88813 -6.39575 12.5708 1.4958 0.0088562 -6.4508 -0.948133 -0.00192131 -5.38526 0.0154778 52.7935 -27.7838 0.437422 -17.7084 10.1952 3.19957 -0.0506367 -29.9125 2.28986 5.42618e-05 -1.43961 -0.00190573
1088.02 2580.01 951.761 -123.766 13.9439 17.197 -0.00341632 -2.06675 -0.797117 -0.0587459 2.1277 -13.8187 -3.71252 7.81629 10.7216 -7.65436 13.6641 12.3594 -6.94752 4.90834 13.2818 0.00907187 -0.544643 -0.000179533 32.196 0.0433758 -13.5831 6.21502 -8.74259 -65.6407 34.0623 10.1166 2.13713 -0.00898517 -0.0509574 -3.99559e-06 -3.69348e-08 -2.09468e-07 -6.36111e-15 -0.958467 1.0928 6.47812 -36.0627 -26.7919 -8.4814 -20.3104 -8.36217 -0.621814 -0.000189181 0.0010729 1.77127e-09 -1.10679e-09 6.27701e-09 1.59028e-14 8.60669 -3.93187 -3.11403 12.0343 -0.0338279 -2.72504 -0.00122022 0.049944 0.000129781 29.0499 -32.5377 -2.78688 -5.90811 12.769 1.41269 0.0132945 -6.38824 -0.93094 -0.00157216 -5.17431 0.0100667 50.2151 -28.351 -1.21374 -14.5453 10.1495 2.62567 -0.0944695 -31.0626 2.21977 -0.000108363 -1.41549 -0.000711119
1086.52 2579.89 949.945 -123.61 14.0715 17.829 0.00261863 -2.16263 -0.8078 -0.0573251 2.18287 -13.7067 -4.01009 7.83387 10.35 -8.01125 13.5659 12.0108 -7.35718 4.75563 12.8916 0.0142151 -0.530711 -6.4427e-05 31.1599 0.0510979 -12.9251 11.6716 -7.84476 -64.0222 32.9779 10.0539 2.21771 -0.00944763 -0.0535802 -4.41748e-06 -4.33059e-08 -2.456e-07 6.36111e-15 -0.767023 1.05627 7.65009 -35.575 -26.0567 -9.07549 -20.5624 -8.40432 -0.629914 0.00039594 -0.00224548 7.75866e-09 -3.82392e-10 2.16871e-09 1.59028e-14 8.9896 -4.00352 -3.17413 12.5457 -0.0912885 -2.79255 -0.000392162 0.0352548 4.15911e-05 27.6438 -32.5121 -3.79692 -5.55552 12.2205 1.25509 0.0168028 -6.12151 -0.930964 -0.000979478 -5.03502 0.00475843 47.304 -28.4511 -2.66452 -10.9353 9.85211 1.9608 -0.109864 -32.5154 2.16491 -0.000398194 -1.41424 -0.000243937
1083.66 2579.22 946.939 -122.808 14.4019 18.082 0.00258122 -2.33507 -0.846885 -0.0561053 2.2102 -13.5992 -4.414 7.7696 9.98135 -8.65729 13.3487 11.6533 -7.9589 4.44597 12.4086 0.013456 -0.54338 0.000575824 30.1016 0.0428874 -12.3311 16.8341 -6.88041 -62.6896 31.694 10.3825 1.90855 -0.00545979 -0.030964 -1.4753e-06 -2.9271e-08 -1.66004e-07 -2.8625e-14 -0.174747 1.08451 8.79185 -34.8522 -26.7717 -8.73188 -21.0943 -8.48035 -0.691608 0.000391395 -0.00221971 7.58158e-09 -1.59994e-09 9.07367e-09 6.36111e-15 9.59936 -3.73628 -3.05928 13.3743 0.0843042 -2.75007 0.000123091 0.0260958 -2.48279e-05 24.8607 -32.0865 -4.97446 -4.93839 11.4217 0.95819 0.0145003 -6.09789 -0.928608 -0.000911776 -4.98581 0.00300453 44.1978 -28.1911 -3.75154 -7.68336 9.29758 1.34016 -0.0796823 -33.7948 2.16435 -0.000335627 -1.43231 0.000374714
1080.59 2579.28 944.013 -121.679 14.8292 18.035 -0.000632379 -2.56535 -0.902942 -0.0556133 2.20958 -13.5068 -4.75787 7.65606 9.69123 -9.29165 13.0765 11.3606 -8.5199 4.09967 11.9501 0.00865975 -0.590876 0.000350507 29.3965 0.0331227 -11.7653 20.0561 -6.15303 -62.2942 30.7973 10.7637 1.45705 0.000795145 0.00450949 -3.12912e-08 -1.27086e-08 -7.20741e-08 -1.74931e-14 0.508828 1.16948 9.36768 -33.774 -29.281 -7.0284 -21.8301 -8.56908 -0.85598 -0.000124387 0.000705434 7.65712e-10 -1.87516e-09 1.06343e-08 -1.90833e-14 10.2182 -3.14815 -2.93634 14.2299 0.474158 -2.71336 0.000746983 0.020934 -9.63423e-05 21.0598 -31.6606 -6.33143 -3.63904 11.2144 0.511909 0.00932966 -6.59797 -0.923788 -0.00168394 -5.00612 0.00197837 41.8492 -27.8662 -4.33401 -6.13306 8.60001 0.995265 -0.0393658 -34.3816 2.16028 0.00030833 -1.46632 0.00161513
1078.13 2580.46 943.035 -120.744 15.1475 17.919 -0.000903877 -2.86669 -0.970067 -0.0556582 2.20271 -13.4488 -4.852 7.59404 9.53161 -9.54365 12.9227 11.1729 -8.74429 3.89532 11.6358 0.00649406 -0.641287 -0.000920632 29.2034 0.029571 -11.3933 20.8333 -5.67813 -62.5504 30.8377 10.8781 1.20509 0.0064649 0.0366643 -2.06849e-06 -4.58923e-09 -2.60267e-08 4.77083e-15 0.618615 1.25744 8.96515 -31.7547 -34.0728 -3.4594 -22.771 -8.67727 -1.16277 9.82588e-05 -0.000557253 4.77818e-10 3.6417e-09 -2.0653e-08 -1.59028e-14 10.5043 -2.28551 -3.06856 14.6489 1.0378 -2.85914 0.00227784 0.0120576 -0.000128452 17.1399 -31.4567 -7.80712 -1.58401 11.8728 -0.00575454 0.00758818 -7.20838 -0.911239 -0.00235284 -5.07184 -0.000550338 41.1082 -27.6641 -4.41924 -6.78049 7.87634 0.987312 -0.0278441 -33.8603 2.09538 0.000935807 -1.50978 0.0023774
1076.24 2582.1 945.196 -120.332 15.1782 17.954 0.00702363 -3.25981 -1.07343 -0.0564343 2.24749 -13.4178 -4.6101 7.70975 9.48723 -9.22879 13.0824 11.0649 -8.45008 4.00388 11.4948 0.00923577 -0.668709 -0.00246362 29.348 0.0139839 -11.4232 19.8585 -5.25186 -62.5858 32.0386 10.6603 1.21637 0.0108304 0.0614223 -5.80521e-06 -1.13487e-09 -6.43614e-09 1.59028e-14 -0.42536 1.2916 7.55339 -27.7369 -40.9348 2.50017 -24.1129 -8.87157 -1.53671 0.00172803 -0.00980013 1.47785e-07 1.92798e-08 -1.09341e-07 6.36111e-15 10.2125 -1.3938 -3.63045 14.2679 1.61265 -3.26886 0.00336222 0.00824614 -4.46825e-05 14.4006 -31.3281 -9.07809 0.478942 12.768 -0.453887 0.00248658 -7.1004 -0.855715 -0.00184962 -5.16913 -0.0025972 41.4911 -27.5361 -4.41023 -8.54485 7.25214 1.13637 -0.0352296 -31.9746 2.00582 0.000925521 -1.55478 0.00186108
1074.42 2583.62 950.21 -120.285 14.8673 18.195 0.0202116 -3.73203 -1.23373 -0.0582706 2.40343 -13.3716 -4.10842 8.0711 9.47858 -8.46214 13.6577 10.9683 -7.69669 4.52086 11.438 0.0130179 -0.684188 -0.00414908 29.5247 -0.0218973 -11.8878 17.9868 -4.92897 -61.8814 34.0517 10.2229 1.42058 0.0113557 0.0644016 -6.38204e-06 -1.97544e-09 -1.12034e-08 -1.74931e-14 -2.48886 1.28136 5.4708 -21.024 -48.263 11.1506 -25.9381 -9.18705 -1.75261 0.00254939 -0.0144583 3.21663e-07 1.75035e-08 -9.92672e-08 -1.11319e-14 9.30151 -0.848165 -4.60334 12.996 1.96794 -3.88858 0.00190946 0.0180107 1.81088e-05 14.0223 -30.9786 -9.63386 1.15163 12.9587 -0.60335 -0.0141655 -5.76702 -0.75213 -0.000266952 -5.28137 -0.00225875 41.1545 -27.3069 -5.04924 -9.45094 6.88197 1.17363 -0.0281727 -28.8699 1.97523 0.000357773 -1.6009 0.00074684
1072.57 2584.91 956.572 -120.193 14.3445 18.524 0.0268435 -4.23073 -1.41969 -0.0601617 2.68708 -13.2597 -3.53953 8.61158 9.41101 -7.54266 14.5597 10.814 -6.73936 5.36827 11.3526 0.0134787 -0.710514 -0.00503153 29.5781 -0.0511901 -12.5809 15.736 -5.01315 -60.6238 36.1769 9.72943 1.74231 0.00547922 0.0310742 -1.48582e-06 -2.30151e-08 -1.30525e-07 1.11319e-14 -4.67318 1.27977 3.20465 -12.66 -53.8254 21.5836 -27.9205 -9.54945 -1.68831 0.000212839 -0.00120707 2.24196e-09 8.57551e-09 -4.86341e-08 -1.27222e-14 7.9478 -0.903324 -5.74062 11.0804 1.95571 -4.56154 -0.000950816 0.0292283 2.24844e-06 16.5379 -30.3829 -9.08939 -0.699566 12.0385 -0.26834 -0.0297654 -3.47145 -0.631716 0.00116349 -5.38897 -0.00025668 38.6132 -26.8695 -6.74006 -8.28521 6.91628 0.973665 -0.0125157 -25.3228 2.02408 -0.000329202 -1.65441 0.000228833
1071.42 2586.13 962.784 -119.766 13.8674 18.77 0.0212814 -4.66344 -1.54312 -0.0605358 3.03247 -13.0762 -3.08031 9.15287 9.23619 -6.74118 15.561 10.5742 -5.87286 6.33933 11.2076 0.0101864 -0.747828 -0.00391636 29.5599 -0.0516792 -13.188 13.4306 -5.72358 -59.3968 37.8045 9.29567 2.06386 -0.00345655 -0.0196031 -5.91309e-07 -7.03757e-08 -3.99121e-07 6.36111e-15 -6.04873 1.30833 1.1516 -5.71139 -56.5164 31.0012 -29.66 -9.86128 -1.5107 -0.00290798 0.016492 4.18516e-07 2.42757e-09 -1.37675e-08 -1.03368e-14 6.46629 -1.56747 -6.70086 8.98906 1.5581 -5.11464 -0.00177131 0.0254889 -3.77612e-05 21.4351 -29.8642 -7.50665 -5.10789 10.4957 0.504524 -0.0272571 -1.03743 -0.50723 0.00156997 -5.47958 0.00170059 34.1002 -26.2567 -9.09652 -5.44611 7.33309 0.618509 -0.00942154 -22.2934 2.13691 -0.000839324 -1.72163 0.000149333
1071.79 2587.48 968.181 -119.052 13.6331 18.877 0.0114573 -4.94246 -1.5213 -0.0593352 3.32392 -12.8823 -2.78287 9.54869 8.9732 -6.13017 16.4613 10.2673 -5.23561 7.26416 11.0225 0.00496833 -0.783491 -0.00211745 29.4989 -0.0325866 -13.4356 11.3551 -6.94561 -58.661 38.7646 8.96603 2.28429 -0.00953353 -0.0540673 -4.49817e-06 -1.26917e-07 -7.19783e-07 1.59028e-15 -6.41596 1.35561 -0.542579 -2.21323 -56.8641 37.2795 -31.1923 -10.1133 -1.42833 -0.00349743 0.0198349 6.05379e-07 -2.24458e-10 1.27295e-09 4.77083e-15 5.14518 -2.72227 -7.28848 7.14811 0.815513 -5.45904 -0.000531379 0.0152541 -4.89135e-05 27.3913 -29.7744 -5.3264 -10.936 9.18086 1.50031 -0.012017 0.809618 -0.361317 0.00138092 -5.55237 0.00233027 29.2142 -25.7054 -11.3285 -2.23574 7.92134 0.265351 -0.0168548 -20.2694 2.29577 -0.00101988 -1.8037 -0.000646107
1073.71 2589.16 972.62 -118.283 13.6386 18.925 0.00533341 -5.06332 -1.36069 -0.0578191 3.50083 -12.7391 -2.60837 9.78861 8.66485 -5.63249 17.1922 9.90381 -4.75145 8.10513 10.786 0.000131582 -0.81123 -0.00149366 29.2857 -0.0116643 -13.0436 9.88186 -8.2354 -58.5418 39.3043 8.73929 2.3871 -0.0115065 -0.0652568 -6.55267e-06 -1.56067e-07 -8.85098e-07 3.18055e-15 -6.36133 1.40522 -1.91932 -0.997159 -55.8744 41.1266 -32.9115 -10.3804 -1.49255 -0.00267915 0.0151942 3.5524e-07 -2.07649e-10 1.17769e-09 7.15625e-15 4.11053 -4.33948 -7.45701 5.74115 -0.271343 -5.55129 0.000131836 0.0158797 1.48004e-06 33.0433 -30.1842 -3.06576 -16.7196 8.59638 2.52189 0.00248762 1.84347 -0.188624 0.00123076 -5.61952 0.00170922 25.5822 -25.5214 -12.9104 -0.00851281 8.46907 0.0539843 -0.0210798 -19.0424 2.45754 -0.000762976 -1.88975 -0.00207955
1075.88 2591.65 975.998 -117.592 13.7038 18.997 0.00291872 -5.09843 -1.13124 -0.057077 3.57725 -12.6649 -2.46419 9.97648 8.33499 -5.13257 17.8187 9.47752 -4.26599 8.92504 10.4524 -0.00270994 -0.830893 -0.00145341 28.705 0.00222891 -11.8261 9.08579 -9.20939 -59.0722 39.7559 8.55856 2.41899 -0.0108912 -0.061767 -5.87055e-06 -1.35215e-07 -7.66841e-07 -7.95139e-15 -6.71131 1.44397 -2.99055 -0.0186136 -54.2758 44.1159 -35.1092 -10.7055 -1.69345 -0.00171054 0.00970094 1.44808e-07 -1.06097e-10 6.01582e-10 -1.74931e-14 3.31281 -6.41152 -7.22807 4.68255 -1.68713 -5.36782 -0.000750342 0.0278593 3.03423e-05 37.3145 -30.862 -1.31055 -21.3307 8.77231 3.46854 0.0110424 2.24855 -0.0053286 0.00106883 -5.69903 0.000177934 23.8492 -25.6757 -13.8095 0.539186 8.79133 0.0480181 -0.0183137 -18.1791 2.58964 -0.000247437 -1.96219 -0.00321554
1076.66 2595.28 978.067 -117.058 13.6299 19.113 0.00110888 -5.13591 -0.897263 -0.0570191 3.60382 -12.645 -2.26928 10.2124 8.00965 -4.53986 18.4088 9.01119 -3.6677 9.7415 10.0214 -0.0029432 -0.838155 -0.000469905 27.6169 0.00746528 -9.88917 8.51238 -9.79914 -60.3302 40.3725 8.35971 2.4488 -0.00878097 -0.0497993 -3.81604e-06 -8.17764e-08 -4.63777e-07 -3.49861e-14 -7.80048 1.43845 -3.60495 1.29326 -52.4362 46.6653 -37.7059 -11.0625 -1.99675 -0.000660215 0.00374426 2.15724e-08 -3.73493e-11 2.11766e-10 -8.34896e-15 2.6508 -8.74828 -6.68425 3.79138 -3.28388 -4.94629 -0.00204729 0.0386206 4.69441e-06 39.7757 -31.5081 -0.480407 -24.1658 9.42343 4.26217 0.0150165 2.47599 0.178054 0.000759698 -5.80727 -0.00203031 23.6138 -25.7905 -14.3266 -0.313527 8.75928 0.204078 -0.0177075 -17.6471 2.6832 0.000229399 -2.00928 -0.0039576
1075.52 2599.5 978.906 -116.696 13.3887 19.21 -0.00192358 -5.21875 -0.688868 -0.0567316 3.62138 -12.658 -2.02927 10.5018 7.7339 -3.85169 18.9463 8.55954 -2.98765 10.4635 9.56766 -0.000928081 -0.824748 0.00132356 26.1424 0.00378994 -7.70754 7.74811 -10.1268 -62.0985 41.1918 8.18142 2.50362 -0.00569475 -0.0322965 -1.60501e-06 -3.18841e-08 -1.80824e-07 -3.18055e-15 -9.26559 1.3325 -3.622 2.33111 -50.5228 48.3882 -40.2758 -11.3934 -2.31799 -0.000601543 0.00341152 1.79087e-08 -1.09125e-10 6.18576e-10 2.34566e-14 2.10734 -10.938 -5.96584 3.01359 -4.77188 -4.39501 -0.00248129 0.0393993 -8.96624e-05 40.4982 -31.9125 -0.579075 -25.1796 10.1935 4.76418 0.0160704 2.94196 0.393215 0.00063315 -5.9515 -0.00352371 23.954 -25.5938 -14.7775 -1.70891 8.42795 0.410691 -0.0213743 -17.5587 2.74185 0.000456673 -2.03057 -0.00483852
1073.47 2602.96 979.263 -116.346 13.1772 19.221 -0.00408139 -5.32061 -0.507744 -0.0561894 3.63276 -12.6951 -1.81513 10.7646 7.52475 -3.16391 19.358 8.16332 -2.40151 10.9463 9.15636 0.00131584 -0.791121 0.00251512 24.5767 -0.00324692 -5.97816 6.83506 -10.3163 -63.7197 42.025 8.15251 2.5422 -0.00169973 -0.00963963 -1.42984e-07 -7.38677e-09 -4.18926e-08 -0 -10.4925 1.09689 -3.08095 2.33456 -48.5863 48.9493 -42.2829 -11.6395 -2.56642 -0.00227421 0.0128977 2.55971e-07 -3.05753e-10 1.73417e-09 2.38542e-15 1.74332 -12.4309 -5.28797 2.45003 -5.77775 -3.88469 -0.00175718 0.029055 -0.000193022 39.5041 -32.0506 -1.36545 -24.6585 10.8759 4.88528 0.011392 3.59161 0.688816 0.00102206 -6.11773 -0.00279443 24.1554 -25.2787 -15.1709 -2.82618 8.08568 0.563019 -0.0239209 -17.7829 2.77215 0.000471802 -2.03949 -0.00569925
1071.88 2604.74 979.906 -115.753 13.2031 19.161 -0.002823 -5.40009 -0.353179 -0.0558783 3.6343 -12.7415 -1.71646 10.9036 7.35113 -2.6538 19.5726 7.82889 -2.09024 11.1022 8.79623 0.00189986 -0.744637 0.0023688 23.3597 -0.00177314 -5.16955 6.05355 -10.3839 -64.5354 42.7208 8.36299 2.53693 0.00279714 0.0158634 -3.8722e-07 -1.35039e-09 -7.65849e-09 2.54444e-14 -10.9664 0.75584 -2.21251 1.03012 -46.5863 48.5112 -43.3644 -11.7615 -2.70103 -0.00467009 0.0264854 1.07939e-06 -7.84379e-10 4.44835e-09 1.78906e-14 1.60174 -12.7924 -4.87862 2.20637 -6.00867 -3.58381 -0.000617915 0.0131995 -0.000157571 37.0366 -31.9993 -2.536 -23.1697 11.3436 4.68761 -0.000124729 4.13341 1.07164 0.00146343 -6.27579 -0.000762417 24.0534 -25.2871 -15.3205 -3.42638 8.08161 0.649657 -0.0227416 -17.918 2.80013 0.000378843 -2.05424 -0.00623516
1070.95 2605.37 981.095 -114.796 13.4581 19.066 3.97411e-05 -5.4368 -0.224112 -0.0558232 3.62964 -12.7627 -1.72957 10.8866 7.19033 -2.43408 19.5877 7.5538 -2.09977 10.963 8.49515 0.00126323 -0.689296 0.00135209 22.9008 0.0165326 -5.32951 5.45291 -10.2632 -64.3995 43.2988 8.76584 2.52084 0.00609582 0.0345711 -1.83905e-06 3.63537e-12 2.06215e-11 -0 -10.5391 0.379371 -1.35509 -1.16069 -44.4765 47.6854 -43.53 -11.7675 -2.73127 -0.00587448 0.0333158 1.70792e-06 -1.22711e-09 6.95919e-09 -1.19271e-15 1.62653 -11.9325 -4.85985 2.23507 -5.40683 -3.58029 4.11315e-05 0.0028934 -2.56034e-05 33.8436 -31.8339 -3.79046 -21.4364 11.6309 4.37522 -0.01336 4.38315 1.46458 0.00137158 -6.39769 -2.83647e-05 23.6722 -25.6739 -15.2164 -3.67068 8.38404 0.69739 -0.017611 -17.4916 2.85071 0.000262259 -2.07835 -0.00577429
1070.09 2606.06 982.54 -113.737 13.7439 18.924 0.0030578 -5.41955 -0.107213 -0.0560972 3.61798 -12.7197 -1.72922 10.7668 7.08956 -2.40308 19.4494 7.37404 -2.26502 10.6196 8.31707 0.00127402 -0.630409 0.000247 23.3246 0.0487505 -6.21508 4.67835 -9.87621 -63.7257 43.9142 9.19248 2.53688 0.00666555 0.0378022 -2.19887e-06 2.24302e-10 1.27204e-09 1.27222e-14 -9.48201 0.0541789 -0.711732 -3.57134 -42.2611 46.9572 -43.225 -11.7234 -2.7116 -0.00501486 0.0284407 1.24464e-06 -7.60868e-10 4.31516e-09 -1.51076e-14 1.65453 -10.1506 -5.2591 2.29837 -4.17841 -3.89445 -0.000173837 0.0060634 1.09264e-05 31.2076 -31.6642 -4.70973 -20.0002 11.938 4.18262 -0.0194843 4.39006 1.73371 0.000984596 -6.47922 -0.0015269 22.9949 -25.9474 -15.0813 -3.45995 8.47059 0.680136 -0.00629617 -16.3226 2.92364 0.000235653 -2.09996 -0.00402898
1068.87 2607.09 983.867 -113.113 13.8635 18.681 0.00914149 -5.34166 0.0165719 -0.0572578 3.58604 -12.5988 -1.59301 10.6309 7.14372 -2.30794 19.2286 7.34092 -2.33471 10.1895 8.32335 0.00305501 -0.580368 -0.000476609 24.453 0.0712074 -7.38744 3.31033 -9.26244 -63.0894 44.741 9.4762 2.61462 0.00485228 0.0275186 -1.16525e-06 1.82216e-10 1.03332e-09 3.81667e-14 -8.19664 -0.173256 -0.290871 -5.75537 -40.0275 46.4803 -42.9885 -11.6939 -2.70309 -0.0027058 0.0153453 3.62342e-07 -2.28141e-10 1.29392e-09 5.56597e-15 1.57265 -8.0496 -5.95886 2.19758 -2.73328 -4.42463 -0.000860282 0.0158186 -2.09213e-05 30.2121 -31.5969 -4.87249 -18.9086 12.4046 4.1591 -0.0134992 4.32508 1.81291 0.00113716 -6.53162 -0.00414842 21.9863 -25.516 -15.1281 -2.37837 7.79214 0.563383 0.00694061 -14.5779 3.01905 0.000377907 -2.10854 -0.00222895
1067.65 2607.49 984.867 -113.196 13.8339 18.24 0.0194978 -5.21453 0.157614 -0.0595744 3.51306 -12.4299 -1.28222 10.5222 7.37649 -1.94216 19.0055 7.44112 -2.18027 9.79081 8.49816 0.00581912 -0.550791 -0.000712002 25.8153 0.0608225 -8.36687 1.27679 -8.57969 -62.9127 45.7942 9.5623 2.75805 0.00190996 0.0108319 -1.80541e-07 8.04553e-11 4.5627e-10 -0 -7.10987 -0.306084 -0.0829047 -7.62873 -37.8942 46.1954 -43.0334 -11.6946 -2.72421 9.93971e-06 -5.63709e-05 4.88354e-12 -4.0277e-10 2.28434e-09 -6.16232e-15 1.39256 -6.28888 -6.67896 1.93223 -1.51907 -4.94766 -0.00168782 0.0268262 7.94579e-05 30.2609 -31.6058 -4.41175 -17.4728 13.0471 4.09169 0.00110219 4.12771 1.76185 0.00271654 -6.54309 -0.00690503 20.3792 -24.1733 -15.3857 -0.0511591 6.25505 0.364101 0.0140057 -12.7578 3.15203 0.000576741 -2.10319 -0.00157833
1067.06 2606.36 985.144 -113.684 13.8634 17.555 0.0271339 -5.08485 0.302752 -0.0617417 3.39594 -12.2678 -0.857297 10.4285 7.66096 -1.31934 18.8397 7.56967 -1.8179 9.54723 8.72621 0.00753667 -0.542097 -0.000140781 26.8397 0.0273516 -8.6662 -1.17892 -7.87328 -63.4702 47.0447 9.50364 2.94897 -0.000993113 -0.00563223 -4.88119e-08 3.79631e-11 2.15304e-10 6.36111e-15 -6.52461 -0.368959 -0.123139 -9.37536 -36.0193 46.0694 -43.2156 -11.7073 -2.75855 0.00225953 -0.0128144 2.52676e-07 -7.26951e-10 4.12281e-09 -3.97569e-15 1.22128 -5.35534 -7.08763 1.68005 -0.878026 -5.23056 -0.00637943 0.0852309 0.0024701 29.3679 -31.5274 -4.0374 -14.7191 13.6271 3.65154 0.0169404 3.789 1.69254 0.00654383 -6.47849 -0.00989086 17.8881 -22.3042 -15.6571 3.39218 4.36466 0.136294 0.0151595 -11.4927 3.32761 0.000628244 -2.09239 -0.00192999
1067.12 2603.97 984.216 -113.982 14.1052 16.69 0.0242849 -5.0186 0.421189 -0.0619393 3.25879 -12.1493 -0.405313 10.3459 7.79275 -0.611893 18.774 7.56823 -1.31707 9.56764 8.85317 0.00670382 -0.546008 0.00105735 27.0602 0.00449964 -7.92165 -3.78686 -7.0147 -64.9358 48.5676 9.38778 3.18727 -0.00347611 -0.019714 -5.9802e-07 8.37472e-11 4.7503e-10 6.36111e-15 -6.48285 -0.390758 -0.497609 -11.1207 -34.5799 46.3197 -43.2997 -11.7128 -2.78256 0.0034754 -0.01971 5.97775e-07 -6.954e-10 3.94384e-09 -1.25234e-14 1.26558 -5.41549 -6.89047 1.76666 -0.946147 -5.0875 -0.0198877 0.264226 0.0100952 25.8224 -31.2657 -4.48115 -10.247 13.9577 2.65659 0.0279365 3.5382 1.67275 0.0121573 -6.31109 -0.0141797 14.3389 -20.4999 -15.8531 7.30679 2.8322 -0.0803129 0.0149446 -11.1074 3.51088 0.000447005 -2.08284 -0.00246379
1067.38 2601.59 981.967 -113.746 14.5165 15.764 0.0136787 -5.05526 0.494366 -0.0596784 3.14646 -12.0844 0.0240764 10.2982 7.66827 0.0616984 18.8082 7.3409 -0.695645 9.83103 8.80659 0.00314964 -0.558119 0.00120563 26.2093 0.0144148 -6.21479 -6.22745 -5.86389 -67.1939 50.3775 9.28612 3.47255 -0.00543007 -0.0307954 -1.45928e-06 5.71385e-10 3.24048e-09 -1.90833e-14 -6.8664 -0.387636 -1.20478 -12.7206 -33.6569 47.2099 -43.2943 -11.7209 -2.79191 0.00302097 -0.0171328 4.5167e-07 -2.2476e-10 1.27458e-09 -8.15017e-15 1.6947 -6.24337 -5.95715 2.41431 -1.57009 -4.42977 -0.0341444 0.531344 0.0140906 19.4049 -30.8678 -5.96216 -4.67379 14.3101 1.17804 0.0121561 3.42255 1.73855 0.015396 -6.07153 -0.0182871 9.68947 -19.0342 -16.1386 11.3116 2.03836 -0.295274 0.0127963 -11.3933 3.6518 0.000114328 -2.0706 -0.00252997
1067.26 2599.92 978.933 -113.21 14.8988 14.901 0.00417017 -5.18221 0.524766 -0.056097 3.10518 -12.0814 0.39531 10.3034 7.37406 0.700343 18.899 6.93476 0.054297 10.1941 8.6093 -0.00159658 -0.573633 4.9805e-05 24.3911 0.0487205 -3.96944 -8.08146 -4.54141 -69.7659 52.2813 9.24597 3.76763 -0.00669392 -0.0379631 -2.21763e-06 1.71047e-09 9.70048e-09 6.36111e-15 -7.41762 -0.352668 -1.98932 -13.9356 -33.2003 48.6878 -43.3853 -11.7481 -2.80226 0.00141902 -0.00804766 9.96565e-08 9.31712e-11 -5.28471e-10 -1.59028e-15 2.54128 -7.3149 -4.35138 3.61804 -2.35351 -3.28497 -0.0317569 0.705385 0.00262669 11.6861 -30.4653 -8.02076 0.62027 15.2332 -0.496703 -0.0591365 3.0766 1.92548 0.0122377 -5.85048 -0.0158007 4.3609 -17.7689 -16.6201 15.6663 1.86531 -0.486291 0.00724161 -11.8368 3.73319 -0.000199335 -2.04915 -0.00155048
1066.39 2598.86 976.233 -112.93 15.0491 14.215 0.000844868 -5.3423 0.528266 -0.0530855 3.15311 -12.1474 0.704754 10.3534 7.08251 1.35897 19.0092 6.4895 0.861955 10.4992 8.36732 -0.00369765 -0.571324 -0.000326317 22.0596 0.0732164 -1.87531 -9.10332 -3.57838 -71.9301 53.9599 9.26988 4.00766 -0.00643077 -0.0364707 -2.0467e-06 2.84806e-09 1.61522e-08 -6.36111e-15 -7.89191 -0.270076 -2.56983 -14.7578 -33.0019 50.267 -43.5958 -11.7852 -2.81335 0.000254223 -0.00144177 3.19859e-09 3.60802e-11 -2.04704e-10 4.77083e-15 3.66235 -8.04558 -2.35026 5.14976 -2.84986 -1.84759 -0.0142307 0.642248 -0.0122304 4.84575 -30.1944 -10.0232 4.37805 17.0318 -1.90297 -0.15737 1.97811 2.17429 0.00552259 -5.71829 -0.0051108 -1.05641 -16.2785 -17.2809 21.0329 1.79837 -0.552481 0.00370301 -12.1555 3.79453 -0.000288373 -2.01528 0.000947159
1064.86 2598.64 974.791 -113.207 14.897 13.781 0.00255452 -5.46633 0.523413 -0.052244 3.27199 -12.2664 0.982933 10.43 6.90406 2.0847 19.1297 6.13324 1.65135 10.6865 8.20358 -0.0017909 -0.534578 0.000939033 19.6715 0.0597144 -0.746524 -9.24753 -3.54404 -72.9471 55.2654 9.26689 4.17203 0.00106209 0.0060234 -5.58277e-08 1.82024e-08 1.03231e-07 6.36111e-15 -8.24168 -0.140543 -2.90631 -15.5071 -32.8512 51.3163 -43.7744 -11.8114 -2.81153 0.000107311 -0.000608592 5.69929e-10 -1.49791e-10 8.49544e-10 -1.98785e-15 4.72373 -8.17291 -0.426501 6.57739 -2.87555 -0.474458 -0.00091657 0.409671 -0.0130658 0.440396 -30.0482 -11.5255 6.04999 19.2975 -2.60247 -0.193337 0.102366 2.30672 0.000830475 -5.6803 0.00501408 -6.11596 -14.2196 -18.0242 27.8152 1.29595 -0.327951 0.00529061 -12.2306 3.89346 -0.000161978 -1.9711 0.00413984
1063.15 2599.89 974.65 -113.92 14.4957 13.647 0.00557766 -5.51079 0.519592 -0.0535832 3.41092 -12.393 1.25374 10.5251 6.83351 2.85528 19.2703 5.9018 2.39483 10.8001 8.13334 0.00197599 -0.468034 0.00217866 17.3932 0.0180886 -0.951044 -8.33252 -4.60085 -72.429 56.3767 9.07255 4.33558 0.0268944 0.152525 -3.57973e-05 1.62383e-07 9.20922e-07 -1.27222e-14 -8.49645 0.00404476 -3.20757 -16.3907 -32.7385 51.686 -43.8048 -11.8161 -2.79712 0.000293482 -0.00166442 4.26278e-09 -9.40363e-11 5.33214e-10 -2.38542e-15 5.44686 -7.86448 0.971179 7.55931 -2.58798 0.505372 0.00147189 0.18473 -0.00551768 -0.926639 -29.9035 -12.3214 5.82215 21.1246 -2.49169 -0.136769 -1.87701 2.24318 -0.000298575 -5.69005 0.00653543 -10.3889 -11.6468 -18.7527 35.2606 0.222781 0.354585 0.00244522 -11.7521 4.0327 -9.04661e-05 -1.92104 0.00555134
1062.07 2602.57 975.134 -114.754 13.9707 13.807 0.0067031 -5.46508 0.516655 -0.0552136 3.5121 -12.4762 1.50298 10.6196 6.81129 3.56897 19.3992 5.7585 3.05892 10.8632 8.08989 0.00534379 -0.397304 0.00220253 15.1953 -0.0154078 -2.17339 -6.11464 -6.3784 -70.5348 57.6533 8.61102 4.57946 0.0744802 0.422391 -0.00027454 7.12847e-07 4.04276e-06 -2.8625e-14 -8.67431 0.117697 -3.67766 -17.1112 -32.7008 51.8193 -43.8636 -11.8203 -2.79913 0.000102646 -0.000582137 5.21445e-10 -1.2207e-11 6.91325e-11 -7.95139e-15 5.71078 -7.36566 1.5663 7.93129 -2.20184 0.904223 0.0013022 0.0930859 -0.00125202 0.0192606 -29.6487 -12.5976 4.61351 21.8936 -1.92658 -0.0524991 -3.31208 2.11108 -0.000127119 -5.68919 0.00323588 -13.4942 -9.00924 -19.4486 41.6868 -1.09287 1.42771 -0.0171122 -10.2719 4.11174 -0.000141528 -1.87173 0.00368959
1062.25 2605.11 975.431 -115.455 13.4698 14.157 0.00518064 -5.34364 0.514926 -0.0558675 3.55478 -12.4992 1.67345 10.6707 6.80467 4.07484 19.429 5.67989 3.57035 10.8326 8.01332 0.00734965 -0.350627 0.00186284 13.1483 -0.0165861 -3.50972 -2.66832 -8.15066 -67.9947 59.4395 8.00182 4.8948 0.130311 0.738987 -0.000840369 1.51045e-06 8.56617e-06 -9.22361e-14 -8.77712 0.178765 -4.18733 -17.1615 -32.7164 52.1153 -44.3904 -11.8696 -2.87325 -0.00100414 0.00569477 4.9902e-08 -1.27801e-10 7.24833e-10 -1.11319e-14 5.42731 -6.74246 1.29188 7.56355 -1.78743 0.681268 0.0054036 0.204865 -0.00604588 1.37484 -29.2785 -12.8196 3.89079 21.6923 -1.51842 0.000506136 -3.99621 2.05017 -4.03862e-05 -5.6538 0.000724847 -15.2013 -6.99164 -20.0889 45.6271 -2.18648 2.48109 -0.0433435 -7.55598 4.06631 -0.000242943 -1.83239 4.09286e-05
1063.84 2605.06 975.485 -115.861 13.1284 14.486 0.0026835 -5.18109 0.531186 -0.0560432 3.55821 -12.4808 1.72402 10.6578 6.793 4.25033 19.3137 5.66612 3.82438 10.683 7.89187 0.00784074 -0.3385 0.00201071 11.5284 0.00110806 -4.05676 1.28311 -9.47418 -65.8022 61.9108 7.48723 5.24358 0.168501 0.955528 -0.00140509 1.25848e-06 7.13721e-06 -7.31528e-14 -8.92544 0.192036 -4.28627 -16.2975 -32.8537 52.3965 -45.6442 -11.9908 -3.03601 -0.00608612 0.0345161 1.8332e-06 -1.04676e-08 5.93646e-08 1.63003e-14 4.48407 -5.86889 0.352228 6.29306 -1.23818 -0.0164445 0.00616021 0.469687 -0.0124496 1.32525 -28.844 -13.2427 4.94981 20.9581 -1.75358 0.0177555 -3.98855 2.07515 -8.58554e-05 -5.59308 -8.79571e-05 -15.4011 -6.24567 -20.5188 46.4268 -2.76499 3.03817 -0.0487857 -4.01089 4.01005 -0.000280967 -1.80693 -0.00248159
1066.16 2601.2 976.122 -115.702 13.0619 14.499 -0.000514841 -5.02034 0.602301 -0.056349 3.55151 -12.4481 1.68872 10.6194 6.72881 4.13067 19.1148 5.68317 3.80084 10.4919 7.7676 0.00716691 -0.353652 0.00178207 10.6198 0.0114497 -3.76544 4.60069 -10.5409 -64.4494 64.9605 7.21048 5.65781 0.173105 0.981627 -0.0014829 2.71228e-07 1.53821e-06 -0 -9.55648 0.154909 -3.64257 -14.7422 -33.2836 52.0528 -47.5421 -12.1857 -3.24574 -0.0191119 0.108389 1.80774e-05 -7.08873e-08 4.02022e-07 -3.97569e-15 2.79134 -4.61607 -0.795209 3.97065 -0.401415 -0.838919 -0.0035327 0.634079 -0.0022891 -0.830519 -28.3919 -13.6818 8.08454 20.1007 -2.72782 0.0179187 -3.46257 2.13293 -0.000379699 -5.529 1.00086e-05 -14.2743 -7.04655 -20.4229 44.471 -2.7816 2.92426 -0.0323639 -0.507707 4.07515 -0.00021457 -1.79411 -0.0026369
1068.12 2594.78 977.982 -114.719 13.2795 14.005 -0.00710753 -4.88999 0.755169 -0.0568526 3.54847 -12.4205 1.66295 10.6273 6.56754 3.92201 18.9789 5.65345 3.64585 10.4042 7.6726 0.00727215 -0.370263 0.000663118 10.3842 0.00657808 -3.35248 6.58361 -11.8264 -63.5633 68.1723 7.12054 6.16672 0.156983 0.890224 -0.00121958 2.6798e-08 1.51979e-07 -6.36111e-15 -11.1491 0.0553088 -2.47446 -12.9432 -34.2855 50.8203 -49.7054 -12.4244 -3.4635 -0.0356421 0.202136 6.28715e-05 -2.78113e-07 1.57726e-06 5.96354e-15 0.46559 -3.16933 -1.66045 0.729715 0.639736 -1.37949 -0.0077293 0.497572 0.0166041 -4.28813 -28.011 -13.7397 12.1894 19.3635 -4.05327 0.0113899 -2.5935 2.1714 -0.000801961 -5.48088 -5.20569e-05 -12.5132 -8.93943 -19.5721 41.0084 -2.37947 2.32838 -0.0137125 2.16318 4.20897 -0.000189677 -1.79186 -0.00135878
1069.1 2588.42 980.589 -113.006 13.6485 13.099 -0.0151441 -4.79178 0.959799 -0.0573848 3.54134 -12.4112 1.72122 10.7135 6.3029 3.83904 19.0029 5.4973 3.55572 10.4954 7.56014 0.00816549 -0.376275 -0.000126809 10.5015 -0.00530393 -3.45876 7.38176 -13.7349 -62.4364 70.8985 7.10274 6.69066 0.143305 0.812668 -0.00101632 2.24357e-07 1.27239e-06 -0 -13.7533 -0.0907844 -1.46944 -10.9653 -35.9817 49.4164 -51.6871 -12.6512 -3.68786 -0.043442 0.24637 9.33998e-05 -4.583e-07 2.59915e-06 -1.98785e-15 -2.09751 -1.93749 -1.91375 -2.87104 1.5712 -1.38191 -9.05601e-05 0.183553 0.0186144 -7.43829 -27.7574 -13.2294 15.3644 18.8203 -5.06621 0.00498567 -1.63199 2.15637 -0.00101472 -5.45292 -0.000714951 -10.9966 -11.0238 -18.1761 37.3731 -1.70763 1.53206 -0.0072381 3.47693 4.30235 -0.000380805 -1.80221 9.7489e-05
1069.44 2584.27 982.311 -111.094 14.0244 12.151 -0.0180119 -4.72116 1.14545 -0.0572309 3.51791 -12.4286 1.86466 10.8145 5.97037 3.94201 19.0975 5.20009 3.63115 10.6742 7.36312 0.00721751 -0.384338 -8.1185e-05 10.6899 -0.0128022 -4.13262 7.80973 -16.3231 -60.6683 72.5983 7.09566 7.06965 0.140038 0.794145 -0.000970513 2.65214e-07 1.5041e-06 3.18055e-15 -16.8575 -0.236538 -1.31383 -8.38742 -38.0302 49.0742 -53.2332 -12.8268 -3.90996 -0.0366359 0.207771 6.64263e-05 -2.8955e-07 1.64212e-06 3.18055e-14 -4.41715 -1.19853 -1.49491 -6.13161 2.1246 -0.864348 0.0038136 -0.0439496 0.00752871 -9.37748 -27.5998 -12.4844 16.4369 18.5417 -5.38486 0.00170458 -0.851938 2.10945 -0.000883881 -5.44466 -0.000989183 -10.2412 -12.7026 -16.8423 34.4795 -0.821355 0.726185 -0.0180243 3.17277 4.33955 -0.000761771 -1.83203 0.0012803
1070.36 2582.82 981.579 -109.693 14.382 11.591 -0.0169808 -4.68639 1.26096 -0.0562613 3.47545 -12.4695 2.034 10.8272 5.643 4.13721 19.0731 4.84802 3.83844 10.7464 7.07469 0.00524886 -0.388964 -6.74263e-05 10.7317 -0.0106077 -4.94889 8.92851 -19.2953 -58.3645 73.093 7.18652 7.1905 0.127423 0.72261 -0.000803533 2.91244e-07 1.65172e-06 -9.54166e-15 -19.734 -0.353165 -2.10214 -4.96231 -40.0344 50.2574 -53.9564 -12.9236 -4.03837 -0.0206856 0.117314 2.1177e-05 -6.5857e-08 3.73493e-07 -5.56597e-15 -6.14068 -0.989178 -0.645141 -8.55377 2.24087 -0.0845243 0.00222552 -0.100392 0.000876343 -9.81788 -27.5866 -11.9404 15.4358 18.3977 -5.0654 -0.0054759 -0.315894 2.08339 -0.000591238 -5.45245 -0.000364339 -10.0065 -13.9655 -16.0971 32.4752 0.186753 0.0212559 -0.0335984 1.34483 4.36585 -0.000955742 -1.88447 0.00237468
1072.72 2583.05 978.49 -109.258 14.7571 11.631 -0.0185848 -4.69714 1.30213 -0.0555572 3.42342 -12.5192 2.16379 10.7138 5.37328 4.33794 18.8445 4.52742 4.09435 10.6076 6.73256 0.00475747 -0.37471 -0.000419183 10.4464 0.00113245 -5.51269 11.4522 -22.3473 -55.7988 72.3417 7.43797 7.06709 0.0929715 0.527252 -0.000427778 1.56167e-07 8.85666e-07 6.36111e-15 -22.0097 -0.448656 -3.22019 -1.26132 -41.9596 52.0626 -53.2066 -12.8647 -3.97491 -0.00273647 0.0155193 3.70605e-07 -3.03405e-09 1.7207e-08 -7.15625e-15 -7.08794 -1.11355 0.271261 -9.89382 2.08956 0.660114 0.00121738 -0.0703592 -0.000394227 -8.30038 -27.8688 -11.5162 12.9505 17.9961 -4.3537 -0.0272363 0.17203 2.11296 -8.66201e-05 -5.46705 -0.000393041 -9.51571 -15.0501 -15.9998 30.9521 1.10116 -0.50583 -0.0365786 -1.43271 4.39175 -0.000689014 -1.95538 0.00278773
1076.03 2583.65 974.801 -109.852 15.0868 12.201 -0.0211734 -4.73767 1.30543 -0.055901 3.37813 -12.5676 2.2695 10.5202 5.16748 4.6146 18.521 4.23506 4.39021 10.3409 6.40418 0.00407011 -0.357098 -0.000654567 9.77643 0.0145444 -5.84625 15.4476 -25.3611 -52.9391 70.3308 7.78863 6.7635 0.0513545 0.291243 -0.000130522 2.05644e-08 1.16626e-07 -2.22639e-14 -23.8137 -0.527983 -3.87533 1.49136 -44.2208 52.9197 -50.3569 -12.5487 -3.64637 0.0124567 -0.0706456 7.67957e-06 3.08337e-09 -1.74867e-08 3.97569e-15 -7.26811 -1.19543 0.878175 -10.1614 1.99083 1.12165 0.00106508 -0.0466896 -0.00017336 -4.19603 -28.5112 -10.67 9.56085 17.0585 -3.4668 -0.0676791 0.894681 2.19759 0.00108724 -5.48894 -0.00252613 -8.455 -15.8926 -16.351 29.9245 1.58546 -0.759121 -0.0248596 -4.18108 4.42309 -0.000150433 -2.03696 0.00178775
1078.93 2584.02 972.516 -111.285 15.2175 13.103 -0.0190837 -4.76809 1.30586 -0.0567707 3.34658 -12.6247 2.43271 10.3354 5.02418 5.11082 18.2917 3.93829 4.78203 10.1133 6.15269 0.00137849 -0.360135 -0.000551208 8.85916 0.0160252 -6.24048 20.5491 -28.2999 -49.4708 67.1411 8.18483 6.31613 0.0183425 0.104026 -1.66512e-05 5.05811e-09 2.86859e-08 -2.22639e-14 -25.4801 -0.583474 -3.62918 2.43716 -47.3021 51.8558 -45.3034 -11.9719 -2.98975 0.0165594 -0.0939132 1.35713e-05 1.13956e-08 -6.4628e-08 3.97569e-15 -6.90264 -0.901207 0.974697 -9.65669 2.20028 1.18929 0.00164318 -0.0504829 0.000321536 2.53772 -29.2967 -9.04036 5.55733 15.6006 -2.40605 -0.101748 1.9823 2.27197 0.00275024 -5.52969 -0.00520073 -7.25026 -16.1125 -17.0318 29.8957 1.39059 -0.653569 -0.010197 -6.07651 4.48987 0.000264189 -2.12179 -0.000255406
1080.29 2584.29 972.422 -113.226 15.046 14.109 -0.0125991 -4.75536 1.31811 -0.057116 3.32078 -12.7165 2.7031 10.2351 4.9446 5.83358 18.2582 3.65941 5.29452 10.0311 6.01977 -0.00154938 -0.383215 -0.000303421 8.08645 0.00160395 -6.85246 26.2215 -31.0314 -45.2185 62.95 8.64903 5.74767 -0.00265767 -0.0150724 -3.49566e-07 3.9595e-09 2.24553e-08 -6.36111e-15 -27.1795 -0.61355 -2.71415 1.81813 -51.0017 49.302 -39.0225 -11.2229 -2.1298 0.00844448 -0.047891 3.52919e-06 -7.24327e-10 4.10775e-09 1.19271e-14 -6.31791 -0.191945 0.664845 -8.83291 2.72071 0.949673 0.00258148 -0.0423739 0.000825536 10.0561 -29.8431 -7.18776 1.61899 14.0197 -1.22432 -0.0954837 3.20739 2.24873 0.00331269 -5.59982 -0.00398473 -6.35802 -15.4833 -17.9099 31.1633 0.580572 -0.199344 -0.000907659 -6.92993 4.5948 0.000469912 -2.20453 -0.00218352
1079.95 2584.68 973.584 -115.287 14.6098 15.005 -0.00611561 -4.69296 1.34432 -0.0567141 3.29051 -12.858 3.03443 10.2516 4.9683 6.57814 18.3957 3.49634 5.84414 10.0903 6.06566 -0.00286677 -0.411517 5.21829e-05 7.89717 -0.011655 -7.45058 31.7646 -33.4735 -40.6944 58.1509 9.18706 5.06011 -0.0126561 -0.0717766 -7.92742e-06 1.01627e-08 5.76354e-08 -2.54444e-14 -28.8209 -0.628468 -1.84915 1.10418 -54.6627 46.9382 -33.1297 -10.4501 -1.37427 -0.00129529 0.00734594 8.3035e-08 -2.37946e-09 1.34944e-08 -1.11319e-14 -5.79696 0.594645 0.104547 -8.09719 3.29505 0.516243 0.00231754 -0.00729807 0.000637834 15.4549 -29.9849 -6.19517 -1.05556 12.7725 -0.258464 -0.058135 4.13326 2.14165 0.00177131 -5.70185 0.00186735 -5.76513 -14.1901 -18.6982 33.273 -0.590908 0.520588 0.00345617 -7.04993 4.71334 0.000776938 -2.28358 -0.00240868
1078.81 2585.15 974.621 -117.15 14.0613 15.651 -0.00219526 -4.59927 1.36921 -0.0560818 3.25541 -13.0313 3.30604 10.3842 5.16395 7.06993 18.621 3.5598 6.28518 10.2431 6.33109 -0.00352819 -0.437922 0.000441735 8.50663 -0.00134586 -7.56086 36.425 -35.9465 -36.9123 53.1932 9.71141 4.24789 -0.0088802 -0.0503621 -3.90278e-06 1.48472e-08 8.42026e-08 1.59028e-14 -30.2663 -0.669406 -1.60696 2.07264 -57.8044 46.4019 -28.8866 -9.8173 -0.97479 -0.00403771 0.022899 8.06859e-07 -1.16982e-09 6.63434e-09 5.56597e-15 -5.46106 0.971064 -0.630762 -7.64111 3.58094 -0.0509404 0.000327188 0.0345994 0.000114438 17.1093 -29.7466 -6.59396 -1.6277 11.8757 0.191678 -0.0217475 4.65714 2.02122 -0.000672893 -5.83064 0.00691295 -5.14385 -12.7092 -19.1305 35.3035 -1.84927 1.38878 0.00754359 -6.93964 4.81102 0.00145828 -2.36661 -0.00145217
1078.05 2585.58 975.065 -118.668 13.5681 16.033 -0.00121988 -4.49546 1.37506 -0.0556796 3.23133 -13.1878 3.44468 10.6015 5.55291 7.20769 18.8686 3.8794 6.51918 10.4558 6.81144 -0.00532402 -0.462436 0.000630089 9.94437 0.0378747 -7.00462 39.5371 -39.038 -34.5978 48.4193 10.1429 3.34588 0.00580425 0.0329175 -1.66733e-06 9.34002e-09 5.29697e-08 -1.59028e-14 -31.4936 -0.78532 -1.97273 4.79694 -60.2331 47.44 -26.5588 -9.41748 -0.899387 -0.00151644 0.00860018 1.1381e-07 -1.96124e-09 1.11227e-08 3.97569e-15 -5.32463 0.676713 -1.5351 -7.48925 3.3993 -0.735847 -0.00220528 0.0735768 -0.000241191 15.3589 -29.1766 -8.12413 -0.037961 11.0907 0.109145 0.0139545 5.18226 1.88739 -0.00252305 -5.97879 0.00735143 -4.42076 -11.445 -19.204 36.9002 -2.96951 2.27336 0.0150089 -6.97533 4.86792 0.00218093 -2.46828 -0.00149469
1078.52 2586.05 975.218 -119.903 13.225 16.275 -0.00273656 -4.39114 1.35952 -0.0557947 3.23964 -13.2809 3.47222 10.842 6.08261 7.10865 19.1058 4.3847 6.52474 10.6966 7.44184 -0.0073586 -0.476516 0.000473437 12.1688 0.0769421 -6.07736 40.5404 -43.0415 -34.0146 44.265 10.4976 2.52044 0.0171847 0.0974592 -1.46155e-05 6.26853e-09 3.55507e-08 9.54166e-15 -32.6272 -0.976522 -2.3533 7.26593 -62.1988 47.7146 -25.4533 -9.20657 -0.937169 0.000720475 -0.00408602 2.56902e-08 -7.41966e-10 4.20793e-09 -2.38542e-15 -5.41138 -0.253436 -2.60486 -7.65152 2.7782 -1.52627 -0.00429249 0.102581 2.58034e-06 11.8356 -28.3858 -10.1573 2.86702 10.1717 -0.270132 0.0622389 6.28462 1.72394 -0.00341404 -6.14232 0.00602319 -3.88894 -10.52 -19.1944 38.3196 -3.79428 3.03987 0.0217282 -7.41288 4.88924 0.00211431 -2.59575 -0.00236512
1080.26 2586.87 975.482 -120.977 13.0368 16.527 -0.00456791 -4.29025 1.34112 -0.056366 3.28309 -13.3035 3.45249 11.0455 6.6259 6.97468 19.3495 4.93428 6.37292 10.9415 8.04075 -0.006458 -0.470742 0.000275015 15.0941 0.0621988 -5.18574 39.1649 -47.6821 -35.0414 41.0929 10.8322 1.96597 0.0153429 0.0870137 -1.16504e-05 -1.17073e-08 -6.63958e-08 1.90833e-14 -33.7754 -1.17493 -2.20843 7.54767 -64.0356 45.3418 -24.8555 -9.09677 -0.95985 0.00101473 -0.00575483 5.09602e-08 -2.39038e-10 1.35562e-09 3.57812e-14 -5.70788 -1.66027 -3.62136 -8.06816 1.83084 -2.27074 -0.00420244 0.0968349 0.000687875 8.04399 -27.5147 -12.248 5.93868 9.04088 -0.676676 0.105491 8.14036 1.58203 -0.0033533 -6.309 0.00592021 -3.82129 -9.89039 -19.391 39.8122 -4.2196 3.55571 0.0177277 -8.44819 4.90264 0.00117994 -2.73553 -0.00230775
1082.36 2587.79 975.856 -121.873 12.9689 16.769 -0.00345074 -4.19835 1.34582 -0.0567639 3.34215 -13.2875 3.43273 11.1943 7.04146 6.92476 19.6674 5.375 6.17568 11.2021 8.40883 -0.0030273 -0.459234 0.000218053 18.5326 -0.0237572 -4.37358 35.3532 -52.4039 -37.5671 39.0545 11.1346 1.7409 0.00490663 0.0278269 -1.1915e-06 -2.28492e-09 -1.29584e-08 1.27222e-14 -34.8213 -1.29927 -1.74236 6.10488 -65.4802 41.4536 -24.8305 -9.10332 -0.944977 0.00115655 -0.00655913 6.62001e-08 8.0427e-10 -4.56127e-09 7.15625e-15 -6.08691 -3.41214 -4.20634 -8.54143 0.637912 -2.71327 -0.00194438 0.0649889 0.000728003 4.87687 -26.7364 -14.0214 8.37242 7.97748 -0.994204 0.108937 10.1556 1.5515 -0.00226284 -6.44557 0.00505342 -4.14308 -9.52917 -19.7572 41.2183 -4.26172 3.7493 0.00461036 -9.87977 4.93052 0.000363651 -2.86019 -0.00130166
1083.57 2587.88 976.221 -122.424 13.0341 16.806 0.00138329 -4.13158 1.37249 -0.0569943 3.38764 -13.2715 3.41885 11.32 7.27264 6.92314 20.1006 5.62315 6.00107 11.5179 8.49015 -0.00104852 -0.467815 -0.000221268 22.0836 -0.120566 -3.36518 29.2007 -56.6773 -41.7216 38.1389 11.3286 1.74912 -0.00382805 -0.0217099 -7.25243e-07 -4.27507e-09 -2.42451e-08 -3.18055e-15 -35.5517 -1.32738 -1.81312 5.94555 -65.867 39.8687 -26.0346 -9.35176 -0.884662 0.00225827 -0.0128073 2.52395e-07 2.18401e-09 -1.23861e-08 8.74653e-15 -6.33801 -5.39328 -4.11494 -8.80784 -0.740785 -2.68784 -0.00132801 0.065761 0.000776379 3.0697 -26.3039 -14.918 9.70956 7.29052 -1.1734 0.0724232 11.4845 1.6438 -0.00108242 -6.52525 0.00269458 -4.48016 -9.50845 -19.9374 42.0774 -4.08088 3.68164 -0.00553132 -11.056 4.96604 0.000210798 -2.95163 -0.00131348
1083.33 2586.31 976.944 -122.317 13.3666 16.378 0.00808562 -4.11446 1.40302 -0.0577366 3.40467 -13.2633 3.38577 11.4567 7.35484 6.86361 20.5889 5.69588 5.84648 11.8943 8.39445 -0.000436539 -0.492432 -0.000862856 25.2065 -0.146073 -2.1302 21.2305 -60.1722 -47.3705 37.9752 11.3888 1.80956 -0.00546827 -0.0310121 -1.47989e-06 -1.09576e-09 -6.21433e-09 1.27222e-14 -35.8214 -1.2947 -3.19781 8.5328 -64.4666 42.6809 -28.913 -9.92717 -0.80001 0.00264994 -0.0150285 3.47536e-07 -1.45444e-08 8.24857e-08 -0 -6.34685 -7.29325 -3.37069 -8.76886 -2.09443 -2.19954 -0.00313658 0.130329 0.00160464 2.93182 -26.4943 -14.4598 9.6403 7.17221 -1.1555 0.0294933 11.8113 1.77612 -0.000659399 -6.55312 0.0015817 -4.52642 -10.0634 -19.5131 42.0911 -3.80587 3.47176 -0.00298875 -11.1242 5.00434 0.000327485 -3.01333 -0.0027487
1082.2 2583.1 978.459 -121.242 14.0949 15.343 0.0137817 -4.16243 1.44664 -0.0584544 3.40962 -13.235 3.28825 11.5986 7.37208 6.656 20.9955 5.67799 5.62982 12.2634 8.31927 0.00345962 -0.492179 -0.000455782 27.4871 -0.0987488 -1.04362 12.2653 -62.8837 -54.0884 38.0484 11.3718 1.80875 -0.001418 -0.00804188 -9.95134e-08 -6.00396e-10 -3.4049e-09 -0 -35.6563 -1.25738 -5.92207 10.9113 -61.0577 47.1004 -33.024 -10.6824 -0.862914 -0.000234334 0.00132897 2.71767e-09 -4.67933e-08 2.65378e-07 -1.98785e-14 -6.2715 -8.706 -2.30856 -8.67235 -3.11806 -1.46829 -0.00266139 0.185885 0.00107865 4.41325 -27.4336 -12.4904 7.79465 7.75153 -0.877001 -0.000551259 11.4284 1.87967 -0.000377527 -6.56076 0.00247818 -4.31267 -11.3897 -18.3291 41.2589 -3.39966 3.13415 0.0167214 -9.66587 5.02988 0.000158899 -3.06402 -0.00440245
1081.19 2579.7 980.471 -119.166 15.1115 13.82 0.0141598 -4.25854 1.5387 -0.0581405 3.42604 -13.1703 3.10246 11.7283 7.40349 6.30032 21.2297 5.66131 5.2799 12.5402 8.38333 0.00990419 -0.449809 0.00117086 28.7693 -0.0498655 -0.554071 3.28099 -65.0365 -61.2728 37.9401 11.3588 1.72579 0.00403236 0.0228687 -8.04726e-07 -8.13487e-10 -4.61348e-09 6.36111e-15 -35.3389 -1.25738 -9.26846 10.173 -56.6619 49.6567 -37.1346 -11.2913 -1.26065 -0.00482315 0.0273535 1.15131e-06 -9.03939e-08 5.12649e-07 6.36111e-15 -6.44947 -9.48315 -1.39216 -8.95388 -3.69476 -0.818439 0.00062308 0.152173 -9.21542e-05 7.46506 -28.7925 -9.20182 4.10576 8.86362 -0.288617 -0.00597815 10.7723 1.90977 0.000391799 -6.58549 0.00310041 -4.18376 -13.2742 -16.6484 39.7913 -2.76711 2.59569 0.0456941 -7.25931 4.97593 -0.000335227 -3.1197 -0.00577089
1080.76 2577.81 981.849 -116.502 16.055 12.187 0.00854665 -4.33744 1.69394 -0.056436 3.45273 -13.0993 2.88503 11.863 7.4536 5.91805 21.3245 5.6674 4.86908 12.696 8.51644 0.0120536 -0.39384 0.00302191 29.1295 -0.0400024 -0.737283 -4.93716 -66.8639 -68.3369 37.4167 11.419 1.61312 0.00632152 0.0358511 -1.97775e-06 -1.53884e-09 -8.72706e-09 1.11319e-14 -35.1895 -1.30654 -12.275 6.80269 -52.8219 49.8921 -39.9678 -11.5508 -1.86198 -0.00666809 0.0378166 2.20055e-06 -8.32277e-08 4.72008e-07 -1.59028e-15 -7.12819 -9.79442 -0.874247 -9.92646 -3.95421 -0.42317 0.0027931 0.0542847 0.000941306 11.7397 -29.8873 -5.24268 -0.652347 10.0859 0.509012 0.0227681 9.99179 1.84013 0.000990419 -6.63937 0.00203915 -4.45066 -15.1294 -14.9994 38.0266 -1.95143 1.87059 0.0620351 -5.09776 4.85721 -0.000504848 -3.186 -0.00583724
1080.43 2578.18 981.536 -114.097 16.5585 11.002 0.00530298 -4.32504 1.85265 -0.0534492 3.44439 -13.0685 2.79085 12.0327 7.43731 5.73972 21.3861 5.59629 4.62047 12.7872 8.52848 0.00759749 -0.344882 0.00460943 28.8825 -0.0426604 -1.2071 -11.8584 -68.3823 -74.5148 36.6026 11.5486 1.53137 0.00550014 0.0311928 -1.49719e-06 -1.17918e-09 -6.68734e-09 1.59028e-14 -35.4018 -1.38293 -14.2402 3.00793 -50.6883 49.2219 -40.8266 -11.5356 -2.23463 -0.00766723 0.043483 2.90941e-06 -3.00004e-08 1.70141e-07 -2.06736e-14 -8.27446 -9.93666 -0.696551 -11.5443 -4.10989 -0.240356 0.00248454 -0.0201076 0.00208536 16.4364 -30.2376 -1.71106 -5.03697 10.9859 1.25873 0.063052 8.89988 1.70885 0.000786365 -6.70157 0.000996188 -5.01131 -16.2742 -13.9433 36.2514 -1.26608 1.21274 0.0565853 -4.12534 4.79181 0.000149625 -3.26335 -0.00357804
1079.37 2580.14 979.542 -112.693 16.537 10.619 0.00947642 -4.20118 1.91438 -0.0507731 3.3463 -13.0881 2.95456 12.2341 7.25322 5.99098 21.4912 5.31647 4.76769 12.9032 8.25117 -0.000392185 -0.300967 0.00571918 28.4816 -0.0323497 -1.51968 -16.6898 -69.5978 -78.3843 35.6585 11.7069 1.47473 0.00510425 0.0289476 -1.28941e-06 -6.52777e-10 -3.70206e-09 -1.27222e-14 -36.0125 -1.45448 -15.0062 0.603307 -50.6326 49.303 -39.9184 -11.4094 -2.17478 -0.0120789 0.0685028 7.22076e-06 1.15724e-09 -6.56323e-09 1.59028e-14 -9.53624 -10.0498 -0.538199 -13.3166 -4.25571 -0.0645093 0.00145702 -0.0324772 0.00104875 20.5159 -29.9373 0.464212 -7.90788 11.3906 1.75755 0.0752815 7.28289 1.61178 0.000135968 -6.7408 0.00143849 -5.30645 -16.4229 -13.6623 34.267 -1.00077 0.872833 0.0445409 -4.42257 4.82078 0.00106086 -3.34356 5.21721e-05
1077.28 2582.28 976.847 -112.424 16.1865 10.877 0.013754 -4.00136 1.84353 -0.0510742 3.1541 -13.1354 3.35701 12.4155 6.89844 6.71761 21.6473 4.80729 5.36404 13.0772 7.6811 -0.00787851 -0.254855 0.00597521 28.3796 -0.0178979 -1.51452 -19.2041 -70.6417 -79.145 34.6109 11.8754 1.40053 0.0057748 0.0327505 -1.65045e-06 -6.87413e-11 -3.89917e-10 -4.77083e-15 -36.8756 -1.52229 -14.8601 0.283176 -52.2184 51.1379 -38.0614 -11.2113 -1.90363 -0.0162367 0.0920827 1.30474e-05 1.43941e-08 -8.16328e-08 -2.38542e-15 -10.4385 -10.0555 -0.105793 -14.574 -4.32347 0.289479 0.00134849 0.00701524 0.00141417 23.3978 -29.4161 1.25035 -9.41621 11.4444 2.03033 0.0546298 5.12973 1.61313 -0.000277798 -6.74578 0.00174375 -4.78608 -15.8874 -13.8153 31.7281 -1.14347 0.829486 0.0365184 -5.49955 4.88181 0.00134548 -3.4085 0.00206097
1074.67 2583.71 974.557 -112.89 15.8071 11.305 0.013047 -3.77868 1.69305 -0.0551091 2.89316 -13.1761 3.84647 12.5217 6.51501 7.74217 21.8219 4.18909 6.21896 13.2704 7.00177 -0.0101874 -0.188785 0.00521208 28.907 -0.0105869 -1.25988 -20.5762 -71.546 -77.8804 33.5419 12.0401 1.29617 0.00608712 0.0345218 -1.8338e-06 3.2039e-10 1.81688e-09 -7.95139e-15 -37.7509 -1.60727 -14.1912 1.69388 -54.6205 54.4789 -35.9288 -10.9332 -1.62962 -0.0151049 0.0856639 1.12918e-05 1.78888e-08 -1.01453e-07 9.14409e-15 -10.6785 -9.84549 0.600093 -14.8907 -4.2081 0.814725 0.0015582 0.0714554 0.00249105 25.4593 -28.9919 1.42366 -10.6246 11.4255 2.26741 0.0267742 2.55954 1.6792 -0.000301236 -6.73217 0.000986911 -3.43627 -15.2818 -13.9347 28.7152 -1.42857 0.869225 0.0286634 -6.97281 4.92536 0.000892522 -3.43473 0.000665088
1072.46 2584.33 973.137 -113.582 15.6143 11.518 0.0107502 -3.56671 1.54123 -0.0598835 2.59176 -13.1713 4.24481 12.5384 6.27529 8.7484 21.9689 3.65432 7.04225 13.4316 6.43495 -0.00682973 -0.0983815 0.00338769 30.1398 -0.00776524 -0.799167 -22.5915 -72.23 -76.8458 32.5648 12.1877 1.18572 0.00573103 0.0325023 -1.62553e-06 6.22928e-10 3.53281e-09 1.59028e-15 -38.3554 -1.71354 -13.1362 3.62901 -57.2615 57.9082 -33.7004 -10.5959 -1.36415 -0.00997565 0.0565747 4.92505e-06 7.33326e-09 -4.15889e-08 -1.63003e-14 -10.2328 -9.3965 1.33245 -14.2408 -3.87284 1.34088 0.000233681 0.0919484 -0.00148431 27.3413 -28.7732 1.76157 -12.2557 11.4859 2.59129 0.00706472 -0.0444407 1.72293 -0.000210017 -6.71971 0.000496355 -1.58684 -15.1555 -13.7194 25.6688 -1.42714 0.77066 0.0164435 -8.72782 4.93681 0.000458366 -3.405 -0.00146259
1071.31 2584.34 972.318 -114.247 15.6192 11.493 0.00788351 -3.36989 1.4296 -0.0614479 2.29373 -13.0937 4.46901 12.4815 6.22856 9.46341 22.0463 3.33386 7.62219 13.5407 6.10477 -0.00191991 -0.00683178 0.00117216 31.8948 -0.00678648 -0.133474 -26.1998 -72.6134 -77.6663 31.7543 12.3067 1.09148 0.00591111 0.0335235 -1.72928e-06 5.95699e-10 3.37855e-09 2.38542e-14 -38.4733 -1.82754 -11.644 4.82672 -60.0266 59.9808 -31.2708 -10.213 -1.09882 -0.0051571 0.0292473 1.31625e-06 8.08666e-10 -4.58607e-09 8.15017e-15 -9.30736 -8.8229 1.7138 -12.9284 -3.40203 1.6005 -0.0026759 0.0268979 -0.00522961 29.2349 -28.7322 2.42919 -14.2009 11.493 2.94527 -0.00885185 -1.95674 1.70858 -0.000157969 -6.71735 0.000632527 0.528583 -15.6335 -13.1554 23.1967 -0.948915 0.522346 0.00441584 -10.6765 4.91886 0.000597376 -3.32557 -0.000625089
1071.43 2583.86 971.758 -114.866 15.7024 11.453 0.002781 -3.17972 1.35414 -0.0599321 2.07521 -12.9438 4.5371 12.3979 6.28315 9.76361 22.0396 3.24637 7.87428 13.5954 6.03281 0.000869542 0.0603612 0.000121979 33.7579 -0.00742406 0.643924 -30.599 -72.7731 -80.143 31.0297 12.4067 1.00329 0.00714603 0.0405271 -2.52731e-06 -2.68995e-10 -1.52556e-09 -3.18055e-15 -38.0216 -1.93293 -9.96232 4.92035 -62.7347 60.4917 -28.8547 -9.81857 -0.920845 -0.00216965 0.0123047 2.32974e-07 -1.66515e-10 9.44394e-10 3.97569e-16 -8.19831 -8.39392 1.51752 -11.3862 -3.01893 1.42659 -0.00317079 -0.0478873 -0.00253623 31.1119 -28.7997 3.23293 -15.9354 11.2708 3.17932 -0.0248584 -2.46573 1.67667 -0.000128247 -6.7245 0.000619226 2.7995 -16.5293 -12.4335 21.6199 -0.0674578 0.178163 -0.000925291 -12.4716 4.90176 0.00103057 -3.22262 0.00237805
1072.54 2582.92 971.343 -115.423 15.7617 11.573 -0.00228526 -2.99007 1.29162 -0.0587286 2.02086 -12.7479 4.47504 12.3322 6.31486 9.63951 21.9574 3.35523 7.81516 13.5825 6.18439 0.000628455 0.0885932 0.00126375 35.1993 -0.0015263 1.34809 -34.3941 -72.9634 -83.3303 30.1884 12.5233 0.900691 0.00842096 0.0477576 -3.50955e-06 -1.21293e-09 -6.87885e-09 6.36111e-15 -37.0089 -2.01712 -8.82817 5.04691 -64.8008 60.9728 -27.152 -9.52199 -0.890987 -0.000111805 0.000634079 6.18662e-10 -4.34178e-11 2.4626e-10 -4.37326e-15 -7.16972 -8.37151 0.84293 -9.98683 -2.94413 0.894162 -0.000436899 -0.0366851 0.000583744 33.0163 -28.8917 4.04278 -17.2497 10.756 3.23259 -0.0351498 -1.39121 1.64523 -8.63016e-05 -6.73606 0.000351811 4.82839 -17.5864 -11.81 21.0382 1.08246 -0.280607 0.000621204 -13.7802 4.90966 0.00120757 -3.12377 0.0042556
1074.3 2581.7 971.005 -115.747 15.8126 11.823 -0.00382209 -2.80604 1.22235 -0.0589492 2.13697 -12.5432 4.28237 12.2882 6.2936 9.15461 21.8257 3.61457 7.49529 13.4837 6.50393 -0.00148899 0.0702264 0.00355572 35.8357 0.0106177 1.84324 -37.1933 -73.2992 -86.9497 29.23 12.6714 0.806994 0.00804031 0.0455988 -3.19944e-06 -1.54619e-09 -8.76892e-09 3.18055e-15 -35.5026 -2.07087 -8.9952 6.80676 -65.6935 63.3799 -26.6664 -9.41947 -0.95778 0.00158614 -0.00899544 1.24512e-07 5.57742e-11 -3.16231e-10 8.54774e-15 -6.44718 -8.89583 -0.0622552 -9.01614 -3.28018 0.189887 0.000179111 0.046634 0.000370557 34.9115 -28.9493 4.85123 -18.3427 10.0555 3.19912 -0.0357566 0.653076 1.5872 -3.06443e-05 -6.74545 0.000245357 5.62541 -18.4893 -11.6022 21.6549 2.18174 -0.798181 0.00328651 -14.5797 4.93154 0.000825647 -3.04066 0.00335591
1076.48 2580.46 970.783 -115.608 15.9734 11.994 -0.00109326 -2.64568 1.13873 -0.0586993 2.33126 -12.367 3.96725 12.2566 6.27885 8.44471 21.6874 3.97279 6.98592 13.3167 6.90899 -0.00290657 0.0218972 0.00427518 35.5937 0.0132974 2.15026 -39.3154 -73.6823 -90.9658 28.3484 12.8249 0.751582 0.0055588 0.0315255 -1.52929e-06 -1.26244e-09 -7.15961e-09 1.43125e-14 -33.592 -2.09808 -10.549 10.067 -65.4821 67.8435 -27.1897 -9.48837 -1.0479 0.00227453 -0.0128995 2.56042e-07 8.65206e-11 -4.90611e-10 -2.74571e-15 -6.147 -9.92106 -0.903115 -8.60254 -3.98008 -0.465573 -0.00114462 0.0938835 0.000585222 36.4681 -29.0303 5.69841 -19.2464 9.48606 3.20223 -0.0297381 2.8766 1.49838 -7.46264e-07 -6.74753 0.000398184 4.22342 -19.0047 -12.0362 23.5429 2.8983 -1.222 0.000769719 -14.8837 4.94359 -7.41203e-05 -2.96557 0.000841958
1078.82 2579.27 970.707 -114.876 16.3443 11.853 0.00496007 -2.53007 1.03983 -0.0578509 2.4923 -12.2437 3.58888 12.2188 6.32178 7.68499 21.5712 4.35508 6.39679 13.1321 7.29075 -0.0011289 -0.024746 0.00249666 34.712 0.000277311 2.30548 -41.1997 -73.962 -95.0671 27.7153 12.9439 0.728946 0.00245252 0.0139089 -2.97683e-07 -4.61359e-10 -2.61642e-09 1.59028e-15 -31.4051 -2.11104 -12.7348 13.0331 -64.906 72.664 -27.9106 -9.59611 -1.11881 0.0018666 -0.010586 1.72438e-07 5.60255e-11 -3.17578e-10 -2.48481e-16 -6.19164 -11.1349 -1.42908 -8.63675 -4.81894 -0.885444 -0.000353417 0.0699634 0.00105959 37.1096 -29.2245 6.54643 -19.779 9.27644 3.27116 -0.0218183 4.92015 1.40866 5.70716e-05 -6.73512 0.000408941 0.434272 -18.9883 -13.0606 26.5108 2.99306 -1.35918 -0.00928129 -14.5053 4.94734 -0.00127089 -2.88551 -0.0014634
1080.94 2578.23 970.828 -113.662 16.9097 11.338 0.0105261 -2.46575 0.937836 -0.0575408 2.56753 -12.1767 3.25023 12.1549 6.42419 7.03401 21.4768 4.68741 5.8455 12.9636 7.58237 0.00343809 -0.0620186 -0.000141711 33.5868 -0.0145932 2.19868 -43.03 -74.021 -98.716 27.5223 12.9869 0.736858 0.000241504 0.00136964 -2.88653e-09 3.47698e-11 1.97099e-10 -3.18055e-15 -29.1255 -2.12237 -14.519 14.099 -64.8291 76.0407 -28.0632 -9.61773 -1.13616 0.00128642 -0.00729565 8.1902e-08 2.0963e-11 -1.18806e-10 7.45443e-16 -6.41564 -12.1201 -1.57661 -8.91416 -5.50683 -1.01957 0.000925738 0.0356679 0.00048997 36.5831 -29.5621 7.28454 -19.8409 9.37483 3.34399 -0.0156421 6.79426 1.35727 0.000418884 -6.69532 -0.00013061 -4.96143 -18.4256 -14.3836 30.1689 2.39547 -1.10959 -0.0240986 -13.1182 4.97433 -0.00201386 -2.79731 -0.00195937
1082.55 2577.66 971.23 -112.316 17.5385 10.624 0.0110267 -2.43335 0.853401 -0.0573296 2.58183 -12.1533 3.02297 12.0555 6.55621 6.5691 21.3743 4.94773 5.42348 12.793 7.79047 0.007083 -0.112748 -0.00175474 32.5837 -0.0190385 1.73054 -44.2512 -73.7226 -101.082 28.0456 12.9023 0.776557 -0.000698164 -0.00395949 -2.41237e-08 9.89089e-11 5.60931e-10 9.54166e-15 -27.0065 -2.1358 -15.4072 12.9517 -65.4249 77.2427 -27.5086 -9.52998 -1.09718 0.000828786 -0.00470028 3.39949e-08 4.50685e-12 -2.56448e-11 2.43511e-15 -6.70907 -12.5689 -1.45589 -9.30669 -5.82531 -0.942961 0.00101508 0.0154146 0.000137917 35.4459 -29.9636 7.89635 -19.664 9.50057 3.35947 -0.011899 8.5661 1.35085 0.00114522 -6.61442 -0.00105152 -10.4452 -17.6112 -15.6158 33.8237 1.43429 -0.628909 -0.0312289 -10.6497 5.03907 -0.00166438 -2.71368 -0.00062854
1083.58 2577.64 971.736 -111.104 18.091 9.964 0.00635114 -2.39454 0.795931 -0.0568626 2.58594 -12.1542 2.88145 11.9036 6.6886 6.21809 21.2025 5.16779 5.12902 12.5665 7.93973 0.0068397 -0.193415 -0.00132609 31.9065 -0.0160896 1.0478 -43.3231 -72.8615 -100.812 29.6023 12.6205 0.816046 -3.64679e-05 -0.00020682 -6.58295e-11 3.09643e-10 1.75605e-09 -4.77083e-15 -25.3524 -2.14174 -15.6088 10.4448 -66.1384 76.6331 -26.5988 -9.38617 -1.03417 0.0002222 -0.00126016 2.44352e-09 7.15625e-13 -4.0767e-12 -8.94531e-15 -7.05064 -12.3951 -1.2968 -9.77953 -5.706 -0.820261 0.000597853 -0.00470641 0.000351474 34.6016 -30.2304 8.4697 -19.8247 9.37212 3.33592 -0.0115601 9.9026 1.38548 0.00162546 -6.4941 -0.00177074 -14.6522 -16.9889 -16.4955 36.5228 0.624974 -0.189609 -0.0214648 -7.62757 5.09604 -0.0006904 -2.65129 0.000404774
1084.14 2577.73 972.1 -110.094 18.5 9.505 0.00057093 -2.32218 0.762756 -0.056539 2.60104 -12.1605 2.7526 11.6977 6.79695 5.8684 20.9207 5.36612 4.87806 12.2715 8.03707 0.00374079 -0.284908 0.000180246 31.4732 -0.0152701 0.390255 -38.8695 -71.3946 -96.9486 32.2693 12.1205 0.852005 0.00261233 0.0148153 -3.37742e-07 -6.08695e-11 -3.45206e-10 3.18055e-15 -24.5001 -2.1348 -15.5499 8.04803 -66.4088 75.2402 -25.736 -9.24952 -0.974439 -0.000385938 0.00218877 7.37165e-09 -6.9018e-13 3.9335e-12 -3.23025e-15 -7.45406 -11.7351 -1.29631 -10.3292 -5.23791 -0.796535 0.000395429 -0.0237054 0.000614657 34.5774 -30.1975 9.10067 -20.6656 8.98324 3.34164 -0.00720387 10.3108 1.44997 0.00124438 -6.36123 -0.00163439 -17.0583 -16.8656 -16.9472 37.5857 0.342922 -0.0352338 -0.00338663 -4.97027 5.09974 5.002e-05 -2.61353 6.73745e-05
1084.33 2577 972.184 -109.183 18.7566 9.174 -0.00304236 -2.21878 0.740906 -0.0564401 2.62073 -12.1588 2.59858 11.4803 6.86264 5.48372 20.5673 5.51568 4.60243 11.9706 8.07669 0.000797623 -0.354916 0.00086453 30.9862 -0.0164583 -0.144498 -31.0624 -69.5309 -89.9828 35.5605 11.5323 0.99079 0.00573364 0.0325171 -1.62701e-06 -6.86542e-09 -3.89357e-08 1.11319e-14 -24.7588 -2.11361 -15.4164 6.88514 -66.1586 73.9537 -25.13 -9.15292 -0.93082 8.0802e-05 -0.000458251 3.23133e-10 4.129e-11 -2.3405e-10 9.39258e-15 -7.86537 -10.825 -1.47171 -10.882 -4.58912 -0.887346 0.000740843 -0.0318262 0.000368272 35.1911 -29.7804 9.8132 -22.008 8.49075 3.4026 0.00876038 9.68676 1.5165 0.00050421 -6.2503 -0.00112494 -17.8974 -17.3386 -16.9062 37.0039 0.748987 -0.30941 0.00710771 -3.51115 5.06024 0.000306573 -2.58936 -0.000739473
1084.17 2574.86 971.962 -108.301 18.8624 8.876 -0.00437792 -2.10053 0.711143 -0.05637 2.63436 -12.1435 2.43467 11.3167 6.87488 5.11 20.2455 5.57318 4.31343 11.7556 8.04392 -0.000461261 -0.39091 0.000549733 30.1357 -0.00877565 -0.609448 -21.3446 -67.6129 -81.4799 38.6247 11.0765 1.33737 0.00627666 0.0355967 -1.94978e-06 -7.99941e-09 -4.53669e-08 -7.95139e-15 -26.1703 -2.07812 -15.0453 7.02652 -65.7703 72.9305 -24.8073 -9.09814 -0.907541 0.00266564 -0.0151176 3.51668e-07 3.70729e-10 -2.10254e-09 -5.06901e-15 -8.16708 -9.98288 -1.79799 -11.2878 -3.98541 -1.08588 0.0010822 -0.0293522 -1.49537e-05 35.7821 -29.0289 10.409 -23.359 7.99616 3.46864 0.02413 8.36408 1.57048 0.000221675 -6.17926 -0.000837146 -17.6279 -18.2547 -16.3809 35.3338 1.71794 -0.910971 0.00789563 -3.58904 5.00137 0.000332775 -2.56691 -0.000911908
1083.98 2571.73 971.409 -107.626 18.8349 8.728 -0.00459149 -1.98188 0.655419 -0.056238 2.63742 -12.1136 2.29518 11.2503 6.83528 4.81702 20.0495 5.53234 4.06962 11.6744 7.94984 -0.000162417 -0.399426 0.000112354 28.7866 0.013602 -0.959746 -11.5845 -65.9801 -73.3704 40.7674 10.8628 1.7826 0.0029928 0.016973 -4.43287e-07 2.04831e-10 1.1618e-09 -6.36111e-15 -28.3126 -2.03363 -14.1947 7.84942 -65.8185 71.8913 -24.6282 -9.06419 -0.887104 0.00643748 -0.0365088 2.05098e-06 1.16752e-09 -6.62125e-09 -9.74045e-15 -8.32187 -9.61546 -2.32858 -11.5057 -3.70671 -1.45218 -0.000831597 -0.016313 -0.000151472 35.9975 -28.2304 10.6459 -24.3567 7.53814 3.49112 0.026081 7.0074 1.61027 0.000340966 -6.14338 -0.000741456 -16.2359 -19.4445 -15.5481 32.965 3.01783 -1.60202 0.00579757 -4.89196 4.93475 0.000281088 -2.54465 -0.000459322
1084.42 2568.81 970.431 -107.343 18.76 8.91 -0.0057874 -1.87311 0.563277 -0.056114 2.63239 -12.0695 2.19962 11.2694 6.7624 4.60022 20.0025 5.44301 3.88616 11.6981 7.84223 0.000772781 -0.392642 -6.84641e-05 27.0824 0.0388732 -0.883073 -3.52007 -64.8624 -67.4495 41.8106 10.823 2.10611 -0.00101059 -0.00573137 -5.05455e-08 -1.3212e-11 -7.48369e-11 3.18055e-15 -30.4395 -1.97961 -12.786 8.61617 -66.7788 70.566 -24.2701 -9.01144 -0.818693 0.00814698 -0.0462038 3.2849e-06 1.49718e-09 -8.49076e-09 6.75868e-15 -8.38318 -10.0609 -3.11259 -11.6118 -3.98229 -2.03721 -0.00632198 0.00907727 -0.000191647 36.1714 -27.7787 10.5635 -25.1633 7.24188 3.55538 0.0214062 6.01891 1.63057 0.000513401 -6.12817 -0.000746499 -13.3531 -20.9218 -14.6019 29.7133 4.45966 -2.16859 0.00349843 -6.69852 4.88003 0.000199457 -2.52785 8.72182e-05
1086.06 2567.25 969.142 -107.427 18.7775 9.427 -0.00795159 -1.78069 0.443421 -0.0560909 2.62333 -12.0163 2.16198 11.3159 6.68251 4.43665 20.0402 5.35304 3.74107 11.7571 7.76943 0.00131729 -0.378358 3.34454e-05 25.3332 0.0457144 -0.221737 1.372 -64.4096 -65.1016 42.0842 10.8357 2.23592 -0.00235104 -0.0133334 -2.73558e-07 -1.51107e-09 -8.56963e-09 4.77083e-15 -31.9507 -1.91143 -10.8756 8.54554 -68.7673 68.6179 -23.3562 -8.88907 -0.666736 0.00597762 -0.0339007 1.76842e-06 9.03386e-10 -5.12347e-09 5.96354e-15 -8.41298 -11.2731 -4.06385 -11.667 -4.78078 -2.77304 -0.0114969 0.031075 -0.000151431 36.828 -27.9856 10.4544 -26.0005 7.43375 3.84858 0.0238716 5.16302 1.62004 0.000660628 -6.12885 -0.00121703 -9.12064 -22.6912 -13.6614 25.5153 5.82146 -2.45028 0.0016467 -8.39545 4.85115 0.000135204 -2.51452 0.000572525
1088.82 2567.37 968.023 -107.743 18.9707 10.048 -0.00652716 -1.70664 0.32292 -0.0562019 2.61334 -11.971 2.20655 11.3276 6.63943 4.36419 20.0613 5.28627 3.65068 11.7768 7.77231 0.00137689 -0.355182 0.000598411 23.8841 0.0315729 0.759801 2.1384 -64.5436 -66.8763 42.0364 10.8458 2.25467 -0.00209349 -0.0118728 -2.16906e-07 -4.83633e-09 -2.74281e-08 -0 -32.7409 -1.84281 -8.60628 6.67034 -71.3105 65.3479 -21.8525 -8.67311 -0.494801 0.00281296 -0.0159531 3.91612e-07 3.6258e-10 -2.05637e-09 5.56597e-15 -8.46392 -12.671 -4.88222 -11.7178 -5.71287 -3.41291 -0.0115742 0.0367585 -4.38548e-05 37.8813 -28.8836 10.5621 -26.5371 8.32223 4.37808 0.0328974 4.08224 1.58644 0.000648089 -6.1507 -0.00234947 -4.21653 -24.5968 -12.6081 20.93 6.8688 -2.43777 0.00203436 -9.74623 4.84878 -7.79947e-05 -2.49061 0.00126829
1091.95 2568.28 967.668 -108.3 19.2808 10.522 -0.000486727 -1.64027 0.232041 -0.0563467 2.60505 -11.9351 2.34635 11.2768 6.6721 4.44338 20.0039 5.25718 3.69411 11.7214 7.86168 0.00190187 -0.32072 0.00155952 22.9883 0.015416 1.7567 -1.08888 -64.7886 -72.1568 41.9373 10.8563 2.25262 -0.00204488 -0.0115971 -2.0695e-07 -7.68722e-09 -4.35962e-08 1.43125e-14 -33.0773 -1.80288 -6.36494 3.37119 -73.4648 61.1595 -20.359 -8.43441 -0.414944 0.00146744 -0.00832224 1.06573e-07 -4.08701e-11 2.31747e-10 3.18055e-15 -8.50696 -13.557 -5.2195 -11.7463 -6.31219 -3.68159 -0.009012 0.0413877 6.08232e-05 38.3668 -30.2306 10.6991 -25.8456 9.69776 4.80312 0.0371203 2.82285 1.56416 5.97224e-05 -6.20109 -0.00311514 0.880094 -26.2703 -11.1575 16.8567 7.34259 -2.22828 0.0050866 -10.7536 4.8855 -0.000576908 -2.44264 0.00293923
1094.63 2568.55 968.099 -109.288 19.527 10.821 0.00483398 -1.55858 0.18574 -0.0565076 2.59897 -11.8702 2.53262 11.1836 6.78093 4.67283 19.8784 5.28732 3.91842 11.6123 8.01464 0.00384353 -0.283058 0.00254659 22.6889 0.00739705 2.78639 -6.49559 -64.6149 -79.0091 41.8446 10.8768 2.24584 -0.00213448 -0.0121052 -2.25482e-07 -7.38455e-09 -4.18798e-08 -3.18055e-15 -33.2385 -1.79797 -4.77927 2.02295 -74.4659 59.1775 -19.8184 -8.32696 -0.475085 0.00131529 -0.00745938 8.56193e-08 -1.38481e-10 7.85371e-10 1.59028e-15 -8.45167 -13.6985 -5.03715 -11.6654 -6.41967 -3.55339 -0.00777149 0.0562475 4.64037e-05 36.9936 -31.7648 10.1905 -22.9595 11.1231 4.67533 0.0371042 1.89664 1.58155 -0.00139621 -6.28724 -0.0019835 5.92206 -27.2925 -9.32046 14.0229 7.1289 -1.92964 0.00775065 -11.4675 4.98195 -0.0010608 -2.37123 0.00525749
1096.09 2567.16 968.705 -110.771 19.5378 11.028 0.00578296 -1.45105 0.176773 -0.0569441 2.58546 -11.7227 2.68161 11.1044 6.94398 4.94172 19.771 5.41575 4.22612 11.498 8.23011 0.00677758 -0.261068 0.0036608 22.8694 0.00762424 4.01371 -11.1652 -64.0379 -84.7652 41.5981 10.9257 2.21549 -0.00220762 -0.01252 -2.412e-07 -4.33955e-09 -2.4611e-08 9.54166e-15 -33.3345 -1.79927 -4.36835 5.73682 -74.0817 62.1711 -20.8667 -8.47832 -0.627998 0.00141808 -0.00804234 9.95246e-08 -1.00999e-10 5.72585e-10 1.43125e-14 -8.26711 -13.4068 -4.69744 -11.4194 -6.23314 -3.30571 -0.00734976 0.0730322 -4.73243e-05 33.0819 -33.1907 8.42624 -17.8532 12.2146 3.84237 0.0425724 1.78657 1.62326 -0.00310542 -6.41126 0.00135928 10.3909 -27.4748 -7.51787 12.6991 6.4293 -1.64057 0.00688126 -11.9338 5.12217 -0.000996524 -2.2948 0.00627442
1095.93 2564.27 968.934 -112.382 19.307 11.078 0.000726454 -1.34211 0.189917 -0.0577077 2.54755 -11.4704 2.74678 11.1092 7.14718 5.12691 19.7925 5.66187 4.44708 11.4585 8.51404 0.00905469 -0.271847 0.00449744 23.3754 0.0143508 5.19185 -13.3527 -63.7129 -87.762 41.0296 11.0158 2.15215 -0.00250812 -0.0142243 -3.11333e-07 -4.40513e-10 -2.49835e-09 -1.59028e-15 -33.4129 -1.76705 -5.28564 12.9051 -72.4341 68.4905 -23.3656 -8.88707 -0.793557 0.00101734 -0.0057696 5.1222e-08 4.01434e-10 -2.27664e-09 4.77083e-15 -7.93845 -13.2495 -4.64228 -10.9661 -6.12137 -3.28248 -0.00657944 0.075738 -0.000145837 27.3562 -34.0879 5.69878 -11.6656 12.8629 2.58094 0.0424349 2.35183 1.67108 -0.00372812 -6.56851 0.00328641 13.2288 -26.9819 -6.30905 12.849 5.67007 -1.44455 0.00216671 -12.3637 5.25288 -0.000356333 -2.24271 0.00597236
1094.27 2561.2 968.844 -113.441 19.009 10.762 -0.0104214 -1.28611 0.208413 -0.0581872 2.48623 -11.1612 2.72928 11.253 7.39047 5.19987 20.015 6.00475 4.49001 11.6076 8.8338 0.0108061 -0.303169 0.00394387 24.1068 0.0167307 5.47108 -12.9385 -64.419 -87.4732 40.1052 11.1416 2.05083 -0.00239567 -0.0135865 -2.84042e-07 1.06542e-09 6.04241e-09 1.59028e-15 -33.5597 -1.67865 -7.20161 19.0243 -70.1902 73.9222 -26.497 -9.4158 -0.946975 -0.00118714 0.0067326 6.9748e-08 1.22139e-09 -6.92686e-09 -0 -7.37392 -13.7062 -5.03677 -10.196 -6.40092 -3.63244 -0.00370238 0.0293298 -0.00187539 21.8087 -34.2143 3.28939 -6.11291 13.1877 1.37057 0.025191 2.9005 1.70755 -0.00287631 -6.74519 -0.000748665 13.3661 -26.1539 -5.98078 14.2233 5.20412 -1.40644 -0.00364811 -12.9537 5.34007 0.000360591 -2.24122 0.00667401
1091.65 2559.5 969.118 -113.466 18.8348 9.977 -0.020594 -1.33052 0.22049 -0.0577289 2.42887 -10.8688 2.6594 11.534 7.66698 5.21468 20.4568 6.37027 4.40357 12.0491 9.12902 0.0132888 -0.31355 0.00291315 24.9996 0.00202894 4.13425 -9.98103 -66.5086 -83.4908 38.8946 11.3008 1.92196 -0.00194063 -0.0110058 -1.86386e-07 3.97375e-10 2.25359e-09 -3.18055e-15 -33.8621 -1.54638 -9.55375 22.1026 -68.4136 76.7445 -29.311 -9.88308 -1.10945 -0.00398408 0.0225948 7.85569e-07 1.52183e-09 -8.63079e-09 -6.36111e-15 -6.48874 -15.0016 -5.73734 -9.00803 -7.24338 -4.25986 0.00411356 -0.0666105 -0.00662261 18.2999 -33.7634 2.33184 -2.63896 13.3373 0.612268 0.00734614 2.71264 1.67452 -0.00154309 -6.92957 -0.00854261 10.9184 -25.2559 -6.29548 16.2279 5.02316 -1.48934 -0.00815359 -13.5148 5.37219 0.000766859 -2.29561 0.00781597
1089.3 2560.02 970.155 -112.559 18.8442 8.922 -0.0199618 -1.47339 0.229736 -0.0567446 2.40219 -10.6148 2.56262 11.8967 7.93742 5.24049 21.0632 6.6443 4.31928 12.778 9.32996 0.0131811 -0.282278 0.00350794 25.9349 -0.0228143 1.46413 -3.87733 -69.5595 -75.3729 37.6746 11.4656 1.796 -0.00115411 -0.0065453 -6.59212e-08 -4.47504e-12 -2.52663e-11 6.36111e-15 -34.3056 -1.41301 -11.9101 23.6435 -67.7297 78.4311 -31.2075 -10.176 -1.26286 -0.00463704 0.0262979 1.06417e-06 -3.98854e-10 2.2621e-09 7.15625e-15 -5.35897 -17.216 -6.45204 -7.47418 -8.75379 -4.90852 0.0147613 -0.146625 -0.00786923 17.1727 -33.1633 2.78136 -1.43863 13.5082 0.385771 -0.000456781 1.5448 1.55975 -0.00125154 -7.12915 -0.0122898 7.18907 -24.5367 -6.83533 18.2351 4.98918 -1.62558 -0.0083593 -13.6507 5.36461 0.000762734 -2.38188 0.00633779
1088.37 2562.63 971.658 -111.248 18.9738 7.987 -0.0104907 -1.65884 0.241934 -0.0561105 2.40657 -10.3678 2.44869 12.2686 8.14025 5.2614 21.7263 6.76471 4.29411 13.6087 9.41009 0.00679555 -0.218346 0.00442907 26.6341 -0.0280275 -1.33596 5.86812 -72.3828 -63.5545 36.9125 11.5637 1.70183 0.000490837 0.00278368 -1.19235e-08 -1.25505e-11 -7.1157e-11 1.90833e-14 -34.73 -1.32763 -13.9495 25.909 -68.0736 80.91 -32.0643 -10.2929 -1.3491 -0.00334963 0.0189967 5.55293e-07 -2.57651e-09 1.4612e-08 1.07344e-14 -4.3233 -20.1746 -6.9655 -6.00976 -10.8353 -5.33321 0.0188364 -0.153874 -0.00262799 17.2155 -32.7628 3.60954 -1.62018 13.8359 0.475295 -0.0056111 -0.140168 1.42566 -0.00282596 -7.35633 -0.0061415 3.60175 -24.2362 -7.42369 19.8483 5.18726 -1.84941 -0.00235278 -13.241 5.35908 0.00067851 -2.45625 0.00256704
1089.22 2566.49 973.301 -110.058 19.1419 7.51 -0.00239247 -1.82822 0.25791 -0.0553286 2.41594 -10.0843 2.33961 12.5956 8.21627 5.22016 22.3454 6.72903 4.30672 14.305 9.39024 -0.00065767 -0.114497 0.00361405 26.6398 0.00438673 -2.85382 15.614 -73.817 -52.7257 37.1887 11.5061 1.69143 0.00229976 0.0130426 -2.61755e-07 -2.47972e-10 -1.40641e-09 4.77083e-15 -34.9708 -1.30171 -15.453 29.7474 -69.0258 84.8111 -32.1801 -10.2995 -1.3625 -0.00187406 0.0106283 1.73818e-07 -3.50719e-09 1.98905e-08 1.19271e-15 -3.88198 -23.3359 -7.37332 -5.28515 -13.0695 -5.57037 0.0139849 -0.099382 0.000674318 17.0804 -32.729 3.84041 -2.32902 14.2267 0.68252 -0.00346098 -1.45316 1.29584 -0.00473238 -7.60959 0.00595122 1.27069 -24.5208 -8.02885 20.6119 5.91439 -2.20514 0.001929 -12.7897 5.36781 0.000953979 -2.47585 -0.000617884
1091.39 2570.65 975.169 -109.237 19.3306 7.617 0.00116093 -1.97991 0.282384 -0.0533142 2.39828 -9.76847 2.27274 12.8783 8.10855 5.14305 22.8835 6.54325 4.37962 14.7814 9.24076 -0.00239147 0.0310272 0.00272247 25.573 0.0576979 -2.37251 18.9734 -74.0117 -49.7269 38.7779 11.2794 1.8514 0.00239765 0.0135977 -2.84511e-07 -6.87032e-11 -3.89642e-10 -1.59028e-15 -34.9356 -1.30141 -16.3414 34.1882 -70.2336 89.4145 -32.0594 -10.2719 -1.36375 -0.000736085 0.00417455 2.68154e-08 -2.60644e-09 1.47819e-08 6.36111e-15 -4.31769 -26.1778 -7.90796 -5.69172 -15.049 -5.86376 0.00714963 -0.0194815 -0.00131466 16.6654 -33.0133 3.35093 -3.31091 14.4825 0.972858 0.00716376 -1.7344 1.17302 -0.0044536 -7.8625 0.0129337 0.931332 -25.4411 -8.51377 19.8946 7.32942 -2.58912 0.0011029 -13.0695 5.37223 0.000944799 -2.4246 -0.00250818
1093.44 2574.49 977.602 -108.683 19.528 8.181 0.00489709 -2.15714 0.325026 -0.0506335 2.33399 -9.48015 2.283 13.1475 7.7907 5.13211 23.3815 6.20688 4.57108 15.1378 8.88629 -0.000233292 0.184281 0.00405606 23.5192 0.089808 -0.373293 15.41 -73.5467 -54.6758 41.2687 10.9609 2.17409 0.000579799 0.0032882 -1.66373e-08 9.09639e-13 5.19226e-12 4.77083e-15 -34.5564 -1.29617 -16.5283 37.7027 -71.6945 93.7164 -31.9286 -10.2539 -1.35682 -0.000846699 0.00480187 3.54803e-08 -2.0804e-09 1.17986e-08 1.35174e-14 -5.52968 -28.3931 -8.71953 -7.11877 -16.5571 -6.41999 0.000745266 0.0665488 -0.00304718 16.8756 -33.3174 2.73242 -4.97439 14.4702 1.43452 0.0125363 -1.15556 1.103 -0.00209018 -8.07292 0.0104995 2.88315 -26.7838 -8.56986 17.1171 9.16846 -2.70398 0.00821406 -14.4555 5.3651 -0.000218219 -2.31871 -0.00381698
1093.94 2577.66 980.419 -108.132 19.6906 8.882 0.00875794 -2.38763 0.392814 -0.0497352 2.23004 -9.26409 2.39125 13.394 7.32062 5.31164 23.8588 5.71679 4.91191 15.5009 8.32578 0.00157072 0.316029 0.00626629 20.9979 0.0736527 1.91128 9.79744 -72.6006 -61.6867 43.8249 10.6333 2.5062 -0.00120291 -0.00682204 -7.16135e-08 -9.90298e-11 -5.61605e-10 1.27222e-14 -33.7606 -1.28882 -15.9803 39.8759 -73.4542 97.7395 -31.5678 -10.2305 -1.27694 -0.00355948 0.0201868 6.27049e-07 -3.57959e-09 2.03009e-08 1.11319e-14 -7.19463 -29.7694 -9.77619 -9.16171 -17.454 -7.24675 -0.00512144 0.126666 -0.00155863 18.2565 -33.3429 2.58751 -7.53852 14.2047 2.08031 0.0108291 -0.539694 1.11393 -2.72846e-05 -8.22103 0.00424394 6.82654 -28.1089 -7.87401 12.4307 10.8284 -2.30854 0.0266044 -16.7732 5.32619 -0.0015326 -2.19404 -0.0038635
1092.44 2579.81 982.797 -107.393 19.7671 9.345 0.00671836 -2.63965 0.476619 -0.0517274 2.11472 -9.12455 2.56336 13.5782 6.82541 5.65007 24.2663 5.15493 5.29523 15.8672 7.68751 0.00218044 0.416959 0.00636832 18.6576 0.0314258 3.3268 7.14631 -71.5488 -64.9834 45.6593 10.3754 2.70995 -0.00157959 -0.00895829 -1.23486e-07 -9.49332e-11 -5.38344e-10 3.18055e-15 -32.4986 -1.30641 -14.933 41.4105 -75.1657 102.068 -30.7127 -10.142 -1.12467 -0.0058497 0.0331753 1.69354e-06 -3.90988e-09 2.21741e-08 8.74653e-15 -8.94946 -30.2261 -10.7924 -11.3687 -17.6792 -8.08426 -0.00571947 0.112519 0.00141635 19.9483 -32.9598 2.87222 -10.1774 13.7728 2.67308 0.00759795 -0.572273 1.18625 0.000549314 -8.31961 0.00108334 11.6152 -28.9188 -6.46504 7.08051 11.7237 -1.53243 0.0372995 -19.4541 5.23989 -0.00158694 -2.08552 -0.00250549
1089.42 2580.79 984.06 -106.379 19.7175 9.359 -0.00122484 -2.84326 0.552697 -0.0547727 2.01011 -9.04992 2.69907 13.6878 6.42398 5.91277 24.5563 4.67352 5.49101 16.1514 7.15161 0.00212512 0.481744 0.0041805 17.0554 0.00318414 3.51254 8.69525 -70.7067 -63.2751 46.5712 10.2274 2.78507 -0.000837374 -0.00474898 -3.4703e-08 -1.50097e-10 -8.51365e-10 9.54166e-15 -30.9091 -1.36237 -13.8715 42.3082 -76.3444 105.89 -29.4878 -9.96445 -0.98715 -0.00353983 0.0200753 6.20144e-07 -3.39689e-09 1.92647e-08 8.74653e-15 -10.4754 -29.9218 -11.4121 -13.3381 -17.3673 -8.60199 -0.000901858 0.0406072 0.00216161 20.3205 -32.1901 2.97183 -11.8142 13.2272 2.94953 -0.000906317 -1.36468 1.28628 0.000332544 -8.38999 0.001015 15.8182 -28.94 -4.80385 2.49139 11.6308 -0.738791 0.0276924 -21.6303 5.14373 -0.000712111 -2.00577 -0.000824125
1086 2580.87 984.063 -105.263 19.5712 9.018 -0.0063585 -2.96361 0.600229 -0.056456 1.90168 -9.0381 2.70874 13.7469 6.1677 5.89586 24.7218 4.37474 5.34954 16.3075 6.82833 0.00269716 0.519867 0.00148241 16.4314 -0.00424669 3.04342 12.4621 -69.9513 -59.0327 46.9211 10.1637 2.80366 -0.000504328 -0.00286019 -1.25879e-08 -8.32666e-10 -4.72223e-09 6.36111e-15 -29.2999 -1.44738 -13.3984 40.9415 -76.7258 106.626 -28.5974 -9.81896 -0.910429 -0.000139729 0.00079244 9.66276e-10 -1.89149e-09 1.07273e-08 7.95139e-15 -11.4082 -29.3075 -11.3018 -14.5797 -16.8968 -8.5288 0.00122012 0.00430405 0.000903826 18.6103 -31.3015 2.4316 -11.8945 12.6702 2.83714 -0.011922 -2.48754 1.37463 0.000331003 -8.43854 0.000648624 18.8898 -28.3105 -3.28052 -0.806827 10.5985 -0.164521 0.0084284 -22.3571 5.08235 -1.88511e-05 -1.9518 0.000250895
1083.17 2580.55 983.144 -104.538 19.3958 8.695 -0.0055459 -3.0153 0.609603 -0.0558137 1.73248 -9.10453 2.58763 13.7921 6.05111 5.56893 24.8062 4.29492 4.90606 16.3809 6.71907 0.00669603 0.560729 -0.000733426 16.6963 -0.0131407 2.78786 15.7726 -69.2891 -55.5357 47.0572 10.1519 2.82406 -0.00143036 -0.00811196 -1.01255e-07 -2.26253e-09 -1.28314e-08 3.65764e-14 -27.886 -1.55063 -13.686 36.5334 -76.437 103.006 -28.7381 -9.85872 -0.87901 -0.0009572 0.00542855 4.53455e-08 3.0055e-10 -1.70445e-09 1.03368e-14 -11.4062 -28.9703 -10.3727 -14.6108 -16.7004 -7.83045 -0.00102868 0.0541777 0.000511482 15.3379 -30.6098 1.17433 -10.4371 12.1666 2.40867 -0.0120667 -3.27629 1.42313 0.00102405 -8.45173 -0.000749539 21.3791 -27.4386 -2.04084 -3.2739 8.96952 0.211799 -0.0124275 -21.1347 5.04224 0.000162305 -1.91961 0.000492305
1081.38 2580.1 981.778 -104.653 19.2376 8.694 -0.00537954 -3.01318 0.586804 -0.0546415 1.44678 -9.25624 2.42594 13.8518 6.06565 5.10913 24.8854 4.40369 4.36132 16.4622 6.77045 0.0133288 0.612037 -0.00197202 17.4826 -0.0214383 3.34071 16.6321 -68.9533 -55.0884 47.2101 10.164 2.88708 -0.00312084 -0.0176992 -4.82029e-07 -4.34135e-09 -2.46211e-08 1.43125e-14 -26.6263 -1.65678 -14.2203 29.733 -75.9947 96.0129 -29.8623 -10.0559 -0.945824 -0.00405635 0.0230047 8.1433e-07 5.00734e-10 -2.83977e-09 5.56597e-15 -10.4006 -29.2684 -8.90694 -13.3136 -16.9721 -6.74636 -0.00255422 0.120485 0.000250985 11.5416 -30.2424 -0.596553 -7.80873 11.7228 1.76839 0.000907365 -3.15615 1.45046 0.00192719 -8.41179 -0.00138428 24.2025 -26.7 -0.981383 -5.608 7.30506 0.497366 -0.0302636 -18.3497 5.01184 0.000257599 -1.90972 0.000268009
1080.86 2579.17 980.503 -105.664 19.1094 8.987 -0.00621926 -2.93311 0.551365 -0.0559479 1.04468 -9.4727 2.33572 13.9458 6.20442 4.77415 25.0343 4.62303 3.9633 16.614 6.92569 0.0170201 0.644915 -0.00177578 18.1792 -0.0136005 4.87357 14.3291 -68.9333 -58.3625 47.6097 10.1653 3.01996 -0.00524798 -0.0297628 -1.36305e-06 -7.5347e-09 -4.27315e-08 6.36111e-15 -25.3317 -1.73303 -14.4292 21.1545 -75.9163 87.073 -31.3481 -10.2611 -1.15175 -0.0046498 0.0263703 1.07003e-06 6.14868e-10 -3.48703e-09 4.77083e-15 -8.67402 -30.1834 -7.29162 -11.0574 -17.6496 -5.54998 -0.00174961 0.118527 -0.00147336 7.96975 -30.2237 -2.47201 -4.30829 11.3983 0.978107 0.013143 -1.79051 1.49493 0.002148 -8.31767 0.000217706 27.9218 -26.1827 0.210183 -8.04889 5.98862 0.740146 -0.0336496 -15.2204 5.01146 0.000426397 -1.92358 -0.000165977
1081.65 2577.48 980.092 -107.081 18.9922 9.294 -0.00261727 -2.72899 0.534195 -0.0596578 0.598424 -9.69067 2.35227 14.0865 6.42167 4.69629 25.2984 4.85598 3.86647 16.8467 7.10933 0.0154394 0.640205 -0.000979353 18.292 -0.00299163 6.99748 9.56999 -68.9254 -64.2821 48.4315 10.1122 3.20736 -0.00692573 -0.0392778 -2.37389e-06 -9.99844e-09 -5.6704e-08 3.18055e-15 -24.0073 -1.75848 -14.1278 11.2349 -76.3354 77.1665 -32.6391 -10.3998 -1.39048 -0.00234901 0.0133219 2.73086e-07 9.76949e-10 -5.54047e-09 -1.11319e-14 -6.74632 -31.4367 -5.84364 -8.54186 -18.5548 -4.45785 -2.23297e-05 0.0503107 -0.0029626 4.69217 -30.4857 -4.13709 -0.331058 11.2873 0.100423 0.0177017 0.692863 1.54229 0.00179864 -8.18603 0.00206636 32.2836 -25.7916 1.71235 -10.4331 5.24051 0.968555 -0.0226556 -12.9057 5.02402 0.000426861 -1.95149 -0.000607296
1083.28 2575.46 980.954 -108.196 18.857 9.334 0.00304604 -2.39703 0.564632 -0.0622132 0.202184 -9.80987 2.42949 14.2687 6.62869 4.87339 25.6641 4.98216 4.08346 17.1343 7.241 0.0121111 0.612397 -0.000866105 17.7427 -0.00995933 8.92278 4.55471 -68.6625 -70.0665 49.6756 9.97673 3.4017 -0.00651239 -0.0369336 -2.09899e-06 -9.57273e-09 -5.42897e-08 -2.22639e-14 -22.9198 -1.75856 -13.6022 0.726077 -76.687 67.1378 -34.0319 -10.5788 -1.56655 -0.000549402 0.00311581 1.49386e-08 1.12925e-09 -6.40445e-09 9.54166e-15 -5.1666 -32.6706 -4.75602 -6.49364 -19.4759 -3.62125 0.00140816 -0.01825 -0.00254915 1.63532 -30.8384 -5.42863 3.3131 11.4456 -0.70546 0.0227071 3.60738 1.5516 0.00156105 -8.03766 0.000952063 36.2478 -25.3769 3.28657 -12.3481 5.04306 1.19055 -0.00890924 -11.7535 5.0312 0.000215144 -1.97587 -0.000695442
1084.94 2574.12 982.54 -108.794 18.6475 9.11 0.00507972 -2.00788 0.64316 -0.0613922 -0.083026 -9.7693 2.50526 14.4468 6.76396 5.22725 26.0366 4.94652 4.50828 17.4351 7.30184 0.00885849 0.572129 -0.000827178 16.9172 -0.0237817 9.98964 2.1405 -68.2805 -72.4568 50.901 9.8125 3.54633 -0.00425055 -0.0241061 -8.94168e-07 -7.04955e-09 -3.99799e-08 3.18055e-15 -22.2585 -1.77234 -13.2313 -7.51684 -76.1158 59.5524 -36.4957 -10.96 -1.76371 -0.00106103 0.00601737 5.5716e-08 4.62846e-09 -2.62491e-08 -0 -4.23403 -33.5748 -4.06319 -5.29142 -20.1867 -3.0833 0.00181804 -0.0414233 -0.000957398 -0.738783 -31.0684 -6.27555 5.55598 11.7364 -1.20698 0.0375703 6.20294 1.52819 0.00163794 -7.89592 -0.00309584 38.5954 -24.8717 4.28481 -13.2335 5.10322 1.35252 -0.00188681 -11.4697 5.0636 -9.94842e-06 -1.98734 -0.000375975
1085.88 2574.19 983.685 -109.241 18.3207 8.833 0.00510685 -1.66782 0.749276 -0.0589844 -0.241246 -9.60087 2.55853 14.5536 6.85799 5.62651 26.2682 4.84788 4.96471 17.6733 7.36625 0.00499596 0.518708 4.61924e-05 16.4525 -0.0247957 10.0287 3.42967 -67.9806 -70.3745 51.554 9.715 3.60749 -0.00271025 -0.0153706 -3.63536e-07 -3.29253e-09 -1.86728e-08 -1.43125e-14 -21.9966 -1.80077 -13.1009 -10.9967 -74.1535 56.3445 -40.6771 -11.6311 -2.08802 -0.00551695 0.0312882 1.50635e-06 2.84003e-08 -1.61066e-07 1.98785e-15 -3.83232 -33.9347 -3.6352 -4.77801 -20.5054 -2.75141 0.00109273 -0.0246109 0.000104312 -1.70088 -31.1178 -6.63494 5.74692 12.0397 -1.27675 0.0564871 8.15273 1.52039 0.00158372 -7.78074 -0.00589224 38.6581 -24.3174 4.18707 -12.7032 5.04825 1.35364 -0.000936175 -11.468 5.14922 -0.000137766 -1.9954 0.000552496
1085.73 2575.43 983.653 -109.923 17.9324 8.59 0.00539355 -1.44521 0.860215 -0.0569512 -0.301356 -9.38901 2.61858 14.5612 6.99281 5.95617 26.2676 4.84625 5.28476 17.7697 7.55615 0.00191479 0.463576 0.000981878 16.7297 -0.0127348 9.37017 6.84518 -67.5417 -65.7471 51.624 9.69736 3.59524 -0.00271526 -0.015399 -3.6488e-07 -8.33776e-10 -4.72857e-09 -4.77083e-15 -22.0679 -1.8205 -13.2819 -10.4705 -70.5573 56.3502 -46.5651 -12.5505 -2.61035 -0.0145386 0.0824526 1.04611e-05 9.28996e-08 -5.2686e-07 7.95139e-16 -3.57319 -33.7022 -3.21053 -4.46038 -20.3859 -2.41933 -0.00022072 0.01228 0.000297104 -0.887004 -31.1786 -6.39498 4.26124 12.4709 -0.995703 0.0709653 9.4707 1.53492 0.0010809 -7.70545 -0.00504332 36.7252 -23.6401 3.14725 -10.8096 4.56154 1.1403 -0.000816198 -11.2151 5.25987 -0.000233852 -2.02043 0.00246704
1084.66 2576.88 982.764 -110.857 17.5889 8.291 0.00434654 -1.3341 0.95718 -0.0556919 -0.307269 -9.19708 2.70905 14.487 7.22447 6.16807 26.0519 5.03055 5.4077 17.6998 7.93771 0.000993433 0.416934 0.000954233 17.6698 0.00719542 8.437 9.66161 -66.6844 -61.5719 51.6469 9.67747 3.5597 -0.00148191 -0.00840435 -1.08686e-07 -2.42635e-10 -1.376e-09 -1.11319e-14 -22.4594 -1.81974 -13.9559 -8.01604 -65.4173 57.5963 -53.3749 -13.472 -3.38613 -0.023035 0.130638 2.62607e-05 1.40355e-07 -7.95993e-07 5.1684e-15 -3.14448 -32.9497 -2.66959 -3.93568 -19.8796 -1.99284 -0.000662079 0.0464666 0.000128671 1.28871 -31.4459 -5.51385 2.3668 13.2183 -0.600072 0.0946832 10.1533 1.49289 0.000722134 -7.68254 -0.00408862 33.9938 -22.7621 1.92235 -8.26306 3.63121 0.785185 4.59777e-05 -10.3453 5.36459 -0.000177574 -2.07469 0.00397744
1083.11 2577.39 981.93 -111.689 17.3387 7.812 0.000378188 -1.27881 1.03084 -0.0552435 -0.289647 -9.03229 2.79471 14.3717 7.54061 6.22955 25.7229 5.37333 5.34957 17.5024 8.46266 0.00196172 0.37708 0.000545081 18.9605 0.0254472 7.4686 10.2721 -65.2443 -59.4338 52.3976 9.54119 3.58556 0.00381021 0.0216088 -7.185e-07 -1.60426e-09 -9.0983e-09 -2.06736e-14 -23.0986 -1.80021 -15.1665 -5.19883 -59.3353 59.1033 -59.8266 -14.0776 -4.36022 -0.0242354 0.137446 2.9069e-05 3.26893e-08 -1.8539e-07 2.18663e-15 -2.56178 -31.7991 -2.27415 -3.20653 -19.0824 -1.68015 -0.000461494 0.0525116 -0.000201461 3.89284 -31.8208 -4.08446 1.36593 14.3046 -0.371199 0.146188 9.87762 1.31653 0.00114549 -7.71478 -0.00652764 31.714 -21.8071 1.26666 -5.97784 2.58525 0.432371 -0.00459773 -8.64958 5.4688 0.000298914 -2.15429 0.00306786
1081.38 2576.33 981.659 -112.039 17.1335 7.179 -0.00491491 -1.22467 1.07934 -0.0554853 -0.268563 -8.87549 2.7933 14.2535 7.86161 6.0896 25.3975 5.75783 5.12894 17.2497 8.98122 0.00419264 0.337365 0.00102781 20.2969 0.0246798 6.6382 9.10809 -63.0778 -58.8333 54.3285 9.2363 3.74175 0.0126252 0.0716013 -7.88875e-06 -3.35267e-09 -1.90141e-08 -9.54166e-15 -23.6457 -1.76814 -16.4851 -3.12844 -53.3375 60.4194 -64.6091 -14.3085 -5.26976 -0.0258849 0.1468 3.31604e-05 -4.07619e-08 2.31172e-07 6.75868e-15 -2.05095 -30.461 -2.3991 -2.56239 -18.1577 -1.77071 -0.000712071 0.0466706 -0.000297595 6.22525 -31.9465 -2.34905 1.59255 15.322 -0.445532 0.196434 8.33554 1.08532 0.00203346 -7.78393 -0.00940751 30.4196 -20.9865 1.36884 -4.43807 1.84545 0.208915 -0.0178282 -6.36899 5.54883 0.00093582 -2.24191 0.000631528
1079.79 2574.15 981.658 -111.834 16.9084 6.644 -0.00594133 -1.15641 1.09946 -0.0557915 -0.256451 -8.72169 2.64125 14.1364 8.07809 5.7084 25.1176 6.04698 4.76144 16.9773 9.3075 0.00690762 0.29322 0.00261503 21.5106 0.00327733 6.11456 7.55682 -60.1848 -58.5417 57.2467 8.84805 4.07465 0.0199309 0.113034 -1.966e-05 -1.74273e-09 -9.88344e-09 -4.77083e-15 -23.4888 -1.75028 -17.0003 -2.58223 -48.5539 61.0174 -66.7429 -14.3556 -5.77516 -0.0388838 0.22052 7.48282e-05 -9.77217e-08 5.54207e-07 -1.09332e-14 -1.66572 -29.2322 -3.07263 -2.09135 -17.3146 -2.2754 -0.00171458 0.0547563 -0.000249552 7.97149 -31.602 -0.795729 2.34535 15.7969 -0.670563 0.186658 5.82556 0.99199 0.0024252 -7.856 -0.00817631 29.9922 -20.4386 1.85937 -3.80909 1.60531 0.139713 -0.0255958 -4.20524 5.54091 0.00120018 -2.31664 -0.000953588
1078.51 2572.23 981.371 -111.219 16.678 6.489 0.000124256 -1.09548 1.07472 -0.0553597 -0.263351 -8.58338 2.37104 14.0105 8.09361 5.14302 24.8685 6.12244 4.28148 16.6773 9.30662 0.00830974 0.240899 0.00398689 22.5372 -0.0181503 5.88322 6.20748 -56.9632 -58.2341 60.4677 8.5608 4.59551 0.0172769 0.0979822 -1.47728e-05 -6.92222e-09 -3.92579e-08 3.02153e-14 -22.2622 -1.7829 -16.0478 -3.84448 -45.4541 60.4406 -66.1858 -14.2329 -5.79643 -0.0430065 0.243901 9.15367e-05 -7.79332e-08 4.41981e-07 5.56597e-15 -1.20785 -28.3722 -3.88556 -1.53522 -16.7244 -2.87629 -0.00228387 0.0546126 -0.000141221 9.04055 -30.9866 0.0734724 2.62703 15.8795 -0.741246 0.113521 3.04913 1.08697 0.00181477 -7.90005 -0.00419098 29.9161 -20.2013 2.16293 -4.07066 1.66321 0.144832 -0.0205083 -2.82785 5.44698 0.00109094 -2.3646 -0.0012109
1077.45 2572.26 980.438 -110.397 16.5076 6.8 0.00826861 -1.07751 0.990708 -0.0541783 -0.300799 -8.47743 2.10431 13.8709 7.88212 4.61361 24.6248 5.93899 3.78351 16.3392 8.99528 0.00646372 0.177354 0.00368433 23.2958 -0.0234855 5.50116 4.73082 -54.2115 -58.2414 63.0714 8.446 5.13271 0.00308421 0.0174914 -4.70779e-07 -1.65454e-08 -9.38334e-08 2.06736e-14 -20.2661 -1.86409 -13.913 -6.59627 -43.5292 58.786 -63.7305 -13.901 -5.50114 -0.0269335 0.152747 3.59015e-05 -2.45192e-09 1.39057e-08 -7.55382e-15 -0.498937 -27.8343 -4.35721 -0.636558 -16.36 -3.21033 -0.00103601 0.0382026 -0.000169171 9.56814 -30.5023 0.10002 1.94573 16.12 -0.517052 0.0305031 0.530227 1.23566 0.00080522 -7.89726 -0.00178275 29.6081 -20.2357 1.84941 -4.9473 1.66944 0.149783 -0.019868 -2.59154 5.35312 0.0010049 -2.37906 -0.00128915
1076.48 2574.67 978.956 -109.562 16.4341 7.403 0.0130677 -1.16874 0.829376 -0.0518398 -0.317108 -8.35975 1.9421 13.7087 7.52231 4.33599 24.3544 5.5884 3.36944 15.9549 8.56532 0.00252029 0.11432 0.00216233 23.7238 -0.0186431 4.35524 2.66726 -52.454 -58.735 64.5543 8.39447 5.46672 -0.0125983 -0.0714485 -7.85511e-06 -2.84534e-08 -1.61367e-07 -1.43125e-14 -18.2758 -1.94602 -11.7352 -9.49952 -41.9925 57.2162 -60.4143 -13.5438 -5.05833 -0.0147044 0.083393 1.0701e-05 -1.17362e-08 6.65595e-08 7.95139e-15 0.39095 -27.1889 -4.39573 0.531234 -15.9313 -3.21178 0.000368602 0.0304017 -0.000252033 9.74253 -30.3852 -0.477003 0.465672 16.8751 -0.0662141 -0.0195846 -1.64924 1.32234 0.000192831 -7.843 -0.00178496 28.2987 -20.4396 0.747891 -5.53108 1.49281 0.0998554 -0.0305038 -3.47867 5.3294 0.000987624 -2.36078 -0.00183264
1075.54 2578.53 977.463 -108.782 16.4473 7.989 0.0136347 -1.48146 0.539979 -0.0423327 -0.133008 -8.07059 1.88697 13.5209 7.16111 4.30723 24.0425 5.2704 3.06725 15.5365 8.24571 -0.00100588 0.0667226 0.00100314 23.8316 -0.0169764 2.18102 -0.110285 -51.4752 -59.6903 65.2473 8.34923 5.64524 -0.0198625 -0.112645 -1.95251e-05 -6.74527e-08 -3.82543e-07 -0 -17.0668 -1.9589 -10.7192 -10.6464 -40.6041 57.3275 -57.247 -13.3171 -4.62364 -0.0174986 0.0992395 1.51543e-05 -2.57602e-08 1.46093e-07 1.2921e-14 1.11062 -26.0254 -4.35702 1.51618 -15.1469 -3.16235 0.000472574 0.0313029 -0.000123433 9.74822 -30.5475 -1.20647 -1.58699 17.9618 0.548629 -0.0373949 -3.47988 1.33827 3.70548e-05 -7.75768 -0.00132649 24.7933 -20.6417 -1.21646 -4.1947 1.2988 -0.0349316 -0.0300972 -5.01559 5.37009 0.000678366 -2.32379 -0.00198803
1074.74 2582.66 976.589 -108.056 16.516 8.344 0.0114539 -2.10656 0.0799045 -0.0205475 0.462783 -7.44455 1.86224 13.3195 6.93454 4.33385 23.7125 5.17323 2.85856 15.1418 8.16176 -0.00356612 0.032592 0.00075309 23.6959 -0.0207217 -0.686664 -3.42762 -50.4702 -61.0997 66.1005 8.33317 5.90687 -0.0185018 -0.104929 -1.69416e-05 -4.10948e-08 -2.3306e-07 -1.90833e-14 -16.9079 -1.8214 -11.2691 -8.97536 -39.6279 59.7629 -54.9581 -13.1934 -4.34987 -0.021621 0.122619 2.31356e-05 1.63572e-08 -9.27663e-08 -7.55382e-15 1.34188 -24.4155 -4.68766 1.87407 -14.0487 -3.4041 -0.000101751 0.0333285 -0.000116797 9.88729 -30.7148 -1.70696 -4.08617 18.713 1.30051 -0.035393 -4.63495 1.30401 0.000207546 -7.6754 0.00199813 18.2648 -20.5649 -4.05985 0.419228 1.26275 -0.179889 -0.00555172 -6.4446 5.45941 -6.11426e-05 -2.29446 -0.00202908
1074.24 2586.54 976.759 -107.441 16.6015 8.481 0.00958892 -3.02342 -0.539027 0.00105532 1.5347 -6.46431 1.81266 13.1408 6.89897 4.24456 23.4373 5.34538 2.76177 14.8637 8.27405 -0.00496932 0.00793647 0.000750255 23.3769 -0.0259749 -3.44305 -7.01408 -48.5043 -62.9321 68.0441 8.30686 6.37964 -0.0165316 -0.0937552 -1.35256e-05 -2.11476e-08 -1.19934e-07 1.27222e-14 -17.51 -1.47261 -12.895 -4.96812 -39.238 63.8013 -53.8228 -13.0813 -4.26831 -0.0153728 0.0871832 1.16959e-05 -1.15346e-08 6.54157e-08 1.27222e-14 1.09781 -22.945 -5.53678 1.55594 -13.0363 -4.03128 -0.00126505 0.0420109 -1.5201e-05 10.5253 -30.7352 -1.84752 -6.85305 18.7364 2.10582 -0.0251026 -4.90708 1.2702 0.000501589 -7.62182 0.00622162 9.39055 -19.8625 -7.50753 8.10168 1.1966 -0.208388 0.0260283 -6.974 5.59264 -0.000792691 -2.29938 -0.00368284
1073.93 2590.17 977.701 -107.114 16.6412 8.542 0.00860012 -4.04777 -1.21135 0.000905022 2.84862 -5.33581 1.76747 13.0313 7.02825 4.06781 23.2926 5.68461 2.82675 14.7686 8.46411 -0.00398872 -0.000530398 0.000517175 22.8066 -0.030798 -5.3205 -10.5365 -45.1835 -65.1128 71.1066 8.22198 6.98835 -0.0211673 -0.120046 -2.21748e-05 -4.90652e-08 -2.78263e-07 -0 -18.4032 -0.970231 -14.7247 -0.341197 -39.3135 67.8333 -53.6418 -12.9863 -4.2539 -0.00468828 0.0265886 1.08782e-06 -1.16933e-08 6.63159e-08 -9.14409e-15 0.620447 -22.1814 -6.71144 0.87058 -12.4959 -4.8871 -0.00261566 0.0444585 0.00029523 11.958 -30.6463 -1.64143 -9.48813 18.2721 2.82509 -0.0168114 -4.6262 1.29983 0.000656853 -7.60799 0.00755802 0.744074 -18.4534 -10.7287 16.5887 0.730086 -0.0356022 0.0415371 -6.23819 5.72124 -0.00111286 -2.34381 -0.00616477
1073.48 2593.13 978.769 -107.34 16.5558 8.631 0.00735241 -4.86653 -1.73816 -0.0197122 3.90827 -4.43152 1.793 13.0224 7.26374 3.92106 23.3038 6.06673 3.02518 14.8525 8.68316 2.34811e-05 0.0108828 0.000153668 21.9939 -0.031231 -5.97974 -13.6321 -40.9454 -67.5024 74.1617 7.8922 7.50589 0.00473339 0.0268444 -1.10885e-06 -3.06262e-07 -1.7369e-06 1.27222e-14 -19.2661 -0.524191 -15.8998 3.02156 -39.6521 70.1264 -53.9318 -12.9757 -4.22153 -0.00150666 0.0085447 1.12347e-07 -9.68129e-10 5.49056e-09 -4.77083e-15 0.179711 -22.2064 -7.83905 0.238847 -12.4895 -5.70635 -0.00123376 0.0155289 0.000689044 13.83 -30.5094 -1.25787 -11.0843 17.8613 3.2311 -0.0113674 -4.43394 1.39174 0.000494892 -7.63674 0.00582722 -4.70785 -16.824 -12.761 22.9716 -0.226164 0.347926 0.032209 -4.63172 5.77991 -0.00106409 -2.40278 -0.00672296
1072.6 2594.57 979.669 -108.347 16.2916 8.772 0.00800719 -5.19767 -1.93161 -0.0334924 4.25866 -4.09262 1.93282 13.1172 7.56338 3.8263 23.4459 6.45202 3.23157 15.0485 8.95819 0.00721998 0.040647 -0.000124719 21.2553 -0.03733 -5.52645 -16.2338 -36.6857 -70.0386 75.7723 7.00809 7.67712 0.127813 0.724826 -0.000808469 -5.32209e-06 -3.0183e-05 -1.39944e-12 -19.9996 -0.380746 -15.8764 4.26527 -40.0367 69.7424 -54.2855 -13.0454 -4.20033 -0.00723024 0.0410047 2.58722e-06 4.59083e-09 -2.60358e-08 -3.57812e-15 -0.0324244 -22.7343 -8.48444 -0.0469685 -12.8415 -6.17759 0.00556803 -0.0510377 0.00105853 14.9851 -30.3336 -1.10106 -10.6593 17.8617 3.07935 -0.00710592 -4.62728 1.52073 -0.00017689 -7.71212 0.00418433 -5.60728 -15.581 -13.2391 25.5543 -1.42811 0.799922 0.00826627 -2.82975 5.77618 -0.000998015 -2.44094 -0.00493048
1071.34 2594.34 980.491 -110.191 15.8404 9.004 0.0108669 -4.94664 -1.69492 -0.019543 3.76586 -4.48867 2.15845 13.2727 7.90684 3.76265 23.6482 6.84696 3.34536 15.2513 9.31439 0.0154242 0.0765804 0.000244525 21.0447 -0.0622042 -4.28617 -18.7265 -32.9635 -72.8987 75.3152 5.96806 7.43052 0.290427 1.64663 -0.00417361 -1.68409e-05 -9.55093e-05 -1.40326e-11 -20.502 -0.682997 -14.6513 3.85818 -40.1734 67.1758 -54.5111 -13.1113 -4.2129 -0.0130462 0.0739886 8.42356e-06 8.27358e-09 -4.69217e-08 -3.97569e-16 0.00847774 -23.3401 -8.39671 0.0199088 -13.2672 -6.11209 0.0147617 -0.133251 0.00122824 14.536 -30.1017 -1.5727 -7.89042 18.0645 2.27029 -0.00311116 -4.73383 1.68789 -0.00136868 -7.83345 0.00434972 -2.33869 -14.9083 -12.4501 24.3837 -2.52556 1.11699 -0.0136589 -1.34787 5.78026 -0.00105575 -2.43843 -0.00274521
1070.09 2593.68 981.518 -112.628 15.2269 9.428 0.0104913 -4.25359 -1.0642 0.01106 2.68253 -5.56329 2.40159 13.4199 8.2498 3.79651 23.8452 7.19111 3.42013 15.3988 9.68003 0.0177943 0.0822242 0.00133093 21.5169 -0.0835336 -2.5287 -21.4313 -29.4913 -76.0976 73.3503 5.77852 6.96195 0.334293 1.89516 -0.00552919 -2.01315e-05 -0.000114171 -2.00407e-11 -20.6027 -1.39437 -12.8525 2.97848 -39.9168 64.1935 -54.4966 -13.1106 -4.22064 -0.0128459 0.0728528 8.16693e-06 7.32525e-09 -4.15435e-08 1.98785e-14 0.103536 -23.7162 -7.72663 0.144711 -13.5317 -5.62081 0.0184805 -0.180672 -0.000408509 12.7368 -29.7727 -2.81002 -3.55398 17.9542 1.02674 0.00390674 -4.04035 1.87394 -0.00236318 -7.97752 0.00445338 3.69864 -14.6119 -11.082 20.722 -3.29009 1.20111 -0.0285255 -0.618437 5.81819 -0.000888625 -2.40405 -0.00130067
1069.1 2594.42 982.648 -115.094 14.4771 10.105 0.00826956 -3.42658 -0.237258 0.0217381 1.49931 -6.97342 2.60769 13.5072 8.48777 4.10258 24.0286 7.31799 3.63403 15.5182 9.87305 0.0106738 0.0343307 0.00157826 22.2396 -0.0648107 -0.421952 -24.0547 -25.5379 -79.167 71.0847 6.62893 6.53756 0.230647 1.30783 -0.00263248 -5.9896e-06 -3.39687e-05 -1.79065e-12 -20.2976 -2.28741 -11.4134 2.70878 -39.4868 62.8389 -54.1312 -13.0577 -4.17629 -0.0100562 0.0570314 5.00489e-06 4.854e-09 -2.75284e-08 7.55382e-15 0.034569 -23.7421 -6.92621 0.0388497 -13.5404 -5.04306 0.0133799 -0.138573 -0.00317785 10.9452 -29.2686 -4.47635 0.601525 17.2765 -0.142195 0.00864316 -2.40355 2.03789 -0.00214504 -8.09969 0.00275449 10.6415 -14.4638 -9.91146 16.033 -3.66906 1.07128 -0.0458307 -1.01714 5.86958 -0.000465476 -2.36426 -0.000449038
1068.38 2597.38 983.329 -116.908 13.6574 10.932 0.0103569 -2.75633 0.520557 -0.00194913 0.628127 -8.22001 2.73575 13.5312 8.48878 4.73411 24.207 7.08243 4.06658 15.6715 9.73481 0.000176677 -0.0403179 0.00041082 22.5929 -0.017199 1.83871 -25.8535 -20.901 -81.4124 69.2422 7.79112 6.17912 0.0856078 0.485494 -0.0003627 -2.59292e-07 -1.47052e-06 -1.59028e-14 -19.8587 -3.07657 -10.919 3.64006 -39.1755 64.1366 -53.5477 -12.9911 -4.09682 -0.00814789 0.046209 3.28563e-06 1.65182e-09 -9.36796e-09 -5.56597e-15 -0.180585 -23.3559 -6.39229 -0.262526 -13.2674 -4.66504 0.00603067 -0.0442955 -0.003075 10.4508 -28.6417 -5.98018 2.87475 16.335 -0.747595 0.00765023 -0.412886 2.13333 -0.00106704 -8.15501 0.000900959 16.5788 -14.4187 -9.45868 11.5907 -3.65536 0.845432 -0.063369 -2.71227 5.92617 -0.000273552 -2.34186 0.000348321
1067.74 2601.84 983.173 -117.628 12.9093 11.676 0.0130537 -2.35662 1.04757 -0.035758 0.196039 -8.98269 2.78644 13.5444 8.18938 5.47151 24.378 6.50685 4.58161 15.8866 9.25916 -0.00667302 -0.111549 -0.00123377 22.3681 0.0157779 3.97034 -26.4012 -16.256 -82.5281 67.6458 8.56785 5.80719 -0.00298067 -0.0169042 -4.39701e-07 2.43255e-06 1.37957e-05 -2.95792e-13 -19.6853 -3.60098 -11.3518 5.76154 -38.9992 67.5263 -53.1369 -12.9285 -4.03983 -0.00528388 0.0299663 1.38176e-06 -1.03528e-09 5.87137e-09 3.97569e-16 -0.311347 -22.7132 -6.15273 -0.453143 -12.8284 -4.49194 0.0027034 0.00721985 -0.00102496 11.5043 -28.0956 -6.89305 2.55326 15.6687 -0.620387 0.00578419 1.10583 2.15839 -0.000712427 -8.12294 -0.000903882 20.3531 -14.5019 -9.71747 8.02678 -3.32052 0.631907 -0.0610402 -5.36295 5.98364 -0.000419663 -2.34921 0.00150668
1067.15 2606.07 982.365 -117.334 12.3749 12.121 0.00909247 -2.17952 1.34827 -0.0545792 0.114772 -9.28321 2.78131 13.6063 7.67522 6.02971 24.5453 5.78159 4.97722 16.1427 8.61317 -0.00847386 -0.180819 -0.00275812 21.9045 0.012325 5.66026 -26.0552 -12.513 -82.7576 65.9624 8.81855 5.48402 -0.0213251 -0.120941 -2.25067e-05 2.48987e-06 1.41208e-05 -3.02153e-13 -19.9901 -3.86252 -12.2712 8.36437 -38.9348 71.3779 -53.0712 -12.8918 -4.01142 -0.0022489 0.0127541 2.50304e-07 -8.00778e-10 4.54133e-09 -3.57812e-15 -0.110642 -22.2183 -5.93452 -0.20431 -12.4986 -4.32463 0.0032075 0.0103598 -0.000410331 13.6828 -27.7963 -7.00174 -0.0125515 15.4937 0.0813001 0.00531351 1.7386 2.17015 -0.00183032 -8.01395 -0.00365397 22.2431 -14.7101 -10.2095 4.99251 -2.82361 0.465972 -0.0351462 -8.08351 6.01427 -0.00059104 -2.3872 0.00290106
1066.9 2608.74 981.711 -116.525 12.1192 12.223 0.00213543 -2.09914 1.51416 -0.0575919 0.208963 -9.38134 2.73898 13.747 7.14371 6.27566 24.7328 5.13967 5.16636 16.4342 8.02763 -0.00697656 -0.256104 -0.00336423 21.7924 -0.0187254 6.79107 -25.7001 -10.0565 -82.5688 64.1835 8.80049 5.21944 -0.00700394 -0.0397213 -2.4278e-06 1.01807e-06 5.77378e-06 -5.725e-14 -20.6656 -3.96143 -13.2 10.4738 -39.2077 74.1263 -53.1936 -12.8962 -3.99903 -0.00202888 0.0115063 2.03723e-07 -2.39442e-10 1.35779e-09 5.96354e-15 0.417625 -22.3425 -5.46944 0.495723 -12.6027 -3.98362 0.00317332 0.0210266 -0.00027177 16.2365 -27.7908 -6.43749 -3.72432 15.6469 1.04542 0.00879946 1.75914 2.20075 -0.00305585 -7.85618 -0.00608531 23.726 -15.2254 -10.3372 1.68119 -2.1412 0.36407 -0.00992276 -10.0619 5.99302 -0.000619377 -2.44752 0.00336819
1067.38 2609.39 982.093 -115.742 12.1258 12.085 0.000134545 -2.01134 1.60686 -0.0563035 0.321845 -9.51291 2.68168 13.9704 6.77827 6.27824 25.0049 4.71945 5.20349 16.8022 7.64986 -0.00384974 -0.32323 -0.00240202 22.3005 -0.0546689 7.48386 -25.99 -8.75942 -82.3801 62.5198 8.77416 4.95619 0.00842533 0.0477824 -3.5132e-06 6.83386e-08 3.87568e-07 -4.13472e-14 -21.4658 -4.00201 -13.9067 11.6647 -40.185 75.3002 -53.2534 -12.9043 -3.99979 -0.0030667 0.0173921 4.65447e-07 -5.2725e-10 2.99008e-09 -1.98785e-15 1.03331 -23.4359 -4.6576 1.33949 -13.3766 -3.40141 0.000632236 0.0499998 0.000449845 18.285 -28.0445 -5.59693 -7.11865 15.8792 1.9104 0.0219279 1.79703 2.22986 -0.00278043 -7.6885 -0.00621391 26.0435 -16.2076 -9.73903 -2.202 -1.17742 0.331145 -0.00249275 -11.0419 5.94627 -0.000561398 -2.50888 0.00306245
1068.82 2608.27 983.74 -115.321 12.3674 11.812 0.00396954 -1.90418 1.63982 -0.0557948 0.397068 -9.72748 2.63294 14.2464 6.6587 6.1903 25.3883 4.54909 5.19807 17.2581 7.50834 -0.000348234 -0.35996 -0.000730782 23.0911 -0.0667483 7.75134 -26.7847 -8.57473 -82.3397 60.9879 8.7963 4.71868 0.0191621 0.108674 -1.81726e-05 3.75738e-08 2.13092e-07 1.59028e-14 -22.1167 -4.02611 -14.4305 12.1426 -42.0411 75.4541 -53.055 -12.8657 -3.99025 -0.00179513 0.0101807 1.59486e-07 -2.11202e-09 1.1978e-08 1.59028e-15 1.56623 -25.4897 -3.54434 2.07999 -14.805 -2.59467 -0.00231513 0.082098 0.000838324 19.0969 -28.5528 -4.88853 -8.97885 16.1344 2.39398 0.044422 2.24224 2.24631 -0.00139211 -7.55509 -0.0043615 28.8047 -17.4637 -8.53162 -5.64263 0.0344443 0.355834 -0.00726752 -11.2447 5.91293 -0.0006795 -2.53947 0.00381139
1071.28 2606.03 986.066 -115.329 12.8131 11.481 0.00948236 -1.81048 1.63372 -0.0556301 0.446754 -9.96202 2.63382 14.5136 6.72997 6.11757 25.8084 4.5732 5.20728 17.7201 7.54395 0.00211877 -0.366067 0.000257388 23.4383 -0.043294 7.38623 -27.2951 -9.77129 -82.2472 59.1002 8.87616 4.51001 0.0247011 0.140086 -3.01967e-05 5.43388e-08 3.08171e-07 3.18055e-15 -22.4138 -4.04776 -14.9983 12.3678 -44.4573 75.4836 -52.6261 -12.79 -3.95235 0.00151749 -0.00860612 1.13968e-07 -3.89048e-09 2.20641e-08 2.5842e-15 2.01072 -28.0312 -2.27795 2.66385 -16.5584 -1.65459 -0.00316343 0.102277 0.000583571 18.2857 -29.2859 -4.64328 -8.84082 16.4314 2.38829 0.0630825 3.15596 2.26173 -0.000436901 -7.49047 -0.00246977 30.358 -18.603 -7.30912 -6.91575 1.27425 0.387854 -0.00947312 -11.0899 5.90248 -0.000966574 -2.52028 0.00549977
1074.35 2603.34 988.238 -115.619 13.3683 11.133 0.0121707 -1.74264 1.61893 -0.0554339 0.504877 -10.1244 2.715 14.7035 6.85974 6.12974 26.1466 4.68151 5.24746 18.055 7.65928 0.00319741 -0.361018 0.000156745 22.7086 -0.013752 6.13903 -26.5795 -12.5334 -81.5977 56.2578 9.10977 4.29955 0.0191923 0.108845 -1.82299e-05 3.19662e-08 1.81289e-07 9.54166e-15 -22.2799 -4.08028 -15.7937 12.7063 -46.8898 76.1166 -52.0427 -12.7094 -3.87309 0.00470001 -0.0266551 1.09327e-06 -4.93731e-09 2.80009e-08 -1.799e-14 2.34413 -30.3382 -1.17376 3.04646 -18.1427 -0.814811 -0.00242115 0.104684 0.000253329 16.3131 -30.0547 -4.85489 -7.21171 16.6689 1.99916 0.057903 4.46868 2.28444 -0.000382401 -7.5063 -0.00188784 29.1361 -19.2282 -6.83148 -5.06755 2.06602 0.355618 -0.00265146 -10.9483 5.91137 -0.00110944 -2.46062 0.00551123
1077.19 2600.98 989.717 -115.985 13.864 10.819 0.00944407 -1.67204 1.60637 -0.0553264 0.606215 -10.144 2.86986 14.7734 6.95003 6.29017 26.3 4.77032 5.37613 18.1822 7.76827 0.00363248 -0.364022 -0.000459821 20.7846 -0.0134621 4.06278 -23.9995 -16.3073 -79.9067 52.3644 9.54134 4.05864 0.00418625 0.0237414 -8.67318e-07 1.33952e-08 7.59681e-08 -0 -21.7728 -4.12721 -16.7106 13.1409 -49.0679 77.4314 -51.2245 -12.6272 -3.71938 0.00642499 -0.0364379 2.04303e-06 -4.05663e-09 2.30063e-08 1.10325e-14 2.38804 -31.8617 -0.697659 3.04586 -19.1971 -0.43643 -0.00223346 0.117607 -0.000328763 14.2862 -30.6284 -5.2063 -5.24583 16.7813 1.50971 0.0260335 5.98184 2.29171 -0.000367816 -7.5868 -0.0022834 25.0334 -19.1207 -7.44578 -0.768485 2.1322 0.251591 0.00757815 -11.0856 5.94361 -0.000895163 -2.39457 0.00358806
1078.96 2599.6 990.271 -116.291 14.0964 10.605 0.00397268 -1.55442 1.58539 -0.0554838 0.766521 -10.0087 3.06282 14.7311 6.97013 6.62428 26.2505 4.76294 5.64635 18.1292 7.79957 0.00354738 -0.38318 -0.000867362 18.1059 -0.030606 1.92607 -19.7957 -19.6317 -77.3626 48.1621 10.0699 3.67056 -0.00976023 -0.055353 -4.71464e-06 3.14777e-08 1.78519e-07 1.59028e-14 -21.2021 -4.18892 -17.3589 13.6199 -51.0683 79.0277 -50.0866 -12.5247 -3.48894 0.00694529 -0.0393887 2.38731e-06 -2.23301e-09 1.26641e-08 -1.63997e-15 1.9425 -32.4713 -1.13648 2.45731 -19.6382 -0.755792 -0.00405352 0.163947 -0.000578607 13.0547 -30.8715 -5.41806 -3.79893 16.9115 1.14764 -0.00696013 7.32826 2.23387 -2.22623e-05 -7.70592 -0.00381768 19.9351 -18.2808 -8.68241 3.99103 1.57041 0.119595 0.015078 -11.5602 5.99382 -0.000463906 -2.35394 0.00198133
1079.28 2599.56 989.837 -116.527 13.953 10.518 0.000789266 -1.38111 1.55327 -0.0561109 0.974144 -9.77006 3.26683 14.625 6.93637 7.10647 26.0782 4.63197 6.06875 17.9866 7.71676 0.00250586 -0.414895 -0.000936566 15.4464 -0.0324841 0.817656 -15.4034 -21.051 -75.1272 44.9482 10.5072 3.10469 -0.0140756 -0.0798268 -9.80536e-06 3.60353e-08 2.04366e-07 -9.54166e-15 -21.0007 -4.25663 -17.4345 14.1823 -53.1107 80.4145 -48.5829 -12.3812 -3.22951 0.00580189 -0.0329041 1.66597e-06 -8.14864e-10 4.62136e-09 -3.40419e-15 1.05039 -32.3682 -2.24014 1.3233 -19.5716 -1.59902 -0.00709151 0.188438 0.0010196 12.8729 -30.7669 -5.41153 -3.01804 17.2265 0.960762 -0.00896714 7.93439 2.07232 0.000117689 -7.84137 -0.00658919 16.4017 -17.0258 -9.71024 7.09019 0.633211 0.00506959 0.0232456 -11.9435 6.05655 -0.000155273 -2.34372 0.0011298
1078.64 2600.89 988.587 -116.808 13.5031 10.549 0.00126419 -1.1918 1.52848 -0.0564887 1.18926 -9.52519 3.48184 14.5275 6.88113 7.66456 25.9032 4.41522 6.59612 17.8545 7.52676 0.000623417 -0.451677 -0.000869945 13.5437 -0.0200453 1.38689 -12.45 -20.2053 -74.5056 43.6673 10.7057 2.59557 -0.01072 -0.0607961 -5.68746e-06 1.41673e-08 8.03469e-08 4.77083e-15 -21.5009 -4.31386 -17.0154 14.9047 -55.2912 81.211 -46.8386 -12.1972 -3.00847 0.00249855 -0.01417 3.08961e-07 4.03177e-10 -2.28646e-09 -1.37161e-14 0.0262022 -31.9336 -3.32787 0.0141163 -19.236 -2.44121 -0.0064855 0.134159 0.00254185 13.1679 -30.3325 -5.48261 -2.47051 17.4866 0.85255 0.0140387 7.4329 1.85179 -3.89609e-05 -7.96797 -0.00899502 15.8292 -15.913 -10.1173 7.66878 -0.331423 -0.0568602 0.0383963 -11.5128 6.14953 -4.72666e-05 -2.34883 0.000490081
1078.1 2602.78 987.156 -117.312 12.9294 10.724 0.00308855 -1.03843 1.52497 -0.0546388 1.37231 -9.35386 3.70197 14.4985 6.80735 8.18299 25.8267 4.17065 7.11078 17.7898 7.245 0.000455067 -0.477741 -0.000688877 12.79 -0.0291093 3.5932 -11.3665 -17.7868 -75.705 44.2502 10.6433 2.41293 -0.00622301 -0.0352924 -1.91659e-06 2.86353e-09 1.62399e-08 -4.77083e-15 -22.8579 -4.34949 -16.3433 16.2146 -57.5155 81.4807 -45.1956 -12.0044 -2.85341 -0.000795242 0.00451004 3.12988e-08 3.60338e-10 -2.04351e-09 5.93869e-15 -0.822319 -31.5937 -3.82819 -1.06798 -18.9515 -2.83599 -0.00197593 0.0430896 0.00184297 12.9114 -29.6001 -6.09009 -1.47913 17.1448 0.689796 0.0385459 6.35022 1.67021 0.000172965 -8.06154 -0.0101884 17.694 -15.2788 -10.0626 6.66777 -1.06848 -0.0487908 0.0519822 -10.0038 6.26848 4.44985e-06 -2.35195 0.000419403
1078.28 2604.01 986.401 -118.174 12.4029 11.079 0.00325158 -0.947276 1.53923 -0.0484074 1.50511 -9.27713 3.9015 14.5492 6.69581 8.54637 25.8694 3.95414 7.48449 17.7778 6.91988 0.00552145 -0.471619 -0.000713447 13.1427 -0.0737092 6.6081 -11.5262 -15.0583 -77.7082 45.6339 10.4475 2.52726 -0.00357195 -0.0202576 -6.31452e-07 -5.68968e-10 -3.22677e-09 4.77083e-15 -24.9137 -4.36629 -15.557 18.5705 -59.6112 81.5983 -43.9622 -11.8427 -2.74933 -0.00149885 0.00850039 1.11185e-07 -8.7761e-11 4.97678e-10 -2.98177e-15 -1.35656 -31.5955 -3.64254 -1.7341 -18.9215 -2.70728 0.00118847 -0.0171734 0.000442015 11.3818 -28.6305 -7.43512 0.401123 15.8531 0.398684 0.0636944 5.86735 1.56694 0.000721514 -8.11176 -0.0100313 20.004 -15.0773 -9.99185 6.13546 -1.36575 -0.00641593 0.0502669 -8.12734 6.32973 1.5061e-05 -2.34597 0.000463192
1079.12 2603.65 986.535 -119.373 12.0182 11.554 0.00176194 -0.918243 1.56578 -0.037062 1.58975 -9.26161 4.04007 14.6347 6.54086 8.69998 25.9473 3.79594 7.63486 17.753 6.63562 0.0131036 -0.437972 -0.000913937 14.2188 -0.115971 9.35638 -12.3213 -13.1376 -79.3791 46.5731 10.2948 2.64592 -0.0018145 -0.0102905 -1.62946e-07 -9.59944e-10 -5.4441e-09 -4.77083e-15 -27.2209 -4.37945 -14.7131 21.9888 -61.3551 81.9436 -43.2472 -11.738 -2.688 -2.33728e-05 0.000132554 2.70353e-11 -2.98905e-10 1.69514e-09 -2.5842e-15 -1.50296 -31.8452 -2.99727 -1.92412 -19.0871 -2.22865 0.00147378 -0.0243337 -0.00029246 8.44788 -27.5225 -9.30976 3.23125 13.8682 -0.0958717 0.0737289 6.64138 1.56202 0.000721478 -8.13857 -0.00749317 20.8622 -15.0836 -10.2242 7.71377 -1.03517 -0.0135671 0.0331186 -7.23835 6.28598 -0.000120233 -2.33672 -0.000403993
1080.02 2602.16 986.743 -120.633 11.7985 12.026 0.00203838 -0.949565 1.60418 -0.0233047 1.64478 -9.24401 4.09007 14.6635 6.33279 8.66761 25.9264 3.65684 7.55766 17.6108 6.46206 0.0160519 -0.408358 -0.000744875 15.5716 -0.111292 11.2222 -13.584 -12.1461 -80.4585 46.6339 10.231 2.67563 -0.00106423 -0.00603552 -5.60526e-08 -2.86083e-09 -1.62244e-08 3.18055e-15 -29.2391 -4.4014 -13.8547 25.7643 -62.5389 82.5024 -42.8879 -11.6827 -2.65978 0.00127296 -0.00721929 8.01965e-08 -4.59781e-10 2.60739e-09 -3.68994e-15 -1.25064 -31.9391 -2.18936 -1.65404 -19.1577 -1.623 0.000805622 0.00307024 -0.000324147 4.80171 -26.4931 -11.2368 6.32505 12.0731 -0.763778 0.0307072 7.97579 1.71321 -0.000260341 -8.18497 -0.00112925 19.6447 -15.0825 -10.852 11.3765 -0.158052 -0.153593 0.00796074 -8.14339 6.24977 -0.000342526 -2.33396 -0.00110416
1080.4 2601.28 986.106 -121.451 11.7534 12.363 0.00547836 -1.03595 1.65486 -0.0118119 1.69356 -9.17822 4.05375 14.5611 6.06747 8.49231 25.7241 3.4926 7.30622 17.2978 6.39794 0.0122954 -0.399882 -0.000456768 16.8261 -0.0639735 12.1115 -15.2612 -11.4347 -81.4184 46.2873 10.1554 2.8363 -0.00306674 -0.0173923 -4.6546e-07 -6.73517e-09 -3.81971e-08 -1.59028e-15 -30.5278 -4.40999 -13.0491 28.4281 -63.2458 82.5269 -42.4625 -11.6246 -2.6243 0.00164762 -0.0093441 1.34351e-07 -4.64921e-10 2.63665e-09 1.56543e-15 -0.715031 -31.5262 -1.46356 -1.03656 -18.8775 -1.0735 0.000356846 0.0358842 2.2023e-06 1.47683 -25.7201 -12.8166 8.31892 11.1817 -1.34083 -0.0638215 8.38266 1.99387 -0.00173327 -8.27997 0.00773743 16.9763 -15.027 -11.7645 15.5174 0.981268 -0.433766 -0.0167028 -10.3198 6.32067 -0.000466739 -2.34443 -0.000254681
1080.26 2602.36 984.597 -121.406 11.8739 12.499 0.00940205 -1.13169 1.71497 -0.0052694 1.75941 -9.06008 3.93918 14.3297 5.774 8.16879 25.3776 3.32538 6.94846 16.8624 6.34532 0.0064393 -0.393947 -0.000566519 17.7365 -0.0184219 12.4295 -17.2055 -10.3628 -82.7487 46.3172 10.0168 3.17749 -0.00654036 -0.0370922 -2.11705e-06 -1.1731e-08 -6.65298e-08 -1.59028e-15 -30.9471 -4.36282 -12.3433 29.0318 -63.931 81.4621 -41.5356 -11.504 -2.52808 0.00164352 -0.00932087 1.33684e-07 -3.09077e-10 1.75275e-09 1.52567e-14 -0.173872 -30.6792 -1.03722 -0.373356 -18.2925 -0.755054 9.01464e-05 0.0543044 8.48475e-05 -0.814391 -25.2363 -13.8661 8.12298 11.279 -1.5141 -0.137449 7.02635 2.19685 -0.00283254 -8.41159 0.0137588 14.1513 -14.9917 -12.6777 18.2684 1.93089 -0.703939 -0.0298016 -12.3776 6.41939 -0.000368909 -2.36784 0.00121162
1079.97 2605.06 983.139 -120.468 12.0743 12.496 0.0110758 -1.15979 1.76986 -0.00291791 1.85694 -8.92343 3.74169 14.0421 5.49158 7.65231 25.0149 3.2161 6.52759 16.3947 6.2001 0.00306264 -0.370364 -0.000794607 18.2628 -0.00266592 12.6318 -19.1605 -8.94888 -84.3654 46.9728 9.92052 3.40812 -0.00813152 -0.0461161 -3.27244e-06 -1.0107e-08 -5.73196e-08 1.43125e-14 -30.6977 -4.25484 -11.7098 27.9998 -64.9503 79.6274 -40.0679 -11.3154 -2.36146 0.00104279 -0.00591397 5.38175e-08 -1.34401e-10 7.62167e-10 -1.72943e-14 0.0386628 -29.7345 -1.08814 -0.082556 -17.6435 -0.80619 -0.000160834 0.0584104 0.000139938 -1.63081 -25.0405 -14.2998 5.65952 11.9573 -1.13804 -0.12568 4.58218 2.10064 -0.0025852 -8.53392 0.0126269 12.1324 -14.9728 -13.3603 18.9652 2.205 -0.768365 -0.0322816 -13.2165 6.45103 -9.17603e-05 -2.39359 0.00176091
1080.05 2607.49 982.688 -118.974 12.3087 12.368 0.0111999 -1.07843 1.79057 -0.0022086 1.97377 -8.81459 3.47771 13.7944 5.26201 6.98499 24.7537 3.20554 6.09517 16.0024 5.93785 0.00275314 -0.334698 -0.000634773 18.5007 -0.00963967 12.858 -20.8174 -7.80233 -85.7338 47.7806 9.95678 3.33394 -0.00675521 -0.0383107 -2.25843e-06 -4.842e-09 -2.74603e-08 7.95139e-15 -30.2921 -4.13049 -11.2519 26.4957 -66.185 77.7898 -38.4698 -11.1089 -2.17854 -0.000156037 0.000884929 1.205e-09 -5.09811e-11 2.88979e-10 3.67752e-15 -0.196765 -29.0141 -1.48878 -0.33991 -17.1532 -1.11806 -0.000252923 0.0519797 0.000429784 -0.76487 -25.2658 -13.9327 1.96721 12.6841 -0.374016 -0.0653324 2.57933 1.75986 -0.00168684 -8.61007 0.00852622 11.0776 -14.9465 -13.608 18.3793 1.65919 -0.581413 -0.0252631 -12.8066 6.41558 6.4399e-05 -2.40827 0.00181687
1080.78 2607.72 983.043 -117.354 12.6029 12.01 0.0121319 -0.930252 1.74262 -0.0014669 2.08029 -8.75233 3.20459 13.6514 5.107 6.34003 24.6369 3.26704 5.72387 15.7631 5.6336 0.00344063 -0.300687 4.12488e-05 18.6408 -0.0215381 13.0881 -22.108 -7.16894 -86.5037 48.4167 10.0389 3.13461 -0.00465583 -0.0264045 -1.07281e-06 -1.99383e-09 -1.13077e-08 -1.43125e-14 -30.3165 -4.04886 -11.2891 25.7934 -67.16 76.8566 -37.2582 -10.9509 -2.0424 -0.00134017 0.00760048 8.88891e-08 -3.16879e-11 1.7959e-10 1.09332e-14 -0.745491 -28.6921 -1.85192 -0.989013 -16.9338 -1.39085 -0.00014572 0.0381455 0.000418239 1.93786 -26.0934 -12.4395 -1.64275 13.3386 0.491501 -0.00160196 1.70024 1.36613 -0.00181377 -8.63672 0.00934858 10.7364 -14.9119 -13.2295 17.6052 0.483562 -0.216344 -0.00379217 -11.9244 6.32159 -0.000100822 -2.40192 0.00233425
1081.67 2605.29 983.161 -115.897 12.9615 11.325 0.0125744 -0.817237 1.6128 -0.000552533 2.15963 -8.72834 2.98873 13.6351 5.02359 5.90547 24.6373 3.33636 5.44827 15.7299 5.41053 0.00387172 -0.271279 0.00102214 18.8817 -0.029399 13.2287 -23.43 -6.66592 -86.7585 49.1411 10.046 3.04801 -0.00350367 -0.0198703 -6.0754e-07 -1.1563e-09 -6.55762e-09 -1.90833e-14 -30.9572 -4.03388 -12.0652 26.3247 -67.5432 77.189 -36.6417 -10.8711 -1.97192 -0.00181438 0.0102899 1.62925e-07 -3.3892e-11 1.92019e-10 -7.95139e-16 -1.27398 -28.8266 -1.80468 -1.61073 -17.0297 -1.35176 -0.000265538 0.0428685 0.000485872 6.30293 -27.2891 -9.67654 -4.46674 14.047 1.27539 0.093332 1.07667 0.96101 -0.00303526 -8.60947 0.0152441 11.0921 -14.956 -12.1342 16.7524 -0.83826 0.172398 0.0201128 -11.3805 6.17093 -0.000409952 -2.36775 0.00225226
1082.13 2601.61 982.435 -114.696 13.3588 10.37 0.00935614 -0.808848 1.42758 0.000197541 2.21886 -8.72938 2.87555 13.7374 4.99145 5.7921 24.7063 3.35145 5.28785 15.9244 5.30094 0.00399549 -0.244846 0.00172556 19.1795 -0.0302499 13.175 -25.0566 -5.96851 -86.7753 50.2376 9.93029 3.16807 -0.00359156 -0.0203687 -6.38403e-07 -8.10364e-10 -4.59587e-09 3.18055e-15 -31.8144 -4.06123 -13.4735 27.2724 -67.5381 78.2886 -36.3377 -10.8299 -1.93607 -0.000987209 0.00559874 4.82333e-08 -2.5683e-11 1.45722e-10 4.96962e-15 -1.37764 -29.4565 -1.12222 -1.70221 -17.4765 -0.849235 -0.000327737 0.0911167 0.00162482 10.9588 -28.2171 -6.32811 -6.30036 14.8437 1.84724 0.185718 -0.678045 0.65276 -0.00396745 -8.51737 0.015766 12.7788 -15.2901 -10.3615 14.5907 -1.82099 0.38939 0.0315007 -11.19 5.98343 -0.000448022 -2.307 -0.000593511
1081.91 2599.32 981.401 -113.727 13.7161 9.49 0.00396655 -0.894931 1.24131 -9.20521e-05 2.28055 -8.74533 2.85275 13.9177 4.93784 5.97202 24.8121 3.23839 5.24726 16.2751 5.20635 0.0036186 -0.223304 0.00171022 19.2528 -0.023279 12.7628 -26.6852 -5.36668 -86.6303 51.5374 9.73777 3.42905 -0.00422146 -0.0239411 -8.81968e-07 -8.12791e-10 -4.60954e-09 2.8625e-14 -32.1729 -4.09889 -14.998 27.7595 -67.6871 79.6378 -35.9109 -10.7665 -1.89174 0.000894577 -0.0050734 3.96062e-08 -1.38768e-11 7.89143e-11 -1.59028e-14 -0.877838 -30.4418 0.134087 -1.04905 -18.1709 0.0709471 0.000406833 0.150201 0.00206214 13.6645 -28.5254 -3.94546 -6.99425 15.5763 2.09147 0.176753 -3.82521 0.671772 -0.00312552 -8.38491 0.00511808 16.6747 -15.988 -8.23249 9.59597 -2.28099 0.385009 0.0388772 -10.5877 5.76893 -0.000123113 -2.2305 -0.00574851
1081.53 2600.24 981.324 -112.964 14.0037 9.093 0.00119318 -1.02171 1.1097 -0.00211537 2.35634 -8.77046 2.87092 14.1085 4.78969 6.29891 24.9279 2.94877 5.28698 16.6409 5.00105 0.00277265 -0.20604 0.00118257 18.9808 -0.0123073 11.9042 -27.7564 -5.46152 -86.152 52.5611 9.5565 3.68541 -0.0038482 -0.0218242 -7.32897e-07 -8.63645e-10 -4.89802e-09 9.54166e-15 -31.5702 -4.13473 -16.0013 27.3593 -68.4255 80.7767 -35.1692 -10.6599 -1.81411 0.00213901 -0.0121309 2.2644e-07 -1.17681e-13 6.79048e-13 -7.95139e-16 -0.00781603 -31.5228 1.67804 0.0503976 -18.918 1.21115 0.000947578 0.140035 -0.00113209 12.8985 -28.4794 -3.72657 -6.34066 16.0234 1.9275 0.109689 -6.93676 0.896941 -0.000707301 -8.25907 -0.00703158 23.1473 -17.1247 -6.10353 1.46663 -2.08371 0.361645 0.0478364 -9.02272 5.60898 9.90029e-05 -2.15535 -0.00862984
1082.05 2604.05 982.954 -112.375 14.3186 9.279 0.000590444 -1.13901 1.06827 -0.00394741 2.41934 -8.79445 2.89433 14.2342 4.54636 6.59495 25.0151 2.53099 5.34499 16.8579 4.64072 0.00215028 -0.184396 0.000478049 18.6242 -0.00686173 10.8163 -27.9949 -6.30284 -85.2364 53.051 9.44199 3.84394 -0.0022452 -0.0127332 -2.49482e-07 -6.86427e-10 -3.89291e-09 1.27222e-14 -30.1189 -4.16418 -16.1376 25.9488 -69.7473 81.1873 -34.2029 -10.5248 -1.71093 0.00181265 -0.01028 1.62613e-07 1.17903e-11 -6.69097e-11 -3.97569e-16 0.619902 -32.5123 3.1405 0.821546 -19.5794 2.29046 -0.00151218 -0.0139713 -0.000259737 9.18329 -28.4612 -5.4602 -4.46115 16.2355 1.37845 0.0898006 -8.28054 1.02784 0.000786 -8.16667 -0.0105158 31.8627 -18.8515 -3.8342 -8.53153 -1.16094 0.653739 0.0434452 -6.74525 5.60425 0.000383215 -2.10901 -0.00778209
1084.08 2608.53 985.779 -112.004 14.7754 9.753 0.00397087 -1.21713 1.1383 -0.0041747 2.40355 -8.79968 2.90001 14.2369 4.29186 6.70724 25.008 2.15487 5.36476 16.8288 4.23362 0.00211805 -0.151713 -0.000368772 18.6664 -0.0117292 9.90214 -27.7836 -7.22617 -84.115 53.1665 9.40644 3.8799 -0.000357453 -0.00202722 -6.32363e-09 -3.28359e-10 -1.86227e-09 3.18055e-15 -28.2874 -4.17841 -15.4445 23.7006 -71.2452 80.5658 -33.21 -10.385 -1.60875 0.000923683 -0.00523847 4.22255e-08 3.67036e-12 -2.0841e-11 -1.98785e-15 0.470137 -33.27 4.23794 0.601418 -20.0812 3.07788 -0.0143336 -0.262995 0.00563535 4.94383 -28.7203 -7.74458 -2.2703 16.3912 0.712901 0.0857015 -7.28782 1.05341 0.000581283 -8.11233 -0.00725077 41.9454 -20.9239 -0.828194 -18.384 0.401329 1.4195 0.0268627 -4.6934 5.6926 0.0015231 -2.12102 -0.00829139
1087.43 2611.13 988.285 -111.929 15.4404 10.014 0.018104 -1.24607 1.32539 -0.00599928 2.24778 -8.7681 2.85044 14.0895 4.14586 6.55737 24.8145 2.01068 5.29528 16.5429 3.96956 0.00222956 -0.111553 -0.00113277 19.4233 -0.0165728 9.48019 -27.7824 -7.49933 -83.2917 53.1176 9.41892 3.83718 0.00143215 0.00812211 -1.01509e-07 -6.68616e-11 -3.79114e-10 -2.22639e-14 -26.4333 -4.1685 -14.2409 20.8911 -72.3844 78.9267 -32.3781 -10.2653 -1.52734 0.000635015 -0.00360135 1.99571e-08 3.21236e-13 -1.71432e-12 -0 -0.31184 -33.6375 5.07094 -0.417169 -20.3531 3.65291 -0.0358196 -0.397241 0.00197493 2.56051 -29.5143 -9.06279 -1.00362 16.4785 0.306362 0.0440349 -4.77558 1.04683 7.24482e-06 -8.09037 -0.00336975 51.9756 -22.5435 3.18354 -26.2799 2.33958 2.45369 0.0231373 -3.71851 5.74652 0.00310693 -2.19672 -0.0114124
1091.29 2611.29 989.023 -112.047 16.2788 9.757 0.0359913 -1.23504 1.60561 -0.0100363 1.95696 -8.6867 2.69857 13.7967 4.144 6.15811 24.3792 2.15844 5.10389 16.0365 3.95608 0.00199443 -0.0739608 -0.00140809 20.7424 -0.0133907 9.46268 -28.2325 -6.96871 -83.0502 52.9197 9.45283 3.76131 0.00300455 0.0170396 -4.46773e-07 3.24894e-12 1.84102e-11 -6.36111e-15 -24.64 -4.12615 -13.0598 18.3494 -72.6936 77.1203 -31.867 -10.1921 -1.47514 0.00066839 -0.00379063 2.211e-08 6.36111e-14 -3.64174e-13 -5.56597e-15 -1.00552 -33.5176 5.91735 -1.31031 -20.3219 4.25921 -0.0411102 -0.274839 -0.00276815 2.6799 -30.7875 -8.81361 -1.17805 16.4091 0.321902 0.00424142 -2.30659 0.99839 -0.000169396 -8.08502 -0.0012829 60.0972 -23.1218 7.41247 -31.3767 4.20178 3.40141 0.0268331 -3.82398 5.77824 0.00355079 -2.30762 -0.0106705
1094.74 2610.55 987.462 -112.093 17.1289 9.076 0.0385589 -1.21261 1.91652 -0.0108754 1.61685 -8.55752 2.43736 13.4059 4.23175 5.58647 23.7453 2.50683 4.7798 15.4003 4.16437 0.00129612 -0.0563254 -0.000657974 22.196 -0.00743225 9.46549 -28.8837 -6.02418 -83.2658 52.5322 9.50994 3.66727 0.00338917 0.0192209 -5.68479e-07 -6.61873e-12 -3.75043e-11 -9.54166e-15 -22.9484 -4.05654 -12.441 17.1862 -71.9976 76.3419 -31.7666 -10.1808 -1.45626 0.000241182 -0.00136781 2.87886e-09 -9.65616e-12 5.46038e-11 1.59028e-15 -1.06332 -32.9911 6.73344 -1.36818 -19.9868 4.88601 -0.0215016 -0.0296256 0.000635701 4.36292 -32.065 -7.44655 -2.3124 16.1865 0.628013 0.000519492 -1.03848 0.91275 -9.70395e-05 -8.08043 -0.000305252 64.8632 -23.0438 10.6624 -33.6818 5.74383 4.12893 0.015777 -4.41896 5.83146 0.00221647 -2.39895 -0.00437475
1097.16 2611.1 983.989 -111.779 17.7743 8.292 0.0235267 -1.21053 2.17661 -0.00656875 1.33777 -8.39893 2.11828 12.9915 4.34763 4.92069 23.0447 2.91654 4.32311 14.7373 4.47787 0.000513286 -0.0786829 0.00123642 23.4313 -0.00411833 9.24954 -29.346 -5.05534 -83.7237 52.0221 9.59006 3.56908 0.00211378 0.0119879 -2.21131e-07 -1.27111e-11 -7.21827e-11 6.36111e-15 -21.4488 -3.98747 -12.7107 17.571 -70.4274 76.8745 -32.0274 -10.2228 -1.47011 -0.000518603 0.00294114 1.33106e-08 -2.9859e-11 1.6932e-10 -7.95139e-15 -0.66009 -32.334 7.00931 -0.820531 -19.517 5.12698 -0.0012276 0.131822 0.0015333 6.23106 -32.9065 -5.90217 -3.55335 15.9814 0.984962 0.00980552 -1.25341 0.824539 1.60329e-05 -8.07154 0.000372701 66.0431 -23.1334 12.3441 -33.6845 7.03744 4.65833 -0.00140572 -5.0872 5.86876 0.000796578 -2.41861 0.00169621
1098.47 2614.16 979.607 -110.994 18.0714 7.695 0.00784968 -1.23322 2.34146 -0.00177837 1.17617 -8.23984 1.81517 12.6185 4.45694 4.19573 22.4125 3.31707 3.76331 14.1185 4.78343 0.000152347 -0.140558 0.00327607 24.2908 -0.00478436 8.83062 -29.3263 -4.23772 -84.2712 51.5029 9.66155 3.49895 0.000490172 0.0027799 -1.18912e-08 -9.6673e-12 -5.47795e-11 -1.59028e-14 -20.1771 -3.95782 -13.7844 18.7087 -68.332 78.0926 -32.4304 -10.2823 -1.50503 -0.000897821 0.00509179 3.9894e-08 -4.49094e-11 2.54596e-10 4.77083e-15 -0.362218 -31.8999 6.19697 -0.420013 -19.2046 4.54568 0.00692271 0.187296 0.000901468 7.52789 -33.2225 -4.87289 -4.53831 16.0013 1.29413 0.00974651 -2.56381 0.774161 0.000123201 -8.06141 0.000774034 64.3676 -23.7888 12.4764 -32.182 8.20875 4.98884 -0.0126619 -5.92563 5.88213 0.000776391 -2.35511 0.00381791
1099.02 2618.82 975.393 -109.893 18.0345 7.34 0.000576008 -1.26364 2.42237 0.000235128 1.11246 -8.11222 1.55684 12.3152 4.55528 3.43412 21.9076 3.69524 3.13635 13.5679 5.03446 0.000141299 -0.214806 0.00402522 24.8167 -0.00617038 8.45634 -28.2667 -3.69716 -84.7624 50.7098 9.57351 3.73658 -0.00339601 -0.0192597 -5.70776e-07 -1.72504e-08 -9.78316e-08 -9.54166e-15 -19.0103 -3.99299 -15.1837 19.3816 -66.0721 78.9303 -32.7794 -10.3319 -1.53161 -0.000554589 0.00314523 1.5222e-08 -1.23692e-11 7.01328e-11 1.59028e-14 -0.345594 -31.7228 4.37001 -0.395853 -19.0863 3.20521 0.00546688 0.167281 0.00213663 8.44196 -33.1962 -4.33996 -5.63739 16.2716 1.67221 -0.00346315 -4.06076 0.800386 -0.000221669 -8.05158 0.00163776 60.5827 -24.8118 11.3174 -29.6847 9.22832 5.06198 -0.0218473 -7.14912 5.91345 0.00132463 -2.24358 0.00288444
1099.26 2623.22 972.052 -108.778 17.7554 7.12 -0.00152475 -1.2909 2.45705 0.000396029 1.08994 -8.03057 1.31334 12.0775 4.6315 2.692 21.5207 4.01996 2.49434 13.0919 5.21702 0.000435758 -0.269737 0.00307218 25.1295 -0.00547918 8.59383 -25.2698 -3.54713 -85.0877 49.065 9.08632 4.67953 -0.0137442 -0.0779472 -9.34904e-06 -1.15175e-07 -6.53191e-07 -0 -17.841 -4.07212 -16.4885 18.8411 -63.6079 78.6409 -33.2153 -10.3967 -1.52435 0.000676439 -0.00383627 2.26457e-08 2.43936e-10 -1.38353e-09 1.03368e-14 -0.257999 -31.5238 2.19443 -0.275371 -18.9391 1.62232 -0.000128072 0.0639786 0.00150064 9.86397 -33.0361 -3.75809 -7.45907 16.6332 2.30875 -0.0438947 -4.75306 0.90582 -0.00169748 -8.03437 0.00485612 54.9878 -25.728 9.10161 -26.266 9.7784 4.7658 -0.0272514 -8.56414 5.95171 0.0012361 -2.14013 0.00151047
1099.38 2626.63 970.084 -107.972 17.2894 6.994 0.00179551 -1.32108 2.47573 0.000105543 1.06419 -7.98831 1.08021 11.9025 4.6548 2.09873 21.2194 4.22875 1.97568 12.7117 5.29796 0.000928556 -0.295868 0.00139076 25.2638 -0.000865998 9.6446 -20.5383 -3.67147 -85.2678 46.6301 8.30763 5.9054 -0.0247043 -0.140105 -3.02046e-05 -2.61227e-07 -1.48149e-06 -1.59028e-15 -16.9725 -4.14307 -17.484 17.2382 -60.4614 77.081 -34.1922 -10.5411 -1.50975 0.00268187 -0.0152097 3.55963e-07 4.23974e-10 -2.40448e-09 -1.51076e-14 0.170534 -31.139 0.320239 0.28583 -18.6647 0.280819 -0.000170206 -0.0246329 0.000292055 12.6357 -32.7989 -2.68288 -10.1386 16.8598 3.21424 -0.110235 -4.08815 1.07367 -0.00399622 -7.99613 0.0116473 47.8563 -26.2303 6.04674 -21.7789 9.76324 4.04883 -0.0219838 -9.64734 5.9482 0.000421642 -2.08 0.00105243
1099.29 2630.33 969.9 -107.644 16.6083 7.044 0.0140018 -1.37352 2.49211 2.66366e-05 1.02393 -7.97133 0.913362 11.7977 4.62501 1.78612 20.9921 4.28627 1.73925 12.4548 5.26629 0.000900689 -0.308315 0.000463098 25.3485 0.00927715 11.5562 -16.1444 -3.68186 -85.5205 44.4076 7.97208 6.24901 -0.0255158 -0.144707 -3.22216e-05 -3.32862e-07 -1.88776e-06 -3.18055e-15 -16.9951 -4.17572 -18.1737 15.4894 -55.9909 74.7549 -36.1483 -10.8124 -1.57744 0.00455251 -0.0258186 1.02572e-06 -4.96644e-10 2.81644e-09 -1.35174e-14 0.576439 -30.6046 -1.19361 0.81108 -18.3171 -0.798015 0.00216293 0.0387688 -0.0017356 17.0484 -32.3767 -1.11686 -13.2722 16.8762 4.20939 -0.16018 -2.2026 1.25161 -0.00541457 -7.92749 0.0199104 39.9647 -26.3106 2.43701 -16.2323 9.66738 3.00401 -0.00731053 -10.1199 5.91738 -0.000309829 -2.06108 0.000606262
1098.75 2636.26 971.508 -107.609 15.6809 7.304 0.0263896 -1.45978 2.51641 0.000112189 0.977755 -7.96143 0.862928 11.7642 4.57497 1.73665 20.8555 4.23509 1.76616 12.3319 5.15878 0.000357039 -0.320444 0.000974107 25.6543 0.0277979 13.6919 -14.25 -3.19983 -86.0326 43.5505 8.59844 5.35235 -0.0154379 -0.0875524 -1.17951e-05 -2.49167e-07 -1.4131e-06 -1.43125e-14 -18.1316 -4.17992 -18.6368 14.4263 -49.9525 72.3587 -39.1187 -11.1887 -1.81105 0.00607385 -0.0344465 1.82581e-06 -4.20794e-09 2.38645e-08 -1.11319e-14 0.224212 -30.1738 -2.78178 0.348162 -18.0466 -1.95257 -0.00124671 0.207104 -0.00429933 22.4519 -31.6113 0.477475 -16.4496 16.6818 5.08818 -0.149449 0.151192 1.30652 -0.00438223 -7.82789 0.0227487 32.6107 -26.0908 -1.29323 -10.3794 10.0816 1.87301 0.00963263 -10.2764 5.8938 -0.000260675 -2.05988 0.000270861
1097.72 2644.91 974.538 -107.233 14.6103 7.545 0.0176737 -1.56884 2.56684 -0.000298805 0.934044 -7.93304 0.905966 11.7948 4.53457 1.76254 20.8285 4.16056 1.80141 12.3123 5.0221 0.000185667 -0.320449 0.00284523 26.3048 0.052144 15.0886 -15.0068 -2.22369 -86.5702 44.2855 9.54168 4.18788 -0.00469849 -0.0266465 -1.09256e-06 -1.1271e-07 -6.39209e-07 -6.36111e-15 -19.8137 -4.15879 -18.7605 13.8167 -42.9885 70.0752 -42.5368 -11.5917 -2.20221 0.0077501 -0.043953 2.97265e-06 -8.57858e-09 4.86516e-08 -1.74931e-14 -1.1815 -30.1553 -4.71169 -1.49214 -18.013 -3.39031 -0.00371618 0.288704 0.00171399 27.3262 -30.469 1.59487 -19.6024 16.1851 5.76844 -0.0898431 2.33353 1.18683 -0.00206233 -7.71386 0.0159983 26.8302 -25.7241 -4.53432 -5.52224 11.1548 0.945139 0.0263593 -10.3478 5.8462 0.00060767 -2.0492 0.000637309
1096.57 2654.87 978.355 -105.789 13.6165 7.37 -0.0178481 -1.69457 2.62183 0.00321587 0.930684 -7.78217 0.941769 11.8579 4.5061 1.6264 20.8993 4.12269 1.56493 12.3271 4.90751 0.000909198 -0.271269 0.0065922 27.1259 0.0477601 15.1083 -17.3761 -1.14368 -86.7353 45.985 10.0583 3.53625 -0.00120703 -0.00684538 -7.21044e-08 -1.47859e-08 -8.38547e-08 2.06736e-14 -20.7683 -4.00489 -18.4251 12.7278 -36.2621 68.0398 -45.6524 -12.0241 -2.78337 0.00428285 -0.0242892 9.07807e-07 -6.21499e-08 3.5247e-07 -0 -3.08551 -30.5695 -6.7707 -3.97759 -18.1987 -4.9611 0.00326105 0.172735 0.00819087 30.6205 -29.0719 2.31076 -22.9825 15.3422 6.33479 -0.0289385 4.23134 1.00325 -0.000758857 -7.61624 0.00503141 22.8321 -25.2866 -6.66224 -2.90964 12.2889 0.415299 0.0454687 -9.85425 5.68945 0.00161224 -2.01215 -0.000244228
1096.18 2664.37 982.009 -102.865 12.9228 6.514 -0.0565568 -1.86801 2.55349 0.0252035 1.08598 -7.27238 0.861774 11.8966 4.4397 1.20915 20.9742 4.10129 0.984149 12.2775 4.81854 0.00316426 -0.151322 0.0116826 27.5234 -0.0344798 13.8565 -20.2433 -0.372491 -86.468 47.9785 10.1342 3.29275 0.000994996 0.0056429 -4.89972e-08 1.49449e-09 8.47574e-09 -4.77083e-15 -19.5735 -3.52731 -17.6057 10.2729 -30.7607 66.7122 -48.0696 -12.636 -3.76311 -0.0176481 0.100087 1.54144e-05 -4.12125e-07 2.33728e-06 1.90833e-14 -4.4864 -31.295 -8.40526 -5.78131 -18.5474 -6.22695 0.0198507 -0.0587809 0.000195596 32.0644 -27.5633 3.03004 -26.7009 14.1557 6.82401 0.00760452 5.91229 0.872913 -0.00099014 -7.55749 -0.00231655 20.2742 -24.8348 -7.31435 -3.2599 12.6292 0.433131 0.0589651 -7.96262 5.38573 0.0018311 -1.94772 -0.00401799
1097.62 2673 984.746 -98.5446 12.5999 5.033 -0.0692606 -2.16018 2.21801 0.071586 1.58545 -6.20335 0.599446 11.8393 4.27023 0.539287 20.8963 4.04164 0.208742 12.0534 4.71908 0.00714253 -0.01048 0.0132126 26.8648 -0.180546 11.8816 -22.2902 -0.177731 -85.9792 49.588 9.96145 3.26546 0.00781156 0.0443016 -3.01998e-06 4.44408e-09 2.52037e-08 6.36111e-15 -15.5303 -2.68041 -16.4305 6.38468 -26.735 66.4576 -49.7752 -13.4972 -5.13744 -0.0608375 0.345022 0.000183175 1.61077e-06 -9.13513e-06 1.27222e-13 -4.67293 -32.1821 -9.18271 -5.99736 -19.0413 -6.82395 0.0419394 -0.236282 -0.00379166 31.7112 -26.104 3.89584 -30.447 12.7117 7.14267 0.0281759 7.45747 0.820097 -0.00243727 -7.54885 -0.0033445 18.8458 -24.5332 -6.6083 -6.34266 12.0086 1.03932 0.0429555 -4.25983 5.12506 0.00127399 -1.87336 -0.00774274
1101.46 2681.07 986.296 -93.422 12.5527 3.272 -0.0521621 -2.65245 1.60373 0.113857 2.56358 -4.61714 0.138097 11.6029 3.97981 -0.331792 20.5135 3.94166 -0.600999 11.5858 4.58552 0.00897273 0.0604756 0.00904037 25.1381 -0.290816 9.81972 -22.4255 -0.630193 -85.4457 50.1813 9.58524 3.57389 0.0163574 0.0927674 -1.32421e-05 1.55958e-08 8.84485e-08 -9.54166e-15 -9.09094 -1.66189 -15.1383 2.23347 -23.6619 67.2005 -50.9229 -14.3747 -6.3285 -0.105534 0.598489 0.000551187 1.05206e-05 -5.96655e-05 5.48805e-12 -3.61243 -32.9461 -9.13264 -4.61001 -19.5572 -6.75079 0.0556914 -0.271718 0.00707643 29.6341 -24.8454 4.60299 -33.707 11.0604 7.14437 0.0553642 8.86689 0.801345 -0.00504977 -7.59742 0.0010335 18.6411 -24.5279 -4.93184 -10.9445 11.065 2.03173 -0.0324236 0.69144 5.23771 0.00157627 -1.81942 -0.00812929
1107.37 2688.64 986.865 -88.1868 12.6606 1.622 -0.0249187 -3.32157 0.901013 0.10964 3.88541 -2.85526 -0.456988 11.1665 3.5913 -1.34446 19.7814 3.8138 -1.4131 10.8835 4.35537 0.00599144 0.0514171 0.00396276 22.9533 -0.274247 8.14408 -20.8443 -1.59808 -84.8 49.6089 9.16235 4.05657 0.0231977 0.131561 -2.66329e-05 2.46312e-08 1.3969e-07 1.59028e-14 -1.84909 -0.794816 -13.965 -0.433224 -20.9352 68.5124 -51.28 -14.8194 -6.43018 -0.124529 0.706205 0.000767459 1.67317e-05 -9.48899e-05 1.38465e-11 -1.83965 -33.3367 -8.6205 -2.32675 -19.917 -6.29732 0.0498841 -0.200829 0.0125994 25.6946 -23.8286 4.62843 -36.0726 9.12895 6.68628 0.0862223 10.042 0.819597 -0.00753629 -7.6932 0.00826125 19.7254 -24.6993 -2.70143 -15.6358 10.6112 3.16301 -0.152897 5.82479 5.66136 0.00360889 -1.80437 -0.0076376
1113.99 2695.53 987.17 -83.4025 12.7868 0.376 -0.00564335 -3.98558 0.384245 0.0644539 5.13035 -1.36677 -1.0353 10.6153 3.1406 -2.32296 18.8373 3.62043 -2.16563 10.0416 3.9628 0.00233358 0.0300282 0.00119776 21.1397 -0.15112 6.93386 -19.1056 -2.81356 -83.801 48.2605 9.0721 4.15163 0.0277224 0.157221 -3.80356e-05 3.11934e-08 1.76907e-07 -1.90833e-14 4.19962 -0.276426 -13.0971 -0.902615 -18.3435 69.9933 -50.2418 -14.6638 -5.33893 -0.117649 0.667192 0.000685004 1.48601e-05 -8.4276e-05 1.09379e-11 0.0379754 -33.2307 -7.92197 0.0559001 -19.9767 -5.70827 0.0316337 -0.0908648 0.00874807 20.2497 -22.9987 3.73749 -37.3766 7.1337 5.8081 0.0862831 10.7077 0.929191 -0.0073758 -7.80267 0.0123296 21.5206 -24.6141 -0.542478 -19.7534 10.9757 4.29091 -0.238392 10.6118 5.91126 0.00575193 -1.81231 -0.0105036
1119.81 2701.54 987.605 -79.464 12.7738 -0.354 0.00267655 -4.43404 0.207094 0.0271483 5.88798 -0.452862 -1.41313 10.0786 2.66365 -2.97589 17.907 3.29814 -2.66284 9.21551 3.41094 0.00176603 0.035555 0.000776295 20.116 -0.0173368 5.98662 -18.5615 -3.92342 -82.3116 46.7867 9.40732 3.7168 0.0310862 0.176298 -4.78258e-05 5.06898e-08 2.87476e-07 -1.59028e-14 7.9639 -0.0971835 -12.6097 -0.0165937 -15.843 71.5966 -47.7375 -14.1695 -3.98957 -0.103523 0.587089 0.000530387 1.11604e-05 -6.32935e-05 6.17028e-12 1.67444 -32.6505 -6.95946 2.09067 -19.696 -4.96034 0.0127494 0.0327988 0.00761466 14.4064 -22.1762 2.20543 -37.6295 5.50787 4.77273 0.0625289 10.349 1.09492 -0.00460446 -7.88059 0.0103236 23.0039 -23.8713 0.769654 -23.4893 11.8842 5.44228 -0.260781 15.2141 5.70041 0.00696285 -1.8061 -0.0194341
1124.09 2706.84 987.795 -76.488 12.4665 -0.669 0.00511551 -4.52182 0.408755 0.0259678 5.95541 -0.28828 -1.45348 9.64788 2.20557 -3.03969 17.1511 2.83696 -2.6836 8.52142 2.79573 0.00226727 0.0468887 0.00228758 19.6601 0.07992 5.02862 -19.4603 -4.67751 -80.4073 45.6806 9.85128 3.17254 0.03229 0.183125 -5.16016e-05 7.75394e-08 4.39748e-07 1.27222e-14 9.51535 -0.265136 -12.6549 1.13242 -13.3646 73.4892 -44.1144 -13.4872 -2.9348 -0.081093 0.459891 0.000325453 7.10092e-06 -4.02713e-05 2.49355e-12 2.94591 -31.6784 -5.45022 3.63545 -19.1014 -3.857 -0.00357924 0.17686 0.00984476 9.42543 -21.217 0.633254 -36.9859 4.59017 3.93752 0.0606525 8.66959 1.1985 -0.00188726 -7.89426 0.00721677 23.6111 -22.3797 0.88096 -27.3531 13.0104 6.87605 -0.299197 20.0207 5.272 0.00660472 -1.75914 -0.0308327
1127.05 2711.48 987.21 -74.412 11.7753 -0.808 0.00504477 -4.21107 0.968944 0.0461616 5.35644 -0.909969 -1.15174 9.31699 1.84077 -2.47312 16.5633 2.32548 -2.16106 7.95413 2.27839 0.00168467 0.061627 0.00746314 19.4244 0.154023 4.02003 -21.2506 -5.01343 -78.3677 44.9281 10.0795 2.93176 0.0303623 0.172192 -4.56243e-05 6.93165e-08 3.93113e-07 -2.22639e-14 9.56215 -0.852833 -13.3157 1.94553 -10.8852 75.5727 -39.5997 -12.5574 -2.01943 -0.04876 0.27653 0.000117667 3.26194e-06 -1.84994e-05 5.47055e-13 3.72932 -30.1641 -3.36009 4.56475 -18.0747 -2.38456 -0.0126597 0.287383 0.0059161 5.9355 -20.1507 -0.464222 -35.6442 4.44172 3.5 0.0717321 5.96157 1.23046 -0.000486883 -7.83991 0.0072631 23.5885 -20.2155 0.126978 -31.0751 14.3356 8.68704 -0.410075 24.9635 5.18468 0.00296808 -1.67485 -0.031044
1129.6 2714.72 985.675 -72.974 10.7297 -1.043 0.00150822 -3.59669 1.8125 0.0581795 4.29262 -2.15496 -0.621196 9.0266 1.63976 -1.48215 16.0482 1.89411 -1.26085 7.43445 1.97695 0.000190132 0.133745 0.0178935 19.2377 0.212968 3.24169 -23.0555 -4.94679 -76.5274 44.1101 10.0475 3.0501 0.0264037 0.149742 -3.45029e-05 2.03153e-08 1.15214e-07 -3.18055e-15 8.82159 -1.84579 -14.2667 2.17108 -8.56464 77.3461 -34.3536 -11.4633 -1.13206 -0.0209391 0.118751 2.16991e-05 9.619e-07 -5.4552e-06 2.22639e-14 3.83266 -27.9338 -1.143 4.69607 -16.5036 -0.871569 -0.00914528 0.273437 -0.00139616 3.38167 -18.9879 -0.934202 -33.6145 4.73203 3.28592 0.060452 3.04306 1.27092 0.000230826 -7.73418 0.00817889 23.4415 -17.3904 -0.828491 -33.2317 15.9865 10.4067 -0.443687 29.3156 5.52179 -0.00133372 -1.58738 -0.0159867
1132.63 2715.91 983.431 -71.775 9.43858 -1.465 -0.00512764 -2.88455 2.7608 0.0493764 3.06722 -3.6426 -0.0144983 8.74926 1.60331 -0.347016 15.5735 1.61529 -0.252364 6.91339 1.90609 -0.00219646 0.295216 0.027602 19.0622 0.228975 2.99549 -24.316 -4.46257 -75.1377 42.8902 9.95768 3.24839 0.0217267 0.123218 -2.33623e-05 -1.86389e-08 -1.05707e-07 -9.54166e-15 7.71047 -3.0226 -14.9279 1.76513 -6.65049 78.3748 -28.8286 -10.6909 -0.596228 -0.0116514 0.0660781 6.71865e-06 2.32978e-07 -1.32128e-06 -1.59028e-14 3.31395 -25.1892 0.580265 4.13959 -14.5641 0.292671 -0.00279087 0.156873 -0.0044682 0.722372 -17.7461 -0.926547 -30.8438 5.09368 3.06202 0.0314391 0.822392 1.32814 0.000750857 -7.61401 0.00642771 23.6184 -13.8852 -1.55838 -32.5703 17.9144 11.2044 -0.129567 32.3571 5.65173 -0.000518419 -1.53281 0.000316157
1136.64 2714.92 980.732 -70.451 8.02279 -1.925 -0.00854932 -2.33108 3.54516 0.0296626 2.00403 -4.87939 0.522303 8.51041 1.64451 0.717315 15.1876 1.45503 0.662466 6.42509 1.96522 -0.00384116 0.505986 0.029584 18.8062 0.173542 3.44743 -25.0112 -3.53218 -74.3679 41.4245 10.016 3.20267 0.0188888 0.107123 -1.76577e-05 -2.1827e-08 -1.23787e-07 -9.54166e-15 6.55511 -4.01863 -14.8853 1.15211 -5.12365 78.7178 -24.058 -10.6222 -0.637814 -0.0149392 0.0847246 1.10455e-05 1.64567e-07 -9.33308e-07 -0 2.68146 -22.4808 1.48791 3.47628 -12.6546 0.939585 -0.00207759 0.0168975 -0.00543823 -2.67134 -16.4841 -0.709834 -27.5412 5.34266 2.75628 0.0103379 -0.336012 1.34606 0.000999412 -7.52634 0.00255291 24.6103 -9.8261 -2.1116 -28.8915 19.6822 10.4376 0.547675 33.683 5.10192 0.00757178 -1.52756 0.0115354
1141.95 2712.47 977.437 -68.753 6.593 -2.196 -0.00275995 -2.07522 3.99127 0.0155336 1.26335 -5.58187 0.910497 8.33929 1.65059 1.64306 14.9252 1.301 1.43892 6.04117 1.98197 -0.0025177 0.705443 0.0244819 18.1972 0.074355 4.63984 -25.4516 -2.24711 -74.3645 40.1001 10.292 2.84554 0.0179089 0.101567 -1.58733e-05 -8.69651e-09 -4.93204e-08 -3.49861e-14 5.59502 -4.59867 -14.2409 0.908179 -3.7964 78.7967 -20.9317 -10.889 -0.968281 -0.0184229 0.104481 1.67975e-05 1.06625e-07 -6.04703e-07 1.27222e-14 2.64688 -20.2966 1.73393 3.54919 -11.0962 1.18141 -0.00432674 -0.106005 -0.00626209 -6.66203 -15.2577 -0.495982 -24.312 5.43582 2.41127 0.00482241 -0.764791 1.3111 0.000874826 -7.50201 -0.000820209 26.9678 -5.64809 -2.89077 -22.9515 20.7019 8.21949 1.31954 33.3236 4.01183 0.0185662 -1.56734 0.0334599
1148.99 2710.01 973.072 -66.519 5.29828 -2.137 0.006098 -2.07473 4.11607 0.0122598 0.793166 -5.8091 1.14897 8.17845 1.55976 2.4309 14.6732 1.06956 2.10636 5.72951 1.83363 0.00122445 0.865623 0.016619 17.1322 0.00385257 6.39373 -25.9127 -0.836671 -75.1285 38.8417 10.6706 2.42149 0.0154154 0.0874248 -1.17608e-05 2.52561e-09 1.43234e-08 -3.18055e-15 4.92895 -4.76101 -13.5499 1.01532 -2.61063 79.0185 -19.2486 -10.6955 -1.07312 -0.0198414 0.112526 1.94837e-05 2.23971e-08 -1.27021e-07 1.27222e-14 3.59587 -18.513 1.70051 4.90635 -9.80435 1.25094 -0.00362 -0.163667 -0.00169315 -10.6525 -14.2305 -0.423613 -21.9527 5.50198 2.15937 0.00224301 -1.0737 1.26939 0.000628355 -7.54334 -0.00266131 31.031 -2.17897 -4.2704 -15.6523 20.8121 5.2846 2.0686 31.5439 2.53122 0.0230859 -1.63306 0.093333
1158.44 2708.49 967.44 -63.612 4.3098 -1.797 0.00697079 -2.19243 4.06192 0.0143327 0.449358 -5.80591 1.28632 7.89324 1.40787 3.03576 14.2144 0.800103 2.65557 5.30642 1.54681 0.0054649 0.995133 0.00910815 15.882 0.00625476 8.19414 -26.4378 0.422182 -76.2846 37.0891 10.9846 2.17668 0.0107766 0.061117 -5.74765e-06 3.00981e-09 1.70695e-08 -9.54166e-15 4.697 -4.64359 -13.3036 0.406146 -1.66593 79.4561 -17.9816 -9.844 -0.809682 -0.0199208 0.112976 1.964e-05 -2.00859e-08 1.13913e-07 3.18055e-15 5.23376 -16.4916 1.58427 7.25702 -8.37288 1.2371 0.000859082 -0.108403 0.0100587 -14.4159 -13.6373 -0.55536 -20.7969 5.75061 2.10781 -0.0018823 -1.77392 1.24058 0.000416636 -7.62959 -0.00332847 36.3977 -0.288461 -6.07459 -7.21832 20.4322 2.19618 2.70674 28.2145 0.850606 0.0138698 -1.69277 0.191378
1171.08 2707.91 961.041 -59.89 3.73257 -1.374 0.00139202 -2.31214 3.96346 0.0134118 0.132523 -5.77818 1.37411 7.40087 1.31311 3.33237 13.4368 0.648139 2.97911 4.60822 1.29556 0.00903535 1.10524 0.00365156 14.8471 0.0479813 9.4197 -26.8776 1.30548 -77.3112 34.5252 11.1251 2.12486 0.010209 0.057898 -5.15815e-06 -1.64221e-08 -9.31342e-08 -3.18055e-15 5.13187 -4.4001 -13.6204 -2.08817 -1.09227 79.9402 -16.4118 -9.0604 -0.537795 -0.0168004 0.0952797 1.39691e-05 -1.897e-08 1.07584e-07 -9.54166e-15 6.84322 -13.8284 1.28708 9.63622 -6.55263 0.995331 0.00258672 0.0289665 0.0152694 -18.1654 -13.6732 -0.791705 -20.5577 6.33661 2.28424 0.00250812 -3.18876 1.20259 0.000314556 -7.7292 -0.00361446 41.8628 -0.220404 -7.48156 2.27057 19.9845 -0.953988 2.90339 23.0675 -0.268773 -0.00482348 -1.7058 0.257479
1187.64 2707.66 954.819 -55.256 3.56035 -1.086 -0.00155334 -2.41876 3.8769 0.00670867 -0.142628 -5.77919 1.39835 6.76569 1.40319 3.15169 12.4582 0.796932 2.9129 3.66481 1.29083 0.0121576 1.18494 0.00106974 14.216 0.053641 9.577 -26.7864 1.70379 -77.7942 31.6443 11.0029 2.12863 0.0206385 0.117047 -2.10807e-05 -1.75711e-07 -9.96508e-07 6.36111e-15 6.30088 -4.14356 -14.3446 -6.14203 -0.764645 80.2946 -14.817 -9.05407 -0.579651 -0.00977101 0.0554141 4.72506e-06 -7.01543e-09 3.97864e-08 -2.54444e-14 7.92987 -10.8334 0.761753 11.2415 -4.55316 0.475765 -0.00404107 0.192521 0.011753 -22.3265 -14.4333 -0.940149 -20.7074 7.34299 2.67557 0.0227098 -5.44828 1.15159 0.000271976 -7.80753 -0.00286941 45.8656 -1.3528 -7.62145 12.1563 19.5335 -4.17073 2.41165 16.2869 0.0228318 -0.0165806 -1.66145 0.21293
1208.28 2707.3 949.684 -49.918 3.66975 -1.093 0.000762351 -2.55401 3.82862 -0.00142947 -0.325557 -5.78772 1.31099 6.17929 1.75393 2.5059 11.561 1.31497 2.45148 2.6984 1.65148 0.0159843 1.2181 0.000368576 13.8271 0.00538483 8.51903 -25.5717 1.59998 -77.5853 29.4324 10.5886 2.10544 0.0404981 0.229675 -8.11703e-05 -6.09989e-07 -3.45942e-06 -1.27222e-14 7.88645 -3.95928 -15.1561 -10.0441 -0.243968 80.4062 -14.1467 -9.75391 -0.971618 -0.00037586 0.00213161 6.99166e-09 7.39464e-09 -4.19371e-08 -6.36111e-15 8.62151 -8.24903 0.254039 12.162 -2.83689 -0.0501366 -0.0176309 0.409377 0.0149293 -27.0481 -15.831 -0.861182 -20.9091 8.68281 3.21806 0.0455062 -8.47689 1.12686 -4.19423e-05 -7.83983 -0.000838477 47.0006 -2.66553 -6.25216 21.3 19.0134 -7.25932 1.48879 8.88725 1.67749 -0.0127913 -1.60024 0.0997647
1232.7 2706.97 945.91 -44.452 3.88878 -1.434 0.00374784 -2.74581 3.84026 -0.00635063 -0.407892 -5.78785 1.11057 5.82015 2.33099 1.67962 10.9659 2.09512 1.82417 1.9536 2.36052 0.0208999 1.21688 0.000527361 13.4776 -0.0374669 6.63545 -22.984 1.09077 -76.8763 28.3548 10.0159 2.18473 0.0562615 0.319072 -0.000156656 -1.305e-06 -7.40102e-06 -9.22361e-14 9.3419 -3.86052 -15.7009 -11.8992 0.86216 80.2206 -15.1785 -10.307 -1.48972 0.00970269 -0.0550267 4.65921e-06 4.18538e-08 -2.37364e-07 1.27222e-14 9.48391 -6.52652 0.0295302 13.259 -1.67913 -0.322946 -0.029115 0.742869 0.0273863 -31.5443 -17.6767 -0.461399 -21.3969 10.038 3.86629 0.0523 -11.7252 1.16724 -0.000504338 -7.82776 0.000875167 44.7634 -3.49639 -3.81187 28.7015 18.3878 -9.87581 0.695697 2.13547 3.67409 -0.00282097 -1.56938 0.0232026
1260.14 2706.55 943.071 -39.55 4.0475 -2.022 0.00333604 -2.97957 3.90902 -0.00715641 -0.415719 -5.77481 0.885701 5.71411 3.00284 1.08703 10.6945 2.93081 1.37304 1.53249 3.27745 0.0258103 1.19617 0.000845553 13.223 -0.0225422 4.54459 -19.6698 0.36073 -75.8321 27.979 9.70291 2.41061 0.0532883 0.30221 -0.000140536 -1.29575e-06 -7.34856e-06 -9.54166e-14 10.2051 -3.77699 -15.7255 -11.4718 2.55545 79.6497 -17.752 -10.1881 -1.74621 0.018052 -0.102378 1.6128e-05 8.24832e-08 -4.67786e-07 1.27222e-14 11.0484 -5.44276 0.0958831 15.3975 -0.941014 -0.361783 -0.027749 1.1008 0.0247947 -34.383 -19.8123 0.421769 -22.622 11.1985 4.71884 0.04237 -14.2056 1.2835 -0.00055666 -7.80318 0.000748781 40.0822 -3.74925 -0.987174 33.6634 17.7561 -11.6222 0.28401 -3.42701 5.09012 0.00275297 -1.58517 0.0042341
1289.41 2705.39 940.847 -35.624 3.99844 -2.701 0.000558189 -3.19902 3.99746 -0.00612427 -0.392559 -5.74885 0.77303 5.7639 3.63485 1.01398 10.6346 3.64233 1.35684 1.41851 4.19344 0.028812 1.15855 0.000467681 13.2242 0.0256815 2.88772 -16.8788 -0.356944 -74.6606 27.6501 9.97939 2.49877 0.0356666 0.202275 -6.29581e-05 -5.82452e-07 -3.30325e-06 -4.77083e-14 10.3266 -3.64248 -15.1069 -10.4371 4.52044 78.6921 -20.9163 -9.93469 -1.6723 0.0205511 -0.116551 2.09024e-05 8.88175e-08 -5.03709e-07 6.36111e-15 13.3111 -4.46053 0.281545 18.6056 -0.279202 -0.352322 -0.0196563 1.20111 -0.010641 -34.0619 -21.9571 2.13072 -24.6646 12.1374 5.90821 0.0350591 -15.2628 1.43825 -0.0010535 -7.82647 -0.00606059 35.0867 -3.45574 1.65623 35.6971 17.2157 -12.1933 0.19509 -7.95406 5.62003 0.00341717 -1.62918 0.00692211
1319.4 2702.7 939.463 -32.401 3.66725 -3.356 -0.00131854 -3.34688 4.06399 -0.00682888 -0.395321 -5.71664 0.830337 5.88225 4.15881 1.37634 10.6949 4.17138 1.74597 1.55829 4.94242 0.0314318 1.12874 -0.000393245 13.4689 0.0539695 2.19912 -15.2772 -0.828855 -73.8679 27.1392 10.6084 2.2478 0.0219714 0.124606 -2.38915e-05 -1.66726e-07 -9.45548e-07 3.18055e-15 9.78748 -3.47121 -13.9798 -10.0411 6.39321 77.5687 -23.7276 -9.94185 -1.50754 0.0149959 -0.0850459 1.11294e-05 4.74961e-08 -2.69364e-07 -0 15.559 -3.31098 0.456399 21.8069 0.476014 -0.419983 -0.0197025 0.940187 -0.0390377 -29.816 -23.6077 5.08991 -26.9283 13.0385 7.42868 0.0459485 -15.2395 1.37105 -0.0062941 -7.96818 -0.0294992 31.9114 -2.43211 3.86998 34.7552 16.5745 -11.5084 0.254366 -11.8879 5.51324 0.00219293 -1.66764 0.00658293
1349.11 2698.37 939.269 -29.164 3.03233 -3.954 -0.00129895 -3.39555 4.09327 -0.0102389 -0.466528 -5.6875 0.985928 6.05191 4.58671 1.85256 10.8811 4.56416 2.27091 1.882 5.48684 0.0377096 1.13622 -0.000843834 13.8009 0.0516967 2.61969 -14.4225 -0.898521 -73.9414 26.595 11.0311 1.89299 0.020388 0.115626 -2.0572e-05 -9.65188e-08 -5.47385e-07 -1.27222e-14 8.7177 -3.3092 -12.8764 -10.3513 7.83714 76.6616 -25.5787 -10.1494 -1.41278 0.00427737 -0.0242582 9.05487e-07 1.04258e-08 -5.91278e-08 1.27222e-14 16.9499 -2.11844 0.612983 23.7477 1.2557 -0.51219 -0.0270322 0.545928 -0.028041 -22.4001 -24.1288 9.24741 -28.0303 14.4694 8.9719 -0.0381203 -15.6191 0.424484 -0.0174703 -8.24249 -0.0579058 31.3009 -0.514106 5.57232 31.3755 15.5725 -9.82973 0.296313 -15.4538 5.20383 -0.00108633 -1.67785 0.00386265
1377.88 2693.09 940.295 -25.352 2.09926 -4.454 -0.00116592 -3.3512 4.08794 -0.0129338 -0.599907 -5.66069 1.12379 6.30551 4.95328 2.1843 11.256 4.88454 2.65071 2.36045 5.9108 0.0490334 1.16956 -0.00328954 14.0654 0.0355406 4.04651 -13.199 -0.567393 -75.1196 26.1519 10.796 1.84748 0.0236662 0.134217 -2.77194e-05 -1.50432e-07 -8.5314e-07 9.54166e-15 7.34023 -3.15806 -12.5392 -10.8833 8.49521 76.4318 -26.306 -10.4676 -1.40232 -0.00665285 0.0377302 2.1905e-06 -4.89037e-09 2.77346e-08 3.18055e-15 17.1936 -1.22476 0.759224 24.0429 1.8572 -0.518349 -0.0298062 0.275271 -0.00704273 -13.8266 -23.0758 13.668 -26.2602 16.9945 9.76297 -0.497469 -18.2453 -1.70633 -0.0154161 -8.54567 -0.0352074 32.4148 2.17237 6.65951 26.3277 14.1176 -7.58874 0.233232 -18.3739 5.00136 -0.00645549 -1.6481 0.00256123
1405.53 2687.86 941.985 -20.813 0.93845 -4.748 -0.00332081 -3.2442 4.05483 -0.0106789 -0.736433 -5.61373 1.17543 6.66235 5.23683 2.30593 11.856 5.13054 2.73006 2.99635 6.27527 0.0595782 1.17171 -0.00879067 14.2175 0.0216176 6.24259 -10.9367 -0.0528672 -77.2227 25.8882 9.94211 2.16582 0.0254576 0.144377 -3.20747e-05 -2.02469e-07 -1.14826e-06 -1.27222e-14 6.06155 -2.98426 -13.463 -11.28 8.07239 77.2519 -26.0655 -10.8854 -1.4713 -0.014589 0.0827385 1.05337e-05 1.13327e-09 -6.42716e-09 -3.18055e-15 16.6512 -0.953544 0.850171 23.2279 2.05683 -0.42895 -0.0187579 0.195397 0.00126344 -6.43597 -20.8125 16.9762 -20.3554 20.6378 8.71474 -1.3088 -23.4984 -3.68745 0.016362 -8.70565 0.0688205 33.7343 5.19843 7.08865 20.3749 12.2881 -5.20038 0.0455116 -19.9864 4.935 -0.0109112 -1.58064 0.000257102
1431.87 2683.52 943.443 -15.771 -0.243433 -4.7 -0.00736363 -3.11467 4.00506 -0.00465871 -0.78227 -5.51341 1.12839 7.05573 5.36903 2.26449 12.5923 5.25951 2.51448 3.72603 6.52291 0.0605135 1.105 -0.0120156 14.3362 0.0147806 8.70107 -8.336 0.371656 -79.6058 26.1174 9.14281 2.45558 0.027319 0.154933 -3.69366e-05 -2.45443e-07 -1.39198e-06 -1.90833e-14 5.39803 -2.78034 -15.4655 -11.4529 6.66871 79.0772 -25.2389 -11.3743 -1.65381 -0.0183418 0.104021 1.66499e-05 2.41385e-08 -1.36896e-07 1.74931e-14 15.9072 -1.4657 0.878118 22.1231 1.72667 -0.296703 0.00289616 0.209997 0.000810555 -1.61172 -18.4356 18.3389 -10.5453 24.3871 5.15754 -1.59152 -29.1907 -3.21918 0.0475923 -8.62878 0.155465 34.2829 7.96736 7.02002 14.1738 10.3532 -3.0873 -0.164101 -19.8825 4.89163 -0.0113722 -1.49663 -0.00300809
1456.71 2680.55 944.152 -10.462 -1.11564 -4.293 -0.00965448 -3.00811 3.96834 -0.000173057 -0.664705 -5.34839 0.990061 7.37703 5.32706 2.07104 13.276 5.28471 2.11377 4.40245 6.59562 0.0534359 1.02133 -0.00786501 14.479 0.0139798 10.7049 -6.56982 0.687886 -81.5097 27.1997 8.95754 2.44661 0.0318139 0.180425 -5.00912e-05 -2.99552e-07 -1.69884e-06 -1.90833e-14 5.65925 -2.59178 -17.7202 -11.2712 4.85128 81.2593 -24.4763 -11.8739 -2.00442 -0.0173859 0.0986003 1.49597e-05 2.86862e-08 -1.62687e-07 3.18055e-15 15.2369 -2.76571 0.9291 21.1143 0.859466 -0.112484 0.0234177 0.217889 -0.00144068 0.747464 -16.9311 17.8245 0.761969 26.8134 0.010677 -0.589311 -31.7856 0.213458 0.0438391 -8.39664 0.116314 34.3323 10.0321 6.72658 8.06794 8.67726 -1.5403 -0.23173 -18.6342 4.88688 -0.00788359 -1.42294 -0.00431188
1480.04 2678.74 944.157 -4.93 -1.42182 -3.721 -0.00796132 -2.95992 3.98539 0.000806077 -0.379284 -5.14545 0.780156 7.55779 5.18169 1.74788 13.7466 5.27966 1.6765 4.86981 6.56275 0.0509418 1.023 0.0021319 14.6223 0.0108936 11.5204 -5.78065 1.06864 -82.3381 29.1032 8.99984 2.35925 0.0401669 0.227796 -7.98478e-05 -4.1114e-07 -2.33169e-06 -1.90833e-14 6.57933 -2.48714 -19.256 -10.5542 3.35454 82.8513 -24.4032 -12.3945 -2.60743 -0.0101549 0.0575915 5.10368e-06 -1.66881e-08 9.46427e-08 1.11319e-14 14.6003 -4.56892 1.02991 20.1549 -0.36002 0.109373 0.0316576 0.208535 -0.00120525 1.7189 -16.6207 16.0634 10.4254 27.4904 -4.79653 0.663746 -29.1258 4.22482 0.0215808 -8.19267 0.038079 34.8841 11.331 6.39348 2.01845 7.54868 -0.578641 -0.141509 -17.4743 4.93425 -0.00323307 -1.37982 -0.00432151
1502.32 2677.03 943.822 0.834 -1.18871 -3.266 -0.00456844 -2.97142 4.0682 -0.000324976 0.0125245 -4.97057 0.560475 7.59707 5.05217 1.41643 13.9617 5.30395 1.36513 5.08905 6.56507 0.0607131 1.14653 0.0130508 14.6507 -0.00972504 10.8198 -5.45201 1.699 -81.8748 31.5716 8.65654 2.52034 0.053789 0.30505 -0.00014319 -7.87631e-07 -4.46688e-06 -3.49861e-14 7.40661 -2.49434 -19.4767 -9.23108 2.66595 83.1419 -25.302 -13.0586 -3.49704 0.0028191 -0.0159879 3.93325e-07 -4.00006e-09 2.26855e-08 -6.36111e-15 13.8506 -6.31812 1.09464 19.0621 -1.56174 0.275578 0.0257948 0.197176 -0.000790769 2.7278 -17.1731 13.8503 16.7188 26.8464 -8.02934 0.848818 -21.815 6.61302 0.00485738 -8.12837 0.00637575 36.7354 12.3237 6.05684 -4.40288 6.7047 -0.0702556 -0.0164884 -17.2089 4.98216 8.03114e-06 -1.3719 -0.00516082
1524.36 2674.06 943.58 6.755 -0.690479 -3.088 -0.0019531 -3.01446 4.18823 -0.00278073 0.406546 -4.89152 0.428565 7.5652 5.02967 1.2452 14.004 5.36479 1.28295 5.17427 6.68683 0.0778701 1.31021 0.0167641 14.4202 -0.041227 8.8832 -5.60677 2.7282 -80.3564 34.54 8.2037 2.79566 0.0745665 0.42288 -0.000275175 -1.58864e-06 -9.0096e-06 -1.39944e-13 7.50434 -2.57609 -18.3943 -6.95302 2.75462 82.004 -27.1386 -13.7337 -4.46199 0.0173376 -0.0983265 1.48768e-05 1.63483e-07 -9.27156e-07 -3.18055e-15 12.8022 -7.47467 1.00118 17.6112 -2.37366 0.276797 0.0135616 0.156999 -0.0023327 4.73592 -18.063 11.8086 19.707 25.3922 -9.51479 0.144137 -12.1488 7.13861 -0.000328808 -8.15892 0.00565111 39.7634 13.609 5.54642 -11.5257 5.57348 0.179074 0.0408819 -17.6241 5.06012 0.00163236 -1.39059 -0.00568259
1546.54 2669.24 943.604 12.665 -0.178524 -3.14 -0.0012005 -3.07243 4.29729 -0.00584014 0.708296 -4.91894 0.426419 7.5304 5.14806 1.27863 13.9772 5.45571 1.37041 5.25991 6.90378 0.0896396 1.39226 0.00989224 13.9866 -0.0477539 6.30647 -6.56225 4.04874 -78.2967 37.9288 8.195 2.91117 0.0960331 0.544614 -0.000456416 -2.21626e-06 -1.2569e-05 -2.41722e-13 6.74782 -2.66499 -16.5109 -3.15738 3.17336 79.8353 -29.5696 -13.9749 -4.99931 0.0262912 -0.149104 3.42096e-05 2.85168e-07 -1.61727e-06 -1.59028e-14 11.3727 -7.71183 0.694365 15.7024 -2.55322 0.0729021 0.0024858 0.0775044 -0.00284658 7.35382 -19.0425 10.0672 20.7605 23.4009 -9.69533 -0.585955 -2.85293 6.20266 0.00424283 -8.1588 0.0149345 42.7019 15.2343 4.74375 -18.8676 4.02486 0.319776 0.0135352 -17.7439 5.16772 0.0022127 -1.42541 -0.00430818
1568.53 2662.93 943.743 18.395 0.333294 -3.289 -0.00387884 -3.18657 4.35564 -0.0079909 0.877876 -5.00746 0.512412 7.52323 5.39619 1.38533 13.9191 5.59146 1.47064 5.37642 7.14527 0.0890472 1.37245 0.00244279 13.63 -0.00566982 3.63252 -8.31497 5.24253 -76.2521 41.303 8.63355 2.90618 0.101184 0.573823 -0.000506689 -1.58569e-06 -8.99289e-06 -1.30403e-13 5.451 -2.71974 -14.4871 1.9123 3.33467 77.2251 -31.9856 -13.6123 -4.7246 0.0237584 -0.13474 2.79359e-05 2.70744e-07 -1.53546e-06 -1.59028e-14 9.63156 -6.99661 0.278805 13.4013 -2.05619 -0.238306 -0.0059168 0.00996836 -0.000928672 8.88008 -20.232 8.21774 21.7577 20.9396 -9.17347 -0.843408 3.92864 4.49892 0.0124079 -8.05362 0.0309399 43.8788 16.6874 3.98416 -25.1555 2.44296 0.395846 -0.068265 -16.6052 5.23059 0.00211072 -1.46686 -0.00209514
1589.97 2655.69 943.833 23.867 0.967002 -3.47 -0.00976573 -3.42894 4.35848 -0.00939075 0.932689 -5.09976 0.636589 7.56031 5.71667 1.45939 13.8443 5.77976 1.51744 5.49229 7.38408 0.0831723 1.33056 0.0016479 13.6273 0.0667631 1.13268 -10.6724 5.96401 -74.554 44.1804 9.119 2.93302 0.0876345 0.496987 -0.000380076 -6.3924e-07 -3.62531e-06 -4.13472e-14 3.89672 -2.75657 -12.7458 7.08602 2.91273 74.6188 -33.8259 -12.8832 -3.74385 0.0110882 -0.0628841 6.08483e-06 1.43963e-07 -8.16457e-07 6.36111e-15 7.7358 -5.5141 -0.100759 10.8686 -1.01167 -0.526644 -0.0106681 0.00542669 0.000509886 7.68261 -21.6963 5.7679 24.1466 17.9263 -8.43507 -0.754172 7.6804 2.95218 0.0163007 -7.86791 0.0449396 41.8791 17.4057 4.00624 -28.7791 1.48507 0.468832 -0.156575 -13.7366 5.2721 0.00165775 -1.50692 -0.000376005
1611.56 2647.55 943.728 29.194 1.76134 -3.764 -0.0158403 -3.83428 4.33548 -0.0117492 0.922996 -5.16422 0.786533 7.62908 6.03644 1.52936 13.7707 5.99012 1.56015 5.56625 7.62201 0.0837954 1.33507 0.00331846 13.9998 0.125705 -1.19684 -13.439 6.24344 -73.2157 46.4409 9.26223 3.06753 0.0763291 0.432875 -0.000288338 -4.66334e-07 -2.64471e-06 3.18055e-15 2.10584 -2.78651 -11.3764 10.7348 2.01064 72.1974 -34.6649 -12.2844 -2.67361 -0.0029168 0.016542 4.21057e-07 2.44604e-08 -1.38722e-07 6.36111e-15 5.83192 -3.49109 -0.4371 8.27052 0.399494 -0.767945 -0.00960659 0.0456547 0.000626056 3.39151 -23.015 2.6334 28.418 14.2558 -7.62763 -0.560951 9.17585 2.07854 0.0140738 -7.66413 0.0492687 36.1174 17.2231 5.2997 -28.7337 1.50711 0.624778 -0.211132 -9.38086 5.36939 0.00101224 -1.5393 0.00122598
1635.17 2637.82 943.223 34.517 2.53807 -4.292 -0.0170666 -4.33852 4.32865 -0.0146852 0.901334 -5.19827 0.983538 7.70721 6.30571 1.70911 13.7313 6.17248 1.68658 5.57948 7.85617 0.091207 1.36156 -1.69853e-05 14.4614 0.142914 -3.51022 -16.2867 6.33075 -72.008 48.2968 9.00231 3.31869 0.0851641 0.482978 -0.00035895 -1.24202e-06 -7.04382e-06 -9.22361e-14 0.19259 -2.78081 -10.3471 11.8332 1.00272 70.0059 -34.3867 -12.0464 -1.99988 -0.0103536 0.0587179 5.30527e-06 5.06392e-10 -2.87196e-09 3.18055e-15 3.94344 -1.25506 -0.909367 5.63503 1.93515 -1.06309 -0.00492742 0.0719705 -1.74842e-05 -2.8189 -23.5151 -0.661795 33.7429 10.2752 -6.57427 -0.32786 9.55275 1.83128 0.00842092 -7.48468 0.0408716 27.3585 16.3299 7.57618 -25.364 2.53042 0.92905 -0.22293 -4.71239 5.49342 0.000182696 -1.55721 0.00318192
1662.56 2625.91 942.077 39.891 2.99436 -5.052 -0.0113591 -4.7893 4.35745 -0.0159137 0.907246 -5.20743 1.20057 7.78087 6.49966 2.01254 13.76 6.29114 1.88759 5.565 8.06677 0.0912521 1.32331 -0.00740939 14.6785 0.119076 -5.89043 -18.6653 6.2652 -70.6987 49.8657 8.66316 3.65611 0.103574 0.587375 -0.000530904 -2.67465e-06 -1.51687e-05 -3.4668e-13 -1.47114 -2.7079 -9.76295 10.7129 0.248878 68.2593 -33.2499 -11.974 -1.6352 -0.0129388 0.0733793 8.2854e-06 1.35709e-08 -7.69646e-08 -1.27222e-14 2.05585 0.739736 -1.73912 2.95822 3.29961 -1.54438 -0.00134817 0.0556646 -0.000620539 -8.97949 -22.9591 -3.22797 38.2765 6.84457 -5.22162 -0.0856805 9.88432 1.87536 0.00251399 -7.35417 0.0225964 17.3833 15.0871 10.0938 -20.283 4.60975 1.4069 -0.180559 -1.40336 5.54958 -0.000537194 -1.55896 0.00420106
1694.18 2612.45 940.157 45.316 2.97818 -5.91 -0.00316564 -5.07508 4.41062 -0.0146795 0.957261 -5.20137 1.33204 7.84788 6.60212 2.2486 13.8561 6.34206 2.01363 5.5568 8.19883 0.0735769 1.18053 -0.0118732 14.4969 0.0710012 -8.20035 -20.0088 5.7646 -69.2298 50.834 8.59414 3.98938 0.105457 0.598054 -0.000550386 -3.41228e-06 -1.9352e-05 -5.725e-13 -2.49227 -2.57875 -9.85988 8.38717 -0.101321 67.4114 -31.5707 -11.8609 -1.38324 -0.0139674 0.0792131 9.65518e-06 2.77207e-08 -1.57212e-07 9.54166e-15 0.316672 2.15163 -2.88801 0.471141 4.29156 -2.20227 0.000461343 0.0259157 -0.000243905 -13.7099 -21.8223 -4.47384 40.4944 4.78116 -4.00518 0.130908 10.9793 1.9889 -0.00185949 -7.29696 0.00593077 8.31622 13.9218 12.1832 -15.8592 7.71697 2.11005 -0.0995135 -0.570852 5.57203 -0.000615281 -1.55173 0.00353196
1728.94 2598.96 937.77 50.654 2.57268 -6.696 0.00177551 -5.19799 4.46872 -0.0126732 1.03625 -5.19525 1.29843 7.92079 6.56855 2.23803 14.0177 6.29805 1.97634 5.58049 8.1575 0.0423343 0.972865 -0.0114239 13.9976 0.0306493 -10.101 -20.0161 4.5909 -67.6409 50.822 8.79879 4.2049 0.0860854 0.488202 -0.000366758 -2.71635e-06 -1.54052e-05 -3.94389e-13 -2.80863 -2.44711 -10.553 5.80144 -0.188269 67.6438 -29.6004 -11.6431 -1.16658 -0.0135199 0.0766754 9.04645e-06 3.95568e-08 -2.24338e-07 1.27222e-14 -0.95362 2.89621 -4.02137 -1.3443 4.85126 -2.86782 0.00111528 0.0460247 0.00291455 -16.7224 -20.7926 -4.43774 40.1141 4.44712 -3.53977 0.287104 13.2667 2.13262 -0.00431825 -7.31999 -0.00215185 1.97121 13.0996 13.3309 -14.1861 11.7155 3.38671 -0.0460783 -2.05583 5.66785 -0.000139235 -1.54466 0.00238035
1765.16 2587.13 935.591 55.703 2.00198 -7.339 0.00175418 -5.24788 4.52636 -0.0116071 1.11083 -5.20583 1.1302 8.00871 6.35265 1.99001 14.2444 6.1081 1.82633 5.65872 7.86673 0.010954 0.773586 -0.0089773 13.426 0.0147211 -11.2872 -18.747 2.84963 -65.9458 49.8565 9.02538 4.27846 0.0657539 0.372903 -0.000213977 -1.90568e-06 -1.08076e-05 -1.7175e-13 -2.77108 -2.34577 -11.2689 3.48354 -0.287192 68.5194 -27.5575 -11.3221 -0.973528 -0.0107967 0.061231 5.7691e-06 3.25657e-08 -1.84689e-07 9.54166e-15 -1.4707 3.12601 -4.79119 -2.07205 5.03952 -3.35241 -0.00191084 0.171303 0.0110266 -18.4645 -20.2426 -3.44039 38.2881 5.63903 -4.06057 0.331485 16.6161 2.33527 -0.00445143 -7.39647 -0.00503417 -0.793919 12.5766 13.2097 -16.1642 16.269 5.8827 -0.0841057 -4.53918 5.81379 -0.000186192 -1.54195 0.00230346
1801.26 2577.87 934.225 60.336 1.47443 -7.871 -0.00182418 -5.33408 4.58858 -0.0107333 1.1592 -5.25159 0.939814 8.11141 5.96398 1.66303 14.5226 5.75835 1.6545 5.79607 7.33985 -0.00909742 0.637377 -0.00546081 13.0893 0.0110449 -11.8419 -16.5083 0.883922 -63.9892 48.3985 9.06533 4.27777 0.0628896 0.35666 -0.000195741 -2.31483e-06 -1.3128e-05 -2.60805e-13 -2.72961 -2.2735 -11.4101 1.38617 -0.507057 69.3231 -25.8759 -10.9859 -0.87126 -0.00649541 0.0368373 2.08806e-06 1.27292e-08 -7.21911e-08 -1.27222e-14 -1.18083 3.08298 -5.06142 -1.65252 4.99746 -3.56116 -0.00861878 0.366913 0.014711 -19.537 -20.1167 -1.81039 36.834 7.81401 -5.37452 0.218799 20.6173 2.69283 -0.00279241 -7.4867 -0.00518041 -0.135387 11.889 11.7498 -21.338 21.0807 10.1978 -0.199265 -6.39792 5.93136 -0.00104837 -1.54178 0.00382879
1835.9 2570.48 933.796 64.557 1.09265 -8.244 -0.00789535 -5.51024 4.64659 -0.00833407 1.18119 -5.34784 0.802527 8.22688 5.47326 1.37984 14.8178 5.29534 1.48978 5.99991 6.67938 -0.0135363 0.596345 -0.000825235 13.2919 0.00764643 -12.1771 -13.7639 -1.02316 -61.5686 47.1322 8.97529 4.18263 0.0735501 0.417116 -0.000267725 -4.27954e-06 -2.42705e-05 -9.00097e-13 -2.70937 -2.22314 -10.9212 -0.725363 -0.692654 69.6457 -25.4018 -10.8218 -0.951695 -0.00247395 0.0140304 3.02907e-07 1.03451e-09 -5.86706e-09 1.27222e-14 -0.325885 2.85694 -4.96393 -0.445983 4.81389 -3.56097 -0.0126632 0.48887 0.00366366 -20.1243 -20.0846 0.070255 36.7163 10.3816 -7.14005 -0.0563516 25.0464 3.29183 -0.00209276 -7.55969 -0.000652948 3.00138 10.289 9.19058 -28.2258 26.2166 16.3793 -0.193667 -6.85118 5.98009 -0.000693099 -1.54795 0.00419515
1868.05 2563.55 933.967 68.491 0.913903 -8.378 -0.0151711 -5.77899 4.69197 -0.00432688 1.18599 -5.49851 0.701695 8.35841 4.98696 1.12008 15.0927 4.83765 1.27196 6.27347 6.03962 -0.00711816 0.641035 0.0021434 14.1961 0.0130742 -12.7168 -11.1094 -2.80262 -58.7435 46.6818 8.92955 3.89865 0.0847012 0.480353 -0.000355059 -6.92389e-06 -3.92674e-05 -2.39496e-12 -2.53594 -2.1862 -10.3795 -2.78144 -0.587046 69.6339 -26.9579 -10.9686 -1.2746 0.00263229 -0.0149285 3.42923e-07 -3.16805e-08 1.79669e-07 2.54444e-14 0.69212 2.37367 -4.73023 0.970465 4.4664 -3.48236 -0.0127038 0.472795 -0.00766709 -19.8701 -19.7839 1.90851 37.692 12.7226 -9.02115 -0.400858 29.7688 3.95692 -0.00436212 -7.59198 0.00779434 7.22235 7.30968 6.20508 -34.6174 31.8928 23.2262 0.0898974 -6.23262 5.8718 0.00179887 -1.57609 -0.0019733
1897.22 2556.15 934.42 72.131 0.958892 -8.311 -0.0188856 -6.10075 4.73965 -0.000797906 1.17953 -5.67596 0.6203 8.51403 4.6005 0.906502 15.3469 4.49539 1.0314 6.59853 5.5649 0.00256163 0.727226 0.00261838 15.7119 0.0306677 -13.6721 -9.07024 -4.53878 -55.8359 47.3574 8.92019 3.53329 0.0936818 0.531281 -0.00043434 -8.43779e-06 -4.78531e-05 -3.50179e-12 -2.20945 -2.1661 -10.4463 -4.35784 -0.123233 69.7346 -30.7688 -11.4182 -1.88424 0.0141412 -0.0801989 9.89699e-06 -2.22828e-07 1.26372e-06 -2.22639e-14 1.53944 1.59324 -4.50441 2.12816 3.92349 -3.39015 -0.0133564 0.397731 -0.00527192 -18.1522 -18.906 3.6487 38.958 14.2331 -10.6751 -0.532867 34.1931 4.07892 -0.00745654 -7.57753 0.0159121 11.4855 3.25981 3.6086 -37.8335 38.3508 28.0272 0.214213 -5.54556 5.49489 0.00341359 -1.63141 -0.0203808
1923.67 2548.28 935.305 75.23 1.1511 -8.218 -0.0149026 -6.394 4.81073 0.000319928 1.16735 -5.822 0.623456 8.71181 4.37122 0.937138 15.622 4.30221 0.985243 6.96628 5.33576 0.0127594 0.822336 0.00202761 17.4242 0.034139 -14.901 -7.81033 -6.36834 -53.2889 48.9605 8.85941 3.35091 0.100736 0.571283 -0.000502213 -7.74507e-06 -4.39245e-05 -2.98654e-12 -2.12895 -2.18444 -11.1937 -5.04143 0.453125 70.0927 -36.2755 -12.0509 -2.73975 0.0376037 -0.21326 6.99822e-05 -9.91886e-07 5.62526e-06 4.13472e-14 2.01758 0.593435 -4.37094 2.75757 3.22679 -3.32082 -0.0149157 0.340113 0.000504297 -14.5339 -17.1708 5.35306 39.7673 14.421 -11.6763 -0.131175 37.0603 3.12003 -0.00919529 -7.5271 0.0244605 15.5471 -0.884247 1.83311 -35.2311 45.0125 27.4453 -0.601327 -5.72448 4.94639 0.00258959 -1.69031 -0.0425221
1947.82 2540.93 937.145 77.557 1.37559 -8.304 -0.00542612 -6.58832 4.91753 -0.000244466 1.1582 -5.89523 0.802687 8.95406 4.32745 1.41533 15.961 4.24237 1.3469 7.36599 5.36591 0.023724 0.901796 -0.000267463 18.7447 0.00176795 -16.1687 -6.95694 -8.3704 -51.2733 50.9179 8.72421 3.47347 0.105954 0.60087 -0.000555581 -6.37709e-06 -3.61663e-05 -2.00375e-12 -2.768 -2.24106 -12.0619 -4.80717 0.716746 70.3498 -42.4339 -12.7072 -3.68059 0.0736666 -0.417777 0.000268574 -3.01136e-06 1.70783e-05 4.64361e-13 2.04201 -0.39675 -4.45806 2.75466 2.53058 -3.37002 -0.0133087 0.285905 -0.000549542 -9.06634 -14.4442 7.02268 39.8844 13.0709 -11.6053 0.68278 37.3105 1.4581 -0.0116946 -7.44935 0.0400005 19.6577 -4.21728 0.9294 -26.3411 49.3414 20.3723 -1.91778 -6.89179 4.5487 0.00120213 -1.71868 -0.046152
1969.6 2535.34 940.21 79.138 1.59413 -8.636 0.00493269 -6.64112 5.06276 -0.000916488 1.15675 -5.89948 1.14563 9.20771 4.48426 2.29793 16.3478 4.29451 2.0837 7.76831 5.61983 0.0329283 0.922953 -0.00483377 19.3616 -0.0457163 -17.357 -5.93536 -10.5102 -49.624 52.8183 8.58711 3.76766 0.105944 0.600817 -0.000555483 -5.22818e-06 -2.96505e-05 -1.36446e-12 -4.18159 -2.28753 -12.4201 -3.88645 0.313647 70.0638 -48.3644 -13.2722 -4.48195 0.112393 -0.637384 0.00062516 -5.04756e-06 2.86261e-05 1.26904e-12 1.64027 -1.16511 -4.95527 2.17602 1.98776 -3.69446 -0.00914956 0.195048 -0.00293325 -2.48062 -10.9877 8.44046 39.5516 10.6556 -10.3474 1.26042 35.0609 0.287505 -0.0170505 -7.34632 0.0563208 23.9157 -6.45099 0.865279 -16.0324 48.8943 11.3882 -2.27548 -8.77107 4.47921 -0.000211105 -1.70734 -0.037793
1988.36 2532.03 944.006 80.2192 1.88794 -9.08 0.0113084 -6.54766 5.24032 -0.00121421 1.16185 -5.87004 1.52026 9.42226 4.81594 3.27516 16.7104 4.43615 2.90622 8.12221 6.02072 0.0335059 0.850022 -0.00745555 19.4976 -0.0635191 -18.3114 -4.60785 -12.7043 -48.4004 54.7416 8.53504 4.06393 0.0914045 0.518366 -0.00041348 -3.38147e-06 -1.91773e-05 -5.53417e-13 -5.93213 -2.28358 -12.0229 -2.78882 -0.843756 69.051 -53.6325 -13.7599 -4.95826 0.133743 -0.758452 0.000885226 -3.16946e-06 1.79749e-05 4.96167e-13 0.966304 -1.6893 -5.88877 1.25109 1.62997 -4.33114 -0.00576201 0.0981445 -0.00181948 3.77631 -7.54292 9.33091 39.1074 8.10383 -8.28358 1.12356 31.996 0.378518 -0.0211643 -7.22665 0.0522655 28.0741 -7.79278 1.55109 -9.28135 44.3257 5.46464 -1.53092 -11.1679 4.66905 -0.000621948 -1.68302 -0.029208
2003.56 2530.82 947.365 81.0762 2.39887 -9.414 0.00572968 -6.34723 5.43047 -0.00092491 1.1707 -5.83493 1.7975 9.54128 5.23068 4.03215 16.9473 4.61487 3.51816 8.33734 6.45733 0.0240067 0.717131 -0.00546401 19.7432 -0.0417908 -18.8232 -3.45092 -14.7901 -47.9714 57.0789 8.56496 4.3938 0.0558486 0.31673 -0.000154365 -1.20099e-06 -6.81115e-06 -6.04305e-14 -7.4247 -2.26059 -11.1377 -2.38341 -2.55166 67.5374 -58.135 -14.2977 -5.20041 0.125494 -0.711673 0.000779392 1.13854e-06 -6.45697e-06 5.24792e-14 0.241504 -1.99371 -6.97819 0.280832 1.44928 -5.08687 -0.00351823 0.0390108 -0.000204786 8.33135 -4.94978 9.7495 38.7251 6.07057 -6.14622 0.571241 30.5723 1.18125 -0.0169311 -7.12006 0.0316223 31.8695 -8.59257 2.85151 -6.12907 37.4424 2.65138 -0.56996 -13.7432 4.96303 0.000332381 -1.67287 -0.0203707
2015.53 2531.03 949.185 81.8743 3.18182 -9.431 -0.0172065 -6.08985 5.60069 0.000914367 1.17577 -5.79319 1.93596 9.54923 5.59203 4.45109 16.9966 4.73948 3.81874 8.37235 6.77865 0.0124498 0.596829 -0.00242683 20.5184 -0.0164889 -18.6806 -2.9633 -16.5879 -48.6403 60.019 8.5868 4.8581 0.00976078 0.0553561 -4.71517e-06 -2.01632e-07 -1.14351e-06 -0 -8.28843 -2.27887 -10.1859 -3.30231 -4.44763 65.9203 -62.0518 -14.9058 -5.44834 0.0977991 -0.554629 0.000473356 2.6082e-06 -1.47918e-05 3.4191e-13 -0.396964 -2.15408 -7.82235 -0.569345 1.38262 -5.66862 -0.0014491 0.0109089 0.000120049 10.5906 -3.64465 9.86341 38.3168 4.79586 -4.60691 0.162489 32.2466 1.81424 -0.0081403 -7.06024 0.012871 35.0573 -9.1334 4.48785 -5.17867 29.5633 1.52778 0.0320711 -15.9963 5.25019 0.000386005 -1.67085 -0.0102987
2025.49 2531.94 949.208 82.7676 4.15434 -8.998 -0.046928 -5.8377 5.72965 0.00573018 1.15914 -5.7366 1.9537 9.48706 5.77631 4.55301 16.9057 4.73686 3.85878 8.29634 6.83512 0.00567402 0.516919 -0.00102496 21.6699 -0.00874966 -17.9148 -2.91947 -17.9951 -50.1193 63.294 8.44971 5.40127 -0.0162222 -0.0920004 -1.3024e-05 -5.14787e-08 -2.9195e-07 -9.54166e-15 -8.49948 -2.35271 -9.3733 -5.56174 -6.27828 64.4523 -65.7003 -15.3754 -5.84943 0.0828931 -0.4701 0.000340062 2.97881e-06 -1.68937e-05 4.34146e-13 -0.958971 -2.30449 -8.22046 -1.33127 1.31833 -5.92402 0.000729978 -0.00451465 -6.0358e-05 11.0879 -3.46812 9.61436 37.4214 4.26764 -3.81666 0.00786891 36.6618 2.10528 -0.00372943 -7.0623 0.00278783 37.3354 -9.67923 6.06466 -5.46418 21.8305 1.1901 0.217816 -17.2199 5.41669 -0.00146739 -1.6443 -0.00238973
2035.17 2533.41 948.079 83.9499 5.14037 -8.186 -0.06061 -5.64295 5.82174 0.0124113 1.10016 -5.66539 1.86352 9.41923 5.76499 4.35124 16.7903 4.6469 3.68316 8.22916 6.59111 0.00339806 0.448031 -0.000247731 22.624 -0.00961038 -16.9749 -2.28859 -18.9903 -51.4602 66.3871 8.13214 5.89799 -0.00697269 -0.0395441 -2.40619e-06 -1.18027e-07 -6.69364e-07 1.27222e-14 -8.19001 -2.44174 -8.79425 -8.7128 -8.03393 63.2796 -69.2167 -15.5514 -6.3894 0.0975967 -0.553481 0.000471399 5.06931e-06 -2.87495e-05 1.27222e-12 -1.5111 -2.50963 -8.32606 -2.10107 1.20441 -5.96301 0.00207541 -0.00741131 -0.000188166 11.1189 -3.83388 8.94561 35.6937 4.38987 -3.50948 -0.141211 42.0087 2.36354 -0.00367631 -7.114 -0.000616292 38.3443 -10.3943 7.28736 -6.29793 15.354 1.15072 0.158266 -16.9885 5.38934 -0.00344306 -1.57092 -0.000421597
2046.37 2535.87 946.984 85.4294 5.93171 -7.219 -0.0478951 -5.51742 5.90298 0.016276 0.992992 -5.57769 1.65971 9.41781 5.62976 3.83837 16.7816 4.57898 3.28483 8.27345 6.15842 0.00288197 0.35277 0.0020126 22.8556 -0.00683165 -16.3568 0.00799369 -19.7199 -51.8409 68.8545 7.8102 6.29544 0.0179936 0.102047 -1.60238e-05 -2.97229e-07 -1.68567e-06 -3.18055e-15 -7.53657 -2.50249 -8.39008 -12.187 -9.78813 62.2891 -72.5449 -15.5711 -6.97401 0.122735 -0.69603 0.000745503 8.10335e-06 -4.59564e-05 3.24178e-12 -2.01504 -2.78927 -8.37118 -2.81472 1.03078 -5.9659 0.00267652 -0.00536502 0.000102962 11.7002 -4.18071 8.02514 33.4255 5.01868 -3.45196 -0.387817 46.4986 2.69045 -0.00286925 -7.1861 -0.00332044 37.9924 -11.2312 7.96175 -7.18903 11.0328 1.17614 0.0345816 -15.783 5.26914 -0.00394677 -1.45929 -0.00204014
2060.18 2539.91 946.852 86.9826 6.38969 -6.325 -0.021958 -5.4436 5.99733 0.0141422 0.856833 -5.45818 1.33712 9.52064 5.44094 3.04707 16.96 4.59571 2.65314 8.44346 5.71228 0.00279445 0.224564 0.00666393 22.3116 0.00561503 -16.3023 4.30139 -20.2686 -51.0081 70.5842 7.62304 6.59484 0.0356092 0.201949 -6.27556e-05 -6.53858e-07 -3.70822e-06 -2.8625e-14 -6.81877 -2.52543 -7.93825 -15.4986 -11.4123 61.1092 -75.7353 -15.696 -7.55654 0.130007 -0.737262 0.000836452 9.03023e-06 -5.1213e-05 4.04129e-12 -2.27198 -3.16093 -8.34304 -3.17758 0.777578 -5.94373 0.00261027 -0.00890857 0.000286063 13.3041 -4.17154 7.13282 31.3356 5.92239 -3.55879 -0.578957 49.4846 2.8876 0.000721261 -7.26235 -0.00808363 36.8766 -11.9504 8.07219 -7.8752 9.15894 1.25481 -0.0327922 -14.7005 5.19215 -0.00292455 -1.3377 -0.00221625
2076.74 2546.05 947.588 88.2524 6.48473 -5.631 -0.0023007 -5.38644 6.09999 0.00840765 0.723281 -5.28928 0.901643 9.7088 5.23576 2.04295 17.2806 4.68883 1.81288 8.66937 5.41289 0.00336989 0.0881026 0.0117744 21.4842 0.0202469 -16.8169 10.2243 -20.4836 -49.0416 71.5818 7.57473 6.80633 0.043048 0.244136 -9.17133e-05 -9.52962e-07 -5.40452e-06 -5.56597e-14 -6.16013 -2.51948 -7.35167 -18.2927 -12.6512 59.5906 -78.8155 -16.0534 -8.1108 0.0989393 -0.561094 0.000484457 5.60662e-06 -3.17967e-05 1.56165e-12 -2.03358 -3.63097 -8.00354 -2.83146 0.416927 -5.73593 -0.000669381 0.00227588 0.00022845 15.7016 -3.73483 6.44265 30.1038 6.95169 -3.89305 -0.589771 51.0298 2.81762 0.00389718 -7.35024 -0.0128864 35.8545 -12.2458 7.79218 -8.17058 9.21519 1.40959 -0.0398302 -14.7366 5.18041 -0.00136433 -1.23438 -0.00026857
2095.17 2554.33 948.205 89.0091 6.29486 -5.108 0.00494157 -5.32338 6.18315 0.00369458 0.614051 -5.08239 0.355247 9.91832 5.0209 0.863294 17.6181 4.82234 0.793076 8.86612 5.32438 0.00526387 -0.0248668 0.013656 21.1204 0.0157027 -17.6834 16.9592 -20.1751 -46.2941 71.8288 7.62536 6.91637 0.045435 0.257673 -0.000102166 -1.10218e-06 -6.25077e-06 -2.70347e-14 -5.3508 -2.50208 -6.87156 -20.4056 -13.3649 58.0938 -81.5576 -16.3908 -8.60532 0.0548018 -0.310793 0.000148633 2.96003e-06 -1.67872e-05 4.32456e-13 -1.14213 -4.17354 -7.20954 -1.56616 -0.0353825 -5.22698 -0.00734214 0.0523723 0.000691426 17.9053 -3.10636 5.96771 29.5575 8.16252 -4.55876 -0.589686 51.3774 2.69151 0.00118282 -7.45641 -0.0129079 35.1605 -12.0369 7.30402 -7.86155 10.2308 1.51366 -0.0290482 -15.8677 5.23407 -0.000344133 -1.1645 0.00125454
2113.72 2564.1 947.628 89.3482 5.99962 -4.667 0.00419528 -5.26097 6.22981 0.00144599 0.536328 -4.88646 -0.290809 10.0624 4.82117 -0.483308 17.8424 4.98974 -0.387063 8.98112 5.39518 0.00729308 -0.107198 0.0110366 21.7944 -0.0119311 -18.6246 23.3628 -19.3376 -43.3948 71.4434 7.78062 6.89856 0.0372246 0.21111 -6.85785e-05 -8.18919e-07 -4.64432e-06 -2.22639e-14 -3.97534 -2.49043 -7.07276 -21.9313 -13.7086 57.3589 -83.3202 -16.2205 -8.95234 0.0666843 -0.37818 0.000220075 2.86014e-06 -1.62207e-05 3.84847e-13 0.381938 -4.61458 -6.18698 0.569825 -0.414036 -4.55058 -0.0106367 0.102856 0.000596159 18.6035 -2.74424 5.77521 28.6415 9.74999 -5.54794 -0.76419 50.942 2.73098 -0.00654826 -7.55875 -0.0100584 34.1304 -11.5145 6.70984 -6.84504 11.1565 1.43543 -0.0225769 -16.8502 5.29145 1.82797e-05 -1.12929 0.00062885
2130.71 2574.32 945.812 89.4089 5.78277 -4.229 -0.000738814 -5.20824 6.24265 0.000426391 0.486985 -4.75385 -0.965449 10.1 4.69548 -1.91092 17.8971 5.20901 -1.6399 9.03223 5.56957 0.00660826 -0.169086 0.00477226 23.4993 -0.0283494 -19.4191 28.4578 -18.2885 -41.0292 70.6059 7.99643 6.75144 0.0184329 0.104538 -1.68157e-05 -3.69955e-07 -2.09812e-06 9.54166e-15 -1.69813 -2.46767 -8.41409 -23.2069 -14.1501 57.8724 -83.3004 -15.8426 -8.97583 0.0958449 -0.543547 0.000454629 6.10313e-07 -3.46126e-06 2.02139e-14 2.21376 -4.65923 -5.46846 3.13289 -0.479403 -4.08395 -0.00902152 0.121853 -8.84631e-05 16.8863 -3.16044 6.0108 26.5366 12.0246 -6.73097 -1.00636 50.217 2.83199 -0.00672458 -7.61818 -0.016963 31.8328 -10.9162 6.00545 -5.43112 11.2775 1.2371 -0.0392205 -16.3059 5.1352 0.000196369 -1.12576 -0.000515678
2145.18 2584.13 943.784 89.2336 5.74539 -3.747 -0.00725392 -5.14529 6.2173 -0.000471457 0.459206 -4.7005 -1.56641 10.0628 4.6909 -3.24328 17.8438 5.48936 -2.82569 9.0636 5.82586 0.00187018 -0.196158 -0.00353372 25.6663 -0.0110118 -19.9008 31.788 -17.4387 -39.6692 69.6822 8.13348 6.56036 0.00506829 0.0287437 -1.27131e-06 -1.05305e-07 -5.97212e-07 -0 1.28561 -2.39612 -10.6604 -24.4472 -15.0877 59.3385 -81.4301 -16.047 -8.60328 0.0322279 -0.182773 5.14035e-05 -3.80881e-07 2.16009e-06 2.5842e-14 3.76325 -4.18037 -5.54235 5.32396 -0.179541 -4.19833 -0.00893629 0.196564 -0.00271595 12.9069 -4.69789 6.62261 23.3347 15.307 -7.82172 -1.04284 49.4277 2.73807 0.00729108 -7.61513 -0.0324673 27.923 -10.3989 5.16696 -4.16655 10.6208 1.03722 -0.0686911 -14.0327 4.79613 0.000756359 -1.15483 0.00181659
2157.37 2593.16 942.435 88.8069 5.87498 -3.259 -0.0106752 -5.02638 6.13737 -0.00104934 0.446815 -4.69912 -2.01149 10.0094 4.8206 -4.29489 17.7732 5.82306 -3.79947 9.07958 6.1535 -0.0044496 -0.149145 -0.010174 27.5868 0.0166251 -20.0839 33.447 -16.8666 -39.3298 69.1679 8.15056 6.45742 0.00293693 0.0166561 -4.26889e-07 -6.64382e-09 -3.76789e-08 9.54166e-15 4.3036 -2.27457 -13.0355 -25.5215 -16.5448 61.0388 -78.5401 -16.4163 -8.00599 -0.0409286 0.232117 8.29052e-05 -9.59978e-07 5.44431e-06 4.95222e-14 4.53122 -3.29514 -6.46362 6.43199 0.367036 -4.93091 -0.0188409 0.379617 -0.0064667 7.66456 -7.23698 7.28327 20.0254 19.403 -8.39726 -0.832343 48.4176 2.50882 0.0204019 -7.56847 -0.0348217 23.0609 -9.94464 4.29608 -3.22019 9.79617 0.79477 -0.0737776 -11.4374 4.71438 0.00163146 -1.21764 0.00710511
2168.32 2601.65 941.636 88.1669 6.05314 -2.885 -0.00817072 -4.82073 5.99482 -0.000696191 0.443889 -4.7046 -2.28104 9.98375 5.04214 -4.96923 17.7366 6.17538 -4.45834 9.05136 6.51831 -0.00763606 -0.0130244 -0.0114561 28.8388 0.0238675 -20.0087 33.7841 -16.463 -39.8228 69.3807 8.126 6.51738 0.00129737 0.00735774 -8.3302e-08 -9.88332e-10 -5.6051e-09 1.27222e-14 6.6293 -2.12743 -14.8507 -26.1264 -18.2004 62.5 -75.7929 -16.5223 -7.48132 -0.0542941 0.307914 0.000145892 -5.0263e-07 2.85056e-06 -1.67973e-14 4.41015 -2.22151 -7.86041 6.26847 1.05401 -5.98274 -0.0377915 0.524805 -0.00224211 2.11886 -10.1095 7.68787 17.9019 23.1874 -8.34286 -0.658701 46.7554 2.56568 0.0187042 -7.50518 -0.0218674 18.4526 -9.44018 3.64999 -2.14945 9.49556 0.450708 -0.0634267 -10.5357 4.95596 0.00145725 -1.31262 0.00767648
2178.82 2609.75 940.653 87.5045 6.15605 -2.746 -0.00277202 -4.55173 5.81294 0.000153903 0.446554 -4.68681 -2.43363 10.0014 5.26898 -5.32238 17.7534 6.49115 -4.8091 8.99648 6.82865 -0.00599991 0.166773 -0.00756342 29.4941 0.0122426 -19.5648 33.0426 -16.4066 -41.1149 70.2751 8.12297 6.72271 -0.00892487 -0.0506155 -3.94215e-06 1.37581e-10 7.80289e-10 -3.18055e-15 7.77673 -1.96876 -15.9379 -25.9522 -19.6377 63.7154 -73.9496 -16.4298 -7.19228 -0.0292719 0.166009 4.24063e-05 -9.12408e-08 5.17452e-07 5.86415e-15 3.81712 -1.22175 -9.1875 5.41013 1.75538 -6.94442 -0.0431896 0.461928 0.00527588 -3.54911 -12.4845 7.74776 17.6159 25.1881 -7.93673 -0.70265 43.778 3.04788 0.00780977 -7.4447 -0.00551771 15.1717 -8.86821 3.48021 -0.374019 9.99616 0.0405415 -0.0712762 -12.2048 5.08523 -0.000438386 -1.43096 -0.00127812
2188.85 2617.02 939.419 86.9743 6.14326 -2.903 0.000268209 -4.29235 5.64383 0.00069444 0.451611 -4.64605 -2.52936 10.0788 5.43852 -5.4834 17.8532 6.73336 -4.92048 9.01831 7.02707 -0.0027393 0.316903 -0.00285392 29.815 -0.000331174 -18.6664 31.5019 -17.146 -43.1519 71.3418 8.11367 6.93996 -0.02244 -0.127263 -2.49215e-05 -1.69848e-08 -9.63255e-08 -6.36111e-15 7.6785 -1.81608 -16.6198 -24.8537 -20.6394 64.9047 -73.0164 -16.3197 -7.08078 -0.00331979 0.0188274 5.45442e-07 -1.2003e-08 6.80721e-08 1.35174e-14 3.39541 -0.505558 -9.97403 4.79015 2.29262 -7.50452 -0.0311133 0.294846 0.00419236 -9.49102 -13.8747 7.55847 18.8659 24.5679 -7.39494 -0.840694 38.8099 3.60222 -0.00176939 -7.41483 0.00684773 13.7071 -8.21333 3.84893 2.08685 10.8223 -0.429151 -0.0918331 -15.3061 5.07473 -0.00178062 -1.54933 -0.0110429
2198.13 2622.85 938.993 86.5563 6.06866 -3.331 0.000710659 -4.10498 5.53662 0.000845663 0.453601 -4.60085 -2.58342 10.243 5.55736 -5.57742 18.0864 6.92475 -4.88781 9.22061 7.15184 -0.000805069 0.399205 -0.000711278 29.903 -0.00180027 -17.4487 29.6886 -18.8507 -45.6199 71.9303 8.01732 6.99211 -0.0204474 -0.115963 -2.06921e-05 -2.94302e-08 -1.66907e-07 -4.77083e-15 6.71916 -1.70686 -17.2353 -23.0396 -21.1557 66.1135 -72.7663 -16.275 -7.06547 0.0100579 -0.0570414 5.00664e-06 6.87902e-09 -3.90128e-08 5.36719e-15 3.50637 -0.183959 -10.0089 4.9366 2.52623 -7.54696 -0.0257882 0.222267 0.00132417 -15.0377 -14.2686 7.39459 20.5839 21.6908 -6.77538 -0.785829 31.6754 3.7557 -0.00596466 -7.43282 0.0129978 13.6742 -7.38839 4.59389 4.64582 11.0922 -0.889266 -0.0829518 -17.5179 5.27205 -0.00132643 -1.63677 -0.0106844
2206.63 2627 940.588 86.12 6.0621 -3.954 0.00354529 -3.997 5.52606 0.000821383 0.443244 -4.5695 -2.58526 10.49 5.69249 -5.6842 18.4539 7.1165 -4.81994 9.61247 7.28511 -3.80414e-05 0.419797 -0.000372332 29.7034 0.010478 -16.3341 28.4525 -21.0135 -47.7394 71.6081 7.90755 6.81844 -0.00160091 -0.00907923 -1.26842e-07 4.19978e-08 2.38181e-07 -1.59028e-15 5.51475 -1.67327 -17.7626 -20.9776 -21.1893 67.1323 -73.1544 -16.2873 -7.15401 0.0151478 -0.0859076 1.13561e-05 1.2997e-08 -7.37095e-08 -2.127e-14 4.1118 -0.312537 -9.36024 5.79574 2.41236 -7.12514 -0.0283053 0.231693 -2.5197e-05 -18.4207 -13.926 7.633 21.0383 17.826 -5.94931 -0.39671 23.228 3.36004 -0.00499205 -7.48939 0.0123688 14.08 -6.41385 5.47633 6.93099 10.2762 -1.13375 -0.0524419 -17.0888 5.59885 -0.000373293 -1.67501 -0.00311862
2214.34 2629.91 944.071 85.5832 6.27457 -4.665 0.00971744 -3.9389 5.62339 0.000546313 0.406087 -4.56083 -2.53589 10.7546 5.89557 -5.8116 18.8524 7.31397 -4.78849 10.0733 7.47789 0.000415744 0.404513 -0.000223125 29.2205 0.0263955 -15.7181 28.5855 -22.7374 -48.5944 70.3301 8.02776 6.55219 0.000252987 0.00143476 -3.16757e-09 1.89153e-07 1.07274e-06 -7.95139e-15 4.54968 -1.71018 -17.929 -19.0322 -20.8767 67.782 -74.1751 -16.3328 -7.36485 0.0167889 -0.0952143 1.39499e-05 1.43737e-08 -8.15177e-08 1.05356e-14 4.82907 -0.800255 -8.40951 6.81383 2.05267 -6.48174 -0.0233348 0.201533 -0.00127327 -17.9952 -13.1503 8.45979 18.8226 14.3026 -4.77402 0.0786565 14.8639 2.77842 -0.00153608 -7.55168 0.00713047 13.8204 -5.55357 6.35199 9.12572 8.5115 -1.10229 -0.0374471 -13.8511 5.73216 0.000200112 -1.66647 0.00223255
2220.96 2632.15 947.853 84.9326 6.79574 -5.29 0.0119801 -3.9038 5.80161 0.000305515 0.324162 -4.5689 -2.47238 10.9371 6.15262 -5.9135 19.1246 7.47082 -4.80677 10.4355 7.70926 0.000596862 0.379607 3.93538e-05 28.6289 0.0341688 -15.5528 30.0942 -23.3825 -48.0191 68.4423 8.35307 6.29814 -0.0226897 -0.128679 -2.54791e-05 4.04591e-07 2.29455e-06 -2.22639e-14 4.02082 -1.78412 -17.5131 -17.2043 -20.5215 68.0726 -75.4416 -16.4195 -7.59543 0.0122765 -0.0696237 7.45899e-06 1.91476e-08 -1.08592e-07 2.78299e-15 5.23251 -1.51762 -7.74256 7.37591 1.55004 -6.00398 -0.0166039 0.150804 -0.00123491 -13.8345 -12.2145 9.62964 14.0172 11.9425 -3.31066 0.302223 7.59983 2.41058 0.000439513 -7.59522 0.00253846 12.5357 -5.17619 7.11527 11.4525 6.47706 -0.982253 -0.023985 -9.15323 5.68056 0.000410241 -1.62451 0.00228769
2226.04 2633.65 950.274 84.1322 7.59714 -5.62 0.00313604 -3.88316 5.99461 0.000403678 0.19049 -4.58025 -2.44857 10.974 6.40286 -5.90822 19.1899 7.53727 -4.83294 10.6277 7.90351 0.000872627 0.362668 8.89411e-05 28.1412 0.0328135 -15.4402 32.1207 -23.0626 -46.7865 66.4821 8.57896 6.02449 -0.0359518 -0.203892 -6.39689e-05 5.64268e-07 3.20012e-06 -3.33958e-14 3.79742 -1.86179 -16.5419 -15.0965 -20.4734 68.1983 -76.2203 -16.5559 -7.68093 -0.00234711 0.0133111 2.72644e-07 2.91439e-08 -1.65283e-07 -2.78299e-15 5.1845 -2.40802 -7.77086 7.2912 0.926938 -5.9872 -0.0192129 0.163833 -0.00125254 -7.97893 -11.5425 10.6323 8.3809 11.0384 -1.9041 0.246339 1.83349 2.23406 0.000384515 -7.6162 0.000406646 10.7222 -5.45243 7.56408 13.6676 4.90188 -0.946913 -0.00176866 -4.80367 5.619 0.000499457 -1.56406 -0.00065768
2229.37 2633.81 950.855 83.0481 8.54936 -5.465 -0.0149914 -3.86791 6.12362 -0.000976002 0.0291766 -4.59116 -2.48548 10.8779 6.55718 -5.72639 19.1081 7.50921 -4.76479 10.7034 7.97701 0.0021604 0.364221 -0.000244485 27.827 0.0346967 -14.9554 33.6653 -22.4482 -45.9001 64.8967 8.58517 5.73197 -0.0232539 -0.131879 -2.67621e-05 3.1887e-07 1.8084e-06 7.95139e-15 3.58967 -1.92074 -15.231 -12.2362 -20.9533 68.4616 -76.0935 -16.6798 -7.61204 -0.0217314 0.123245 2.33725e-05 3.30335e-08 -1.87342e-07 -3.18055e-15 4.80125 -3.4888 -8.45053 6.74919 0.169965 -6.42768 -0.0267861 0.195771 -0.00019514 -2.81823 -11.6336 11.0479 4.17889 11.6005 -0.960107 0.103481 -2.66994 2.09215 3.59825e-05 -7.62284 -0.000150572 8.87628 -6.22937 7.43253 15.3966 4.04018 -1.01874 0.00785668 -1.99456 5.64301 0.000398597 -1.50647 -0.00286413
2231.48 2632.21 950.642 81.5025 9.48406 -4.74 -0.0322852 -3.83429 6.15258 -0.0068159 -0.100037 -4.61494 -2.53592 10.7411 6.54295 -5.35744 19.0379 7.40325 -4.48763 10.7932 7.89224 0.00407701 0.383715 -0.000531745 27.511 0.0521737 -13.9073 34.3573 -22.0934 -45.7895 63.8383 8.49942 5.50308 -0.00126458 -0.00717177 -7.91441e-08 1.00341e-07 5.69062e-07 -2.8625e-14 3.25644 -1.96093 -13.6485 -8.58575 -22.0362 68.9173 -75.2269 -16.6766 -7.48443 -0.0317596 0.180117 4.99204e-05 5.6287e-08 -3.19219e-07 -4.37326e-15 4.33662 -4.92884 -9.3362 6.13028 -0.827287 -7.02421 -0.0257274 0.158338 0.00159904 0.693799 -12.5616 10.7229 2.29491 13.2816 -0.580814 0.0162908 -6.30996 1.9742 6.60103e-05 -7.62897 0.00024196 7.00053 -7.19873 6.56461 16.888 3.76435 -1.17897 -0.00606199 -1.04355 5.74541 -0.000252744 -1.47843 -0.000961331
2233.04 2629.29 950.939 79.56 10.2473 -3.562 -0.0392679 -3.75973 6.10863 -0.0150846 -0.134443 -4.66915 -2.51544 10.6932 6.33229 -4.84685 19.1347 7.20192 -3.9888 10.9936 7.663 0.00471605 0.410596 -0.000181388 26.9394 0.0764546 -12.3582 34.3555 -22.1115 -46.2791 63.3963 8.4441 5.40528 0.0114082 0.0646993 -6.44119e-06 4.57878e-09 2.59678e-08 1.74931e-14 2.79004 -2.00876 -11.6672 -4.67489 -23.8986 69.2461 -73.8112 -16.5385 -7.25114 -0.0260069 0.147492 3.34739e-05 2.99781e-08 -1.70014e-07 2.5842e-15 3.98886 -6.79513 -9.97807 5.69465 -2.11215 -7.4469 -0.0136106 0.0746984 0.0013179 3.11344 -13.8099 9.82468 1.77341 15.2821 -0.495787 0.00653533 -9.39024 1.91316 0.000399942 -7.64504 0.00129418 4.88394 -8.0653 5.0868 18.7139 3.82343 -1.42089 -0.0259862 -1.47566 5.824 -0.00148895 -1.49942 0.00281515
2234.61 2625.93 952.029 77.531 10.746 -2.199 -0.0325163 -3.64984 6.04978 -0.0191105 -0.0607144 -4.7538 -2.34217 10.8164 5.9673 -4.2575 19.4462 6.89052 -3.35965 11.2964 7.33712 0.00337633 0.439731 0.000711764 25.9714 0.0851961 -10.4707 34.0299 -22.2823 -47.0014 63.6456 8.42668 5.42872 0.0114412 0.0648864 -6.47849e-06 -3.05624e-09 -1.73329e-08 2.54444e-14 2.2839 -2.09231 -9.24969 -1.48403 -26.8909 68.9806 -71.4206 -16.3211 -6.77114 -0.00718709 0.04076 2.55643e-06 1.07612e-08 -6.10297e-08 3.77691e-15 3.76196 -8.83684 -10.2318 5.3905 -3.51006 -7.58198 -0.00241076 0.0146596 0.000289922 5.33307 -14.6907 8.74038 0.983543 16.6469 -0.29647 0.0421128 -12.1564 1.94332 0.00103051 -7.67506 0.00276318 3.07978 -8.52424 3.42752 20.7554 3.86158 -1.65661 -0.0288786 -2.46184 5.81222 -0.00231823 -1.57139 0.0025814
2236.76 2622.49 953.35 75.647 10.9496 -0.905 -0.0152298 -3.54387 6.01446 -0.0163915 0.0681772 -4.84514 -1.9957 11.1048 5.5688 -3.62124 19.9146 6.49711 -2.73208 11.6538 7.0019 0.0018444 0.476936 0.00132287 24.665 0.0715463 -8.5575 33.8348 -22.3814 -47.5474 64.4828 8.39268 5.53121 0.00655061 0.0371503 -2.12369e-06 -2.15394e-10 -1.2216e-09 1.59028e-15 1.86921 -2.2163 -6.58108 0.0487396 -31.1826 67.6792 -67.3007 -15.9817 -6.02618 0.0201669 -0.114372 2.01284e-05 8.53769e-08 -4.84196e-07 -6.85807e-15 3.59522 -10.6637 -10.2101 5.11653 -4.75013 -7.52068 0.000869937 -0.00111232 -2.65438e-05 7.63037 -14.834 7.75017 -0.896519 16.838 0.224948 0.0946241 -14.7938 2.08981 0.00167996 -7.71687 0.00410095 2.63011 -8.345 2.03524 22.1131 3.49498 -1.67664 -0.0144758 -3.16137 5.73875 -0.00186963 -1.6749 -0.00111461
2239.83 2618.72 954.24 73.884 10.9043 0.216 0.00275123 -3.48757 6.00038 -0.0114255 0.174305 -4.91508 -1.56176 11.4919 5.25813 -2.94814 20.4553 6.10656 -2.20597 12.0488 6.77126 0.00149157 0.522732 0.000994828 23.2407 0.0566745 -7.03726 34.0894 -22.3935 -47.5663 65.6694 8.32455 5.69914 0.00315543 0.0178953 -4.92772e-07 1.12076e-10 6.35521e-10 1.90833e-14 1.51967 -2.36947 -4.09037 -0.136419 -36.4077 65.3003 -61.3368 -15.478 -5.10738 0.0418936 -0.237589 8.68604e-05 3.12746e-07 -1.77367e-06 -1.98785e-16 3.56825 -12.1218 -10.0722 5.03416 -5.73902 -7.39764 0.000470965 0.00619341 5.11836e-05 9.91635 -14.3605 6.89423 -3.51646 16.1228 0.92965 0.130975 -17.3973 2.28448 0.00176931 -7.76383 0.00442457 3.52686 -7.52389 0.977817 22.3969 2.52303 -1.29306 0.00102992 -3.11906 5.66587 -0.000657016 -1.7795 -0.00276359
2243.48 2614.4 954.722 72.073 10.7629 1.221 0.0109196 -3.50488 5.9858 -0.00851099 0.218761 -4.9544 -1.17126 11.9146 5.10599 -2.29758 21.0287 5.83493 -1.79212 12.524 6.7358 0.00159034 0.564223 9.49564e-05 21.8834 0.0576414 -6.21983 34.8402 -22.4295 -46.8854 66.9331 8.24975 5.92509 0.00187111 0.0106116 -1.73271e-07 -1.27073e-10 -7.20639e-10 -2.38542e-14 1.07778 -2.53839 -2.26032 -1.11712 -41.8023 62.377 -54.5464 -14.8672 -4.1572 0.0450466 -0.25547 0.000100427 3.31641e-07 -1.88083e-06 -9.14409e-15 3.95394 -13.543 -9.87094 5.54808 -6.72312 -7.26016 0.00324938 0.0195913 -3.68098e-05 12.0898 -13.7195 6.09153 -6.09354 15.1245 1.56761 0.130662 -19.6428 2.39372 0.000946312 -7.81477 0.00315909 3.88683 -6.33336 -0.0888685 22.8739 1.11638 -0.562481 0.00903874 -2.47976 5.65051 0.000213082 -1.86446 -0.000853566
2246.55 2610.03 955.289 70.232 10.7789 2.205 0.00269756 -3.58528 5.94953 -0.007412 0.222818 -4.97523 -0.929518 12.3246 5.11797 -1.78406 21.6227 5.73963 -1.4953 13.0946 6.88852 0.000955828 0.58953 -0.000447522 20.7015 0.0648562 -6.05458 35.7468 -22.5906 -45.7588 68.1782 8.17256 6.19704 0.00296211 0.016799 -4.34241e-07 -1.21576e-09 -6.89494e-09 -1.74931e-14 0.303118 -2.70119 -1.2553 -1.48884 -46.9602 59.7936 -48.1779 -14.3215 -3.1875 0.0268526 -0.152288 3.56861e-05 1.23096e-07 -6.98115e-07 -0 5.03913 -15.4047 -9.59373 7.01365 -8.0416 -7.08487 0.0141922 0.0231109 -0.00211534 14.1931 -13.4163 5.34377 -7.95675 14.2329 1.97748 0.111653 -20.7577 2.37663 -0.00081792 -7.87591 9.10385e-05 1.27694 -5.26506 -1.41955 25.6348 -0.205286 0.165892 0.00963677 -1.65449 5.76199 0.000389313 -1.92817 0.00121562
2247.49 2606.71 955.992 68.698 11.2199 3.208 -0.0190765 -3.68768 5.88395 -0.0064059 0.237247 -4.9965 -0.884876 12.6578 5.23704 -1.55161 22.1819 5.78603 -1.38956 13.6589 7.09763 -4.80508e-05 0.602491 -0.000403943 19.7496 0.0649232 -6.11293 36.3237 -22.9037 -44.7769 69.454 8.07724 6.48173 0.00728172 0.0412967 -2.6242e-06 -4.80075e-09 -2.72264e-08 -2.8625e-14 -0.926162 -2.81733 -0.828066 0.0925146 -52.3495 58.6493 -42.3662 -13.9624 -1.93273 -0.00708516 0.040182 2.48444e-06 3.58874e-07 -2.03527e-06 -5.56597e-15 6.93341 -17.8207 -9.23238 9.51593 -9.78208 -6.82185 0.0330643 -0.00438748 -0.00441841 16.2353 -13.8127 4.75373 -8.82147 13.4967 2.13041 0.105945 -20.0867 2.32797 -0.00263461 -7.95061 -0.00292495 -4.65537 -4.79646 -2.97675 31.5293 -0.930939 0.578303 0.00472947 -0.989559 5.98725 0.000161685 -1.98304 1.49653e-05
2245.68 2605.03 956.397 67.819 12.1589 4.239 -0.0410396 -3.77031 5.79812 -0.0049219 0.294358 -5.02577 -1.02944 12.8713 5.3618 -1.70737 22.6325 5.867 -1.55869 14.0901 7.17879 0.000168621 0.612114 0.000197867 19.0464 0.058171 -5.93498 36.3452 -23.3065 -44.3323 70.6637 7.97386 6.70436 0.0125076 0.0709341 -7.74242e-06 -1.3212e-08 -7.49291e-08 -1.11319e-14 -2.30017 -2.84489 -0.373332 4.27796 -58.7937 59.9246 -36.1963 -13.6231 -0.211128 -0.0416826 0.236393 8.59878e-05 1.48857e-06 -8.44208e-06 1.06946e-13 9.5402 -20.4402 -8.73281 12.8964 -11.7145 -6.37996 0.0498522 -0.0470232 -0.00172696 17.7428 -14.9055 4.29393 -8.91176 12.7496 2.0972 0.103639 -17.8304 2.24244 -0.0031699 -8.02713 -0.00284205 -11.3877 -5.09567 -4.76488 38.7756 -0.96192 0.640508 -0.00435897 -0.386529 6.23368 -0.000127537 -2.0436 -0.00431987
2241.86 2604.58 956.178 67.641 13.4154 5.279 -0.049146 -3.82464 5.70689 -0.00311654 0.383032 -5.05267 -1.31392 12.9899 5.3851 -2.21365 22.9593 5.8774 -1.98828 14.345 7.03252 0.00174984 0.611075 0.00138281 18.635 0.0462524 -5.31643 35.8255 -23.7454 -44.459 71.517 7.88291 6.81656 0.0168329 0.095464 -1.40232e-05 -2.35961e-08 -1.3382e-07 1.43125e-14 -3.26331 -2.78684 0.730251 11.0357 -66.4014 64.4298 -29.0863 -12.8817 1.39945 -0.053127 0.301296 0.000139687 2.76692e-06 -1.5692e-05 3.77691e-13 12.5814 -22.7202 -8.00836 16.8147 -13.449 -5.68176 0.0505026 -0.0572511 0.00353945 18.3261 -16.3735 3.81485 -8.8516 11.9557 2.01943 0.0821463 -15.1291 2.06843 -0.002111 -8.08614 0.000273731 -15.4648 -6.06902 -6.62921 44.0536 -0.66558 0.497954 -0.0178928 0.600901 6.42482 -0.000190564 -2.10733 -0.0078762
2237.35 2604.43 955.419 67.908 14.7178 6.234 -0.0400188 -3.87803 5.62366 -0.00134044 0.471264 -5.04426 -1.64238 13.0843 5.26429 -2.91288 23.2267 5.81828 -2.52832 14.4955 6.71898 0.00302402 0.577976 0.00234722 18.6165 0.0282004 -4.4241 34.7526 -24.3004 -45.0209 71.8007 7.79845 6.85117 0.0241928 0.137204 -2.89667e-05 -5.30675e-08 -3.00961e-07 -6.36111e-15 -3.42889 -2.68666 2.41603 19.9234 -73.7992 72.5045 -22.0771 -11.6699 1.87931 -0.0355391 0.201552 6.25087e-05 1.98283e-06 -1.12452e-05 1.96598e-13 15.6288 -24.3472 -7.02289 20.7387 -14.7146 -4.75321 0.0331992 -0.0227041 0.00363195 17.9603 -17.8421 3.22994 -9.24839 11.25 2.00611 0.0546294 -13.389 1.90203 -0.000762388 -8.11291 0.00247359 -15.3733 -7.57814 -8.07835 45.1486 -0.524314 0.375202 -0.0321425 2.21977 6.47157 -4.27181e-05 -2.15158 -0.0085572
2232.94 2603.84 954.604 68.23 15.878 6.986 -0.0232227 -3.96838 5.55485 0.000103454 0.543887 -4.9508 -1.89884 13.2151 5.0442 -3.59108 23.5187 5.78394 -2.97278 14.6693 6.3922 0.00318913 0.501625 0.0022504 19.0817 0.0118719 -3.56861 32.9252 -25.1529 -46.0236 71.6645 7.74567 6.88855 0.0311074 0.176418 -4.7891e-05 -1.16588e-07 -6.61206e-07 -1.43125e-14 -2.97497 -2.59095 3.88412 26.5065 -79.1645 79.3874 -17.0519 -10.58 1.35164 -0.0142915 0.0810512 1.01085e-05 8.65486e-07 -4.90842e-06 4.39314e-14 18.119 -25.4443 -5.85645 23.9253 -15.5335 -3.72647 0.0174151 -0.00754435 -0.000963414 16.7875 -19.1448 2.56032 -9.94961 10.8539 2.01887 0.0315865 -13.4888 1.81405 4.58621e-05 -8.09822 0.00187241 -12.364 -9.35638 -8.80971 42.2878 -0.678134 0.398991 -0.0337221 4.27992 6.39264 0.000125773 -2.16093 -0.00991897
2228.39 2602.79 954.056 68.302 16.8939 7.47 -0.0100159 -4.11169 5.50204 0.00124686 0.613059 -4.74231 -2.03515 13.3776 4.84469 -4.11359 23.8393 5.87627 -3.23535 14.9178 6.19828 0.00269454 0.398135 0.0019735 20.0149 0.00924942 -2.96077 30.2836 -26.44 -47.5895 71.597 7.80563 6.98836 0.0208424 0.118203 -2.14993e-05 -5.4117e-08 -3.06912e-07 1.59028e-14 -2.69272 -2.54877 4.21843 18.035 -81.8278 70.8869 -14.9335 -10.0958 0.875135 -0.00540133 0.0306325 1.44388e-06 2.02756e-07 -1.14989e-06 8.34896e-15 19.5595 -26.4155 -4.72592 25.7024 -16.1727 -2.79213 0.0249159 -0.0823371 -0.00106169 15.2169 -20.4819 1.97126 -10.0748 11.1062 1.96846 0.00290664 -15.2526 1.69309 0.00129011 -8.04123 0.00233879 -8.92663 -11.2003 -9.03007 37.5847 -0.770238 0.378871 -0.0286004 6.10264 6.38795 0.000182563 -2.14261 -0.012049
2223.23 2601.7 953.772 68.107 17.8605 7.698 -0.00436786 -4.29 5.4635 0.00183315 0.697269 -4.44267 -2.11916 13.5245 4.7826 -4.5297 24.1277 6.12391 -3.43636 15.2212 6.21476 0.00171572 0.297229 0.00246737 21.2505 0.0206124 -2.74668 27.3432 -28.1289 -49.4959 71.9366 7.94085 7.0992 -0.00429435 -0.0243545 -9.1269e-07 -1.22333e-08 -6.93788e-08 1.27222e-14 -3.31407 -2.60208 3.12365 -4.23709 -81.0552 47.1386 -15.3449 -10.1427 0.70074 -0.00519332 0.0294528 1.33481e-06 -3.02985e-08 1.71831e-07 2.70347e-14 19.9142 -27.6751 -3.908 25.9901 -16.9761 -2.13645 0.0455994 -0.20232 0.0013357 13.4595 -22.0725 1.53382 -8.91346 12.0547 1.78283 -0.0179823 -17.5731 1.53708 0.00275492 -7.95821 0.005102 -6.74753 -13.1935 -9.13649 33.1269 -0.1697 -0.0227443 -0.0522564 6.7524 6.61983 -6.96751e-05 -2.11922 -0.00962174
2217.83 2600.73 953.85 67.942 18.8194 7.748 -0.00238849 -4.47294 5.4349 0.00142458 0.791572 -4.13041 -2.26269 13.6301 4.86779 -4.94879 24.3419 6.45479 -3.75751 15.5353 6.42488 0.000416962 0.224129 0.00264942 22.5055 0.0332374 -3.02376 24.9464 -29.9519 -51.1351 72.4918 8.01223 7.11958 -0.021019 -0.119204 -2.18651e-05 -3.08755e-08 -1.75104e-07 -1.27222e-14 -4.8772 -2.74043 1.15527 -17.1694 -77.971 31.4629 -16.7894 -10.2945 0.349589 -0.00449338 0.0254832 9.99252e-07 -2.35876e-08 1.33772e-07 -1.59028e-15 19.5967 -29.2773 -3.64302 25.3511 -18.0461 -1.9129 0.0503171 -0.249485 0.000227393 11.4846 -23.7675 1.10634 -6.62456 13.2192 1.4194 0.000816579 -19.0043 1.52128 0.00286655 -7.87546 0.00599621 -5.79294 -15.4675 -9.31561 29.692 1.50367 -0.843469 -0.0995027 5.74332 6.95672 -0.000727027 -2.11788 -0.0034002
2213.22 2599.74 954.134 68.149 19.7185 7.675 -0.00103433 -4.63989 5.4192 0.000393366 0.870387 -3.89323 -2.51476 13.6846 5.01723 -5.42947 24.4587 6.77339 -4.27205 15.7658 6.75748 -0.000378278 0.193589 0.00177476 23.581 0.0343999 -3.81928 23.655 -31.4765 -51.9497 72.7951 7.99008 7.04595 -0.0199797 -0.113311 -1.97564e-05 -5.62569e-09 -3.19049e-08 -1.59028e-14 -6.75832 -2.89386 -0.952351 -20.6157 -75.38 24.9593 -17.5201 -10.2604 -0.102088 -0.00118665 0.00672985 6.9691e-08 -9.11948e-09 5.17191e-08 -1.27222e-14 19.1161 -30.7205 -4.05878 24.5709 -19.0648 -2.19557 0.0362871 -0.190782 -0.00159217 9.48447 -25.164 0.636784 -4.0666 13.9424 0.943101 0.0558897 -18.4342 1.72162 0.00142792 -7.81528 0.00287273 -5.00544 -17.8836 -9.39632 27.0451 3.88966 -1.78982 -0.115169 3.5685 7.16253 -0.00125419 -2.15119 -0.0010543
2210.25 2598.51 954.124 68.731 20.4385 7.53 -0.00201081 -4.77834 5.41718 -0.00052868 0.917317 -3.76904 -2.81792 13.6709 5.14531 -5.92309 24.4568 7.03852 -4.89723 15.8311 7.13301 0.000285937 0.201876 0.000690786 24.5051 0.021275 -4.97803 23.3095 -32.327 -51.9129 72.6019 7.97746 6.94491 -0.0149101 -0.0845593 -1.10024e-05 1.07402e-08 6.09107e-08 6.36111e-15 -8.17443 -2.99808 -2.84104 -19.1727 -74.4743 24.0124 -17.0884 -10.0978 -0.284235 -5.83348e-05 0.000330833 1.6841e-10 -1.62183e-09 9.19791e-09 -6.36111e-15 18.7285 -31.3608 -5.0536 24.089 -19.5822 -2.89554 0.0255896 -0.0920766 -0.00167033 7.79101 -25.9697 0.20248 -1.84625 13.9076 0.456881 0.10508 -15.8136 2.01656 -0.000317284 -7.78451 -0.001707 -3.62404 -19.9933 -9.14211 24.9955 6.07825 -2.58071 -0.0847348 1.58495 7.24726 -0.000802283 -2.20605 -0.00378209
2208.86 2597.1 953.402 69.234 20.8806 7.458 -0.00522178 -4.87703 5.41139 -0.00107893 0.933576 -3.73688 -3.06701 13.5741 5.22386 -6.31257 24.3173 7.25363 -5.45512 15.7144 7.4591 0.00211337 0.227886 0.000276086 25.5123 -0.00667319 -6.03639 23.1259 -32.3615 -51.668 72.2466 8.02232 6.88743 -0.0178625 -0.101303 -1.57911e-05 2.30213e-08 1.3056e-07 -0 -8.63045 -3.05278 -4.51637 -12.7929 -74.9831 29.2624 -16.2643 -9.93453 -0.267906 -0.000930822 0.00527895 4.28807e-08 4.89138e-10 -2.77416e-09 3.18055e-15 18.3616 -30.9113 -6.23841 23.7835 -19.3607 -3.75726 0.0251365 -0.0105246 -0.00159591 6.8179 -26.2855 -0.131213 0.0995639 13.3719 -0.00737827 0.118946 -12.0667 2.2403 -0.00122361 -7.77385 -0.00430313 -1.68983 -21.3609 -8.65049 23.7646 7.3147 -3.08351 -0.0437123 1.02865 7.30759 0.000371445 -2.25051 -0.0055681
2208.21 2595.93 951.909 69.16 21.0343 7.609 -0.00775064 -4.92705 5.37142 -0.00126405 0.934043 -3.74808 -3.20122 13.4056 5.26 -6.53579 24.051 7.40422 -5.82401 15.4702 7.6399 0.00363886 0.250109 0.000466722 26.8974 -0.0531426 -6.42465 22.3395 -31.7752 -52.0096 72.3918 8.07484 6.94475 -0.0291499 -0.165317 -4.20535e-05 3.79778e-08 2.15383e-07 9.54166e-15 -8.14356 -3.08994 -6.04786 0.5233 -75.8829 42.5618 -15.8801 -9.85896 -0.225704 -0.00176602 0.0100156 1.54355e-07 1.81008e-09 -1.02655e-08 3.18055e-15 17.8949 -29.6062 -7.06358 23.38 -18.5015 -4.41342 0.0266071 0.0130335 -0.000457899 6.66985 -26.4283 -0.400529 2.07179 12.7915 -0.472834 0.0950819 -8.36051 2.25101 -0.000989495 -7.76283 -0.00389185 0.493491 -21.9169 -8.19436 23.2965 7.48647 -3.2525 -0.00915382 1.86218 7.29081 0.00118803 -2.25266 -0.00437388
2207.79 2595.53 950.216 68.46 20.9795 7.966 -0.00809146 -4.93105 5.27413 -0.00100009 0.932379 -3.76521 -3.23689 13.2206 5.25254 -6.61901 23.7423 7.44354 -6.02245 15.215 7.60429 0.00427104 0.260906 0.000474607 28.73 -0.10402 -5.88415 20.7688 -31.008 -53.2112 73.2708 8.10371 7.12087 -0.0450338 -0.255398 -0.00010037 5.77204e-08 3.27349e-07 -1.27222e-14 -7.05688 -3.10762 -7.26588 18.6883 -75.8634 61.2941 -16.1168 -9.88778 -0.156895 -0.00225259 0.0127751 2.51127e-07 5.63604e-09 -3.19636e-08 -5.56597e-15 17.3742 -28.0397 -7.01505 22.8574 -17.3793 -4.46791 0.0239211 -0.0417506 0.00169572 6.60184 -26.5412 -0.818497 4.08568 12.3548 -0.932424 0.0542184 -5.70701 2.06939 -0.000450683 -7.74039 -0.0024536 3.08237 -21.951 -7.70896 22.7331 6.99499 -3.10872 0.0325918 2.83639 7.18522 0.000783669 -2.20175 -0.00313875
2207.66 2596.22 948.891 67.438 20.8343 8.382 -0.00616871 -4.90818 5.12585 -0.000420678 0.923469 -3.77969 -3.24064 13.0966 5.18843 -6.67839 23.4872 7.36729 -6.15552 15.0126 7.36396 0.0053873 0.272627 -0.000132095 30.752 -0.12632 -4.63114 18.9435 -30.5217 -54.8335 74.3297 8.05782 7.27371 -0.0500742 -0.283982 -0.000124095 6.39542e-08 3.62702e-07 1.59028e-15 -5.75929 -3.06841 -8.02259 35.0859 -74.5372 78.3407 -16.6516 -9.96232 -0.0469212 -0.0028263 0.0160288 3.95336e-07 1.05615e-08 -5.98975e-08 3.18055e-15 17.0274 -26.7948 -5.88639 22.5083 -16.4169 -3.72621 0.0158823 -0.11213 0.00182986 5.67655 -26.5828 -1.56962 5.98414 12.0344 -1.36216 0.0162097 -4.50915 1.90003 -0.000210108 -7.71945 -0.000957129 6.6303 -21.8012 -6.81394 21.0436 6.26856 -2.70423 0.0908515 2.47275 7.11531 -0.000985428 -2.11204 -0.00291536
2207.96 2598 947.917 66.241 20.6638 8.762 -0.00255275 -4.87802 4.95587 0.000101184 0.897874 -3.799 -3.25729 13.085 5.07991 -6.82176 23.3236 7.24499 -6.29025 14.8555 7.05774 0.00774632 0.30056 -0.000855997 32.5664 -0.103741 -3.19394 17.6745 -30.7098 -56.0986 74.6506 7.91287 7.23521 -0.0327076 -0.185493 -5.2945e-05 2.28676e-08 1.29689e-07 -7.95139e-15 -4.6328 -2.94767 -8.58287 45.6915 -72.13 89.1425 -17.6974 -10.1324 0.106877 -0.00415906 0.0235872 8.56091e-07 2.24573e-08 -1.27362e-07 1.03368e-14 17.1024 -26.2818 -3.92617 22.6543 -15.9326 -2.35453 0.0121397 -0.118582 0.000702232 3.61977 -26.5827 -2.62994 7.9403 11.9601 -1.83402 -0.0111885 -4.56486 1.84106 -0.000100483 -7.71051 0.000684224 11.262 -21.5887 -5.37077 18.2331 5.58159 -2.14664 0.134175 0.0343073 7.12467 -0.00253246 -2.0067 -0.00232475
2208.51 2600.4 947.194 64.689 20.4741 9.169 0.000531196 -4.84655 4.79383 0.00021862 0.857381 -3.83327 -3.2661 13.1821 4.97722 -7.00961 23.2526 7.14084 -6.3628 14.7577 6.84054 0.0089897 0.331627 -0.000885365 33.8388 -0.053165 -2.01622 17.4516 -31.6603 -56.4948 73.8418 7.80271 7.00828 -0.0111195 -0.0630619 -6.11928e-06 2.57583e-09 1.46082e-08 -9.54166e-15 -3.84583 -2.77257 -9.29011 49.6994 -68.6336 92.6852 -20.3346 -10.6321 0.361675 -0.00866034 0.0491152 3.71192e-06 7.42157e-08 -4.20898e-07 -1.43125e-14 17.7297 -26.7664 -1.56119 23.4137 -16.1155 -0.659661 0.021363 -0.0513737 0.00128028 1.13017 -26.763 -3.80287 10.2024 12.4274 -2.43891 -0.0211091 -5.38461 1.83081 -2.12087e-05 -7.70452 0.00142056 16.2649 -21.2939 -3.7552 15.6062 5.10871 -1.64044 0.106659 -3.99099 7.11424 -0.00223043 -1.9032 -0.00116584
2208.84 2602.71 946.879 62.605 20.2372 9.716 0.00183888 -4.81116 4.66347 4.86697e-06 0.815169 -3.88768 -3.21491 13.3439 4.91662 -7.094 23.2777 7.05688 -6.25266 14.7543 6.76366 0.0069972 0.335527 -0.000298163 34.4932 -0.00786529 -1.22591 18.2157 -32.9826 -56.0091 72.4914 7.84153 6.76596 -0.00486495 -0.0275905 -1.17135e-06 1.8966e-10 1.07556e-09 -1.74931e-14 -3.43049 -2.59667 -10.1443 49.0432 -63.9107 91.1879 -25.4909 -11.6289 0.518682 -0.0175443 0.0994986 1.52335e-05 1.93497e-07 -1.09738e-06 -2.06736e-14 18.9534 -28.2001 0.895794 24.7777 -16.9312 1.15052 0.0343151 0.0530295 0.00272156 -0.506298 -27.3356 -4.79713 12.6849 13.4943 -3.17478 -0.0171279 -6.31327 1.80938 0.00023138 -7.68528 0.00138492 20.6711 -20.9497 -2.51772 14.5621 4.90874 -1.37106 0.0199064 -8.30235 7.07664 -0.000603016 -1.81198 -0.000104597
2208.79 2604.38 947.318 60.216 19.9405 10.35 0.00235864 -4.76949 4.57544 0.000268209 0.797352 -3.95187 -3.08146 13.4837 4.89777 -6.95488 23.3757 6.9536 -5.93896 14.8525 6.76897 0.00303982 0.309098 2.9765e-05 34.6838 0.0131822 -0.786755 19.5505 -34.0646 -54.9148 71.5693 7.93475 6.66312 -0.00645672 -0.0366179 -2.06325e-06 8.78596e-10 4.98263e-09 -1.43125e-14 -3.47529 -2.45768 -10.893 46.5359 -58.0832 87.9608 -33.0177 -12.955 0.0498339 -0.0252639 0.143279 3.15886e-05 3.28579e-07 -1.86346e-06 1.59028e-14 20.6404 -29.9949 3.30418 26.5706 -17.9779 2.97969 0.0344798 0.136303 0.00191522 -0.78535 -28.2119 -5.44721 15.1214 14.8055 -3.99243 -0.00967864 -6.8511 1.80067 0.000602345 -7.65029 0.000907951 23.7443 -20.5961 -1.9669 15.4889 4.90142 -1.38425 -0.0357405 -11.4877 7.11673 0.000648047 -1.74086 0.000713575
2208.78 2605.24 948.631 58.16 19.626 10.841 0.0028087 -4.71992 4.52085 0.0015658 0.83161 -3.99769 -2.91706 13.5166 4.87359 -6.63103 23.4658 6.79902 -5.55221 15.0018 6.73324 -0.000201752 0.280005 1.18392e-05 34.613 0.0146485 -0.587576 21.0349 -34.5376 -53.5426 71.4036 7.95807 6.69233 -0.00367097 -0.0208191 -6.66946e-07 -1.12786e-10 -6.39694e-10 -4.77083e-15 -4.0963 -2.35451 -11.4331 44.0918 -51.6973 85.2147 -41.5277 -14.1766 -1.13618 -0.0203533 0.115429 2.05021e-05 2.19048e-07 -1.24228e-06 -7.95139e-15 22.4213 -31.252 5.53636 28.4545 -18.6379 4.69428 0.0222504 0.138244 -0.00118294 -0.499746 -28.9558 -5.81605 17.4173 15.7377 -4.80369 -0.00483036 -6.63054 1.83303 0.000544086 -7.62637 -0.00196403 25.1838 -20.1615 -2.01723 17.6257 4.87898 -1.53913 -0.0217069 -12.4421 7.24713 0.000721839 -1.69607 0.00123947
2209.26 2605.49 950.464 57.077 19.3498 10.978 0.00151125 -4.65335 4.48029 0.00297513 0.927288 -3.9997 -2.8274 13.4436 4.76557 -6.33764 23.4645 6.5931 -5.29594 15.0988 6.56383 -0.00161568 0.266481 6.8911e-06 34.5023 0.0112921 -0.479768 22.3536 -34.572 -52.2617 71.4813 7.93878 6.73361 0.00130158 0.0073816 -8.38431e-08 -1.12324e-09 -6.37025e-09 7.95139e-15 -5.28874 -2.27481 -12.146 42.4394 -44.9847 83.6856 -49.6129 -15.1361 -2.33167 -0.00317217 0.0179903 4.98014e-07 7.60117e-08 -4.31084e-07 -3.18055e-15 23.9139 -31.3356 7.33631 30.1703 -18.4967 6.0596 0.0153692 0.0571304 -0.00300865 -0.793716 -29.1449 -6.06387 19.731 15.8716 -5.50779 -0.0052373 -5.36571 1.88528 -9.57959e-05 -7.65692 -0.00758665 25.1873 -19.5843 -2.32638 19.7587 4.69395 -1.63633 -0.00528526 -10.8831 7.37064 0.000279914 -1.67829 0.00190916
2210.23 2605.41 952.386 57.276 19.1839 10.717 -0.000325717 -4.56145 4.43643 0.00307594 1.07101 -3.95875 -2.90144 13.3259 4.51795 -6.30862 23.3515 6.33653 -5.33739 15.0802 6.22697 -0.0017583 0.263713 2.58236e-05 34.512 0.00832703 -0.334899 23.1849 -34.5874 -51.5375 71.2397 7.96398 6.69493 -0.000154862 -0.000878268 -1.18691e-09 -1.35761e-09 -7.69926e-09 -1.27222e-14 -6.6583 -2.21982 -13.3611 40.8512 -37.7924 82.9907 -57.1921 -16.0516 -2.99692 0.0141003 -0.0799669 9.83981e-06 3.21746e-08 -1.82471e-07 -1.59028e-15 24.9949 -30.2874 8.5247 31.6607 -17.6154 6.93052 0.0207962 -0.0335382 -0.00195702 -2.35239 -28.735 -6.3574 22.0881 15.3339 -6.03908 -0.0078547 -3.14719 1.90392 -0.000916863 -7.76598 -0.0118105 24.2868 -18.9931 -2.54071 21.0935 4.33912 -1.59338 -0.0285478 -7.4938 7.43534 0.00010009 -1.68059 0.00294175
2211.38 2605.17 954.207 58.692 19.1932 10.156 0.00121174 -4.45425 4.38367 0.00188908 1.22882 -3.90425 -3.15779 13.2335 4.11474 -6.65791 23.2118 6.03699 -5.72495 14.9801 5.72979 -0.00143015 0.261806 0.000129556 34.698 0.00311765 -0.10461 23.3232 -34.8179 -51.6223 70.6929 8.041 6.59755 -0.00905759 -0.0513681 -4.06026e-06 -1.67194e-09 -9.48221e-09 1.27222e-14 -7.56167 -2.2018 -14.7056 37.8198 -30.598 82.3623 -64.8117 -17.0232 -3.37029 0.0192287 -0.109051 1.82991e-05 9.32934e-08 -5.29093e-07 -2.38542e-15 25.862 -28.79 9.25904 33.0442 -16.4686 7.43728 0.0234577 -0.0616102 0.000663627 -5.12317 -27.9884 -6.74267 24.1414 14.5587 -6.37947 -0.00930974 -0.670947 1.86439 -0.00127386 -7.93013 -0.00961768 23.3063 -18.6382 -2.39192 21.1966 3.95209 -1.44301 -0.0532609 -3.65679 7.44374 0.000277637 -1.69674 0.0035365
2212.57 2604.86 956.018 61.005 19.3603 9.384 0.00219467 -4.35733 4.32955 0.000462235 1.36003 -3.86932 -3.52104 13.215 3.58063 -7.32778 23.1767 5.71248 -6.36243 14.9031 5.12432 -0.00106629 0.25659 0.000378563 35.001 -0.00250348 0.110864 22.9145 -35.1493 -52.2408 70.3509 8.11089 6.54788 -0.0194196 -0.110134 -1.86642e-05 -1.06797e-09 -6.05694e-09 9.54166e-15 -7.63261 -2.22371 -15.4624 32.356 -24.4676 81.2523 -72.4496 -17.7967 -4.15364 0.00784399 -0.0444854 3.0451e-06 8.09185e-08 -4.58912e-07 1.16289e-14 26.7202 -27.6299 9.95501 34.3874 -15.5629 7.91103 0.0165083 -0.0117437 0.00238768 -8.5406 -27.1611 -7.11428 25.3275 13.9574 -6.51811 -0.00918078 0.81912 1.86206 -0.000523624 -8.09383 -0.00141058 22.7792 -18.6304 -1.81954 19.9973 3.79177 -1.28093 -0.042117 -1.02651 7.39793 0.000508256 -1.73219 0.00385074
2214.22 2604.34 957.974 63.785 19.5311 8.45 -0.00523289 -4.29448 4.28077 -0.000462788 1.44291 -3.86367 -3.85449 13.2908 2.96846 -8.08233 23.3368 5.35536 -7.03486 14.9968 4.46715 -0.000782791 0.2485 0.000678198 35.2374 -0.00959775 0.240178 22.2287 -35.3316 -52.8869 70.6767 8.11919 6.62 -0.0255069 -0.144656 -3.2199e-05 -5.09012e-09 -2.88676e-08 -2.38542e-14 -7.15302 -2.26603 -15.2507 24.7232 -20.1121 79.4258 -79.3414 -18.0239 -5.71765 -0.000370371 0.00210048 6.78894e-09 8.6517e-08 -4.90662e-07 1.11319e-14 27.4943 -27.2326 10.969 35.4751 -15.1425 8.63057 0.0147404 0.0597041 0.00154482 -12.1376 -26.2264 -7.37471 25.149 13.6584 -6.36876 0.0115783 0.162201 2.12839 0.0015446 -8.2316 0.00872478 22.5076 -18.747 -1.03789 17.9683 4.00633 -1.18009 -0.0171323 -0.602393 7.33361 0.000434296 -1.79595 0.00542805
2216.79 2603.35 960.02 66.593 19.4679 7.466 -0.0179716 -4.27369 4.23129 -0.000589054 1.48102 -3.87711 -4.03788 13.4756 2.31589 -8.62207 23.7285 4.91349 -7.4863 15.3567 3.77177 -0.000594589 0.238406 0.000916649 35.2547 -0.0190066 0.312166 21.3222 -35.3407 -53.2309 71.654 8.08037 6.80594 -0.0274385 -0.155611 -3.72605e-05 -3.25461e-09 -1.84578e-08 3.18055e-15 -6.87899 -2.3088 -14.292 16.4881 -17.366 77.0827 -84.7197 -17.6561 -7.56846 0.0296458 -0.168129 4.34964e-05 6.05763e-07 -3.43545e-06 1.74931e-14 27.9222 -27.57 12.3809 35.9412 -15.1713 9.65113 0.0232075 0.0751046 -6.54327e-05 -15.6731 -24.9336 -7.50842 23.452 13.46 -5.80826 0.0916504 -3.00613 2.71645 0.00438855 -8.35495 0.0182941 22.0497 -18.6711 -0.416127 15.7793 4.60602 -1.16362 -0.00982284 -2.22192 7.28087 -3.67716e-05 -1.88162 0.00741371
2220.23 2601.66 961.884 69.111 19.0494 6.574 -0.0265343 -4.28655 4.16994 -0.000420426 1.49252 -3.89602 -4.03022 13.7402 1.64921 -8.75472 24.291 4.34273 -7.60111 15.9202 3.05515 -0.000254801 0.240277 0.00171336 35.0274 -0.0246307 0.250154 20.0735 -35.3581 -53.2537 72.9371 8.045 7.05084 -0.0286279 -0.162357 -4.05608e-05 2.06918e-08 1.17349e-07 -1.59028e-14 -7.35878 -2.34566 -13.1178 9.31807 -15.7931 74.7634 -88.4444 -16.7162 -9.03009 0.147888 -0.838655 0.00108236 3.43129e-06 -1.94598e-05 5.85222e-13 27.7231 -28.2639 13.9172 35.4898 -15.4421 10.7444 0.0256982 0.0297977 -0.000293093 -19.1335 -23.1466 -7.57493 20.8374 13.0704 -4.91291 0.203476 -7.92765 3.2173 0.00562832 -8.47217 0.0237302 20.997 -18.269 -0.238206 14.1991 5.43039 -1.23209 -0.0131532 -4.82228 7.20676 -0.000407698 -1.96635 0.0069815
2223.79 2599.49 963.13 71.219 18.3765 5.803 -0.0292022 -4.3168 4.0975 -0.000842065 1.49582 -3.91165 -3.89164 13.9833 1.04455 -8.49191 24.8591 3.71662 -7.47799 16.478 2.42883 7.36981e-05 0.275297 0.00272278 34.6346 -0.02162 -0.189538 18.6051 -35.5365 -52.9796 74.1357 7.99628 7.27413 -0.0258052 -0.146348 -3.29565e-05 3.55988e-08 2.01891e-07 -1.59028e-15 -8.41165 -2.37893 -12.0222 3.69498 -15.4288 72.6306 -90.5618 -12.8902 -9.88981 0.774641 -4.38449 0.0296542 8.19615e-05 -0.000464827 3.32492e-10 26.6955 -28.9162 14.9519 33.9927 -15.8039 11.4416 0.0158548 0.0257486 -0.00274344 -22.764 -21.0506 -7.64492 18.7689 12.3137 -4.06212 0.241026 -12.9007 3.18309 0.00259202 -8.58198 0.0180315 19.1861 -17.6005 -0.466762 13.8026 6.18565 -1.37927 -0.00836473 -7.12482 7.11108 -0.000308087 -2.03013 0.00430358
2226.57 2597.38 963.332 72.954 17.6753 5.08 -0.0288162 -4.34919 4.03692 -0.00187238 1.49836 -3.91942 -3.74485 14.0896 0.625297 -8.06349 25.2325 3.22164 -7.32481 16.796 2.07382 0.00025447 0.325843 0.00228222 34.2177 -0.0160679 -1.21893 17.6124 -35.8199 -52.1735 74.8751 7.88667 7.40936 -0.0121789 -0.06907 -7.34083e-06 1.78925e-08 1.01473e-07 -7.95139e-15 -9.36389 -2.40061 -10.9602 -0.646257 -16.3537 70.4504 -90.8849 -14.4971 -10.146 0.462832 -2.62299 0.0105961 2.36071e-05 -0.000133882 2.75881e-11 24.8255 -29.2959 14.7998 31.5512 -16.1918 11.2692 0.00722594 0.161471 -0.0103736 -26.5068 -19.0716 -7.6491 18.7141 11.2452 -3.65143 0.182613 -16.2018 2.75762 -0.00389086 -8.69719 0.00112481 16.7017 -16.8095 -0.842471 14.6702 6.59221 -1.58234 0.00572333 -8.47186 7.05576 -5.70043e-05 -2.07583 0.00165003
2228.09 2595.76 962.346 74.417 17.1461 4.335 -0.0245316 -4.37669 4.01884 -0.00261999 1.50003 -3.91627 -3.70728 14.0027 0.480558 -7.78448 25.2687 3.02818 -7.3363 16.7636 2.08538 0.000888595 0.350765 0.00081667 33.8824 -0.0221342 -2.63084 17.8062 -36.0135 -50.7881 74.8316 7.79727 7.42893 0.00221763 0.0125768 -2.43392e-07 1.06867e-08 6.06074e-08 -1.43125e-14 -9.67194 -2.40053 -9.92942 -3.94267 -18.1736 68.2767 -89.443 -17.0737 -9.90088 -0.00100647 0.00570797 5.01337e-08 1.59887e-06 -9.06762e-06 1.17681e-13 22.4394 -29.2387 13.2397 28.6065 -16.4415 10.0905 0.00616713 0.373331 -0.0129549 -29.6977 -17.6414 -7.45491 20.8023 10.1352 -3.71393 0.127785 -17.0502 2.43278 -0.0100365 -8.84443 -0.0170006 13.7759 -16.0319 -1.14155 16.4159 6.42372 -1.74451 0.0208002 -8.84016 7.06179 0.000217056 -2.12368 -0.000153793
2228.24 2594.49 960.442 75.548 16.8899 3.691 -0.0162626 -4.40297 4.05031 -0.00245357 1.49824 -3.90336 -3.81055 13.757 0.579074 -7.82072 24.9552 3.12964 -7.52925 16.4323 2.304 0.00128752 0.346183 -4.6913e-05 33.6254 -0.0365046 -3.72871 19.2438 -36.0063 -49.2674 73.8303 7.86167 7.30347 -0.000250026 -0.00141797 -3.09382e-09 4.44581e-09 2.52133e-08 -9.54166e-15 -9.33933 -2.38702 -8.94406 -6.2101 -20.1991 66.4811 -86.8734 -16.3488 -9.41942 0.116237 -0.659183 0.000668657 6.13052e-07 -3.47679e-06 2.70347e-14 20.1794 -28.6539 10.8162 25.8889 -16.3325 8.30312 0.00319926 0.48016 -0.00387949 -31.258 -17.0071 -7.10425 23.5354 9.34919 -3.9615 0.116906 -15.6997 2.32798 -0.0126201 -9.0239 -0.0269264 11.1938 -15.4573 -1.30713 18.1724 5.75415 -1.75502 0.0285066 -8.52175 7.0961 0.000563697 -2.18446 -0.00105534
2227.2 2592.76 958.137 76.079 16.9112 3.443 -0.0117772 -4.43906 4.10372 -0.00227724 1.48959 -3.88785 -3.97343 13.4429 0.757789 -8.07917 24.402 3.31604 -7.73282 15.9448 2.41335 0.000607961 0.34311 -0.000150329 33.3523 -0.0348099 -3.86895 21.369 -35.9182 -48.1747 71.893 8.04831 6.98335 -0.0142207 -0.0806496 -1.00086e-05 5.53721e-09 3.14031e-08 1.27222e-14 -8.88131 -2.35777 -7.83434 -7.21832 -21.8575 65.3508 -84.3522 -16.6584 -9.01083 0.0491591 -0.278793 0.000119601 1.43036e-07 -8.11195e-07 -3.81667e-14 18.6433 -27.6206 8.58136 24.0696 -15.8012 6.65964 -0.00193436 0.397979 0.0046665 -30.1524 -17.1726 -6.77646 24.983 9.25877 -4.12367 0.107276 -13.1531 2.22841 -0.0114065 -9.21393 -0.0267054 9.85325 -15.2423 -1.51265 19.1221 4.93613 -1.59923 0.0239378 -7.96892 7.12451 0.000726007 -2.25169 -0.000623042
2225.45 2589.71 955.783 75.891 17.1005 3.764 -0.0141516 -4.49414 4.13278 -0.00311499 1.47393 -3.8798 -4.08995 13.1502 0.840651 -8.31027 23.7953 3.35747 -7.78296 15.4503 2.2449 -0.000429842 0.343839 -0.000112191 32.9698 -0.00774578 -3.00144 23.3424 -35.9544 -47.8622 69.3367 8.23012 6.49777 -0.0214379 -0.12158 -2.27453e-05 2.69987e-08 1.53117e-07 -3.18055e-15 -8.92136 -2.30618 -6.56747 -6.86268 -22.946 64.9104 -82.8005 -16.7794 -8.8087 0.0141041 -0.0799885 9.84513e-06 -1.70151e-09 9.64986e-09 1.74931e-14 17.8975 -26.3418 7.26331 23.2368 -14.989 5.66391 -0.00143792 0.24366 0.00405847 -26.0556 -17.9527 -6.49393 23.9569 10.0028 -4.07679 0.0852405 -10.6724 2.04176 -0.00829894 -9.3952 -0.0215427 9.92181 -15.3883 -1.97968 18.9973 4.36787 -1.38334 0.00705168 -7.46876 7.13835 0.000515764 -2.31535 0.00117979
2223.78 2585.22 953.343 75.285 17.2418 4.526 -0.0158174 -4.56444 4.10322 -0.0039934 1.45577 -3.8852 -4.13345 12.9446 0.772061 -8.36736 23.3065 3.18724 -7.66117 15.0501 1.88207 -0.000953082 0.323581 -8.44535e-05 32.524 0.0224883 -1.67389 24.5487 -36.0799 -48.2435 66.8249 8.37086 6.00632 -0.0193999 -0.110022 -1.86263e-05 1.9609e-08 1.11208e-07 1.59028e-14 -9.81566 -2.28164 -5.4859 -5.27316 -23.4374 65.1886 -82.3538 -16.6788 -8.77203 0.0245974 -0.139499 2.99439e-05 -5.25312e-09 2.9792e-08 -7.95139e-15 17.4075 -24.9959 6.69745 22.7531 -14.0845 5.17659 0.0039975 0.169448 3.82073e-05 -19.4184 -18.9756 -5.95967 20.2687 11.2346 -3.72615 0.0680849 -9.17259 1.85965 -0.0050946 -9.54746 -0.0160886 10.6726 -15.6906 -2.79805 18.1666 4.24084 -1.23909 -0.0153098 -7.23679 7.14777 0.000170945 -2.37517 0.00345185
2223.15 2579.81 950.735 74.923 17.1564 5.352 -0.0142518 -4.63591 4.01453 -0.00357842 1.44125 -3.9012 -4.18502 12.8518 0.628083 -8.37335 23.0103 2.93701 -7.54131 14.7896 1.53904 -0.000297754 0.281084 -9.50113e-05 32.2 0.0350323 -0.642375 24.8792 -36.1616 -48.923 65.0473 8.47053 5.66434 -0.0143694 -0.081493 -1.0219e-05 1.15928e-08 6.5746e-08 -6.36111e-15 -11.416 -2.35393 -5.25595 -2.58464 -23.1859 66.4926 -82.6514 -16.7056 -8.8316 0.0195614 -0.110938 1.89378e-05 1.52244e-08 -8.6342e-08 -3.18055e-15 16.5585 -23.6442 6.17198 21.8319 -13.1992 4.69485 0.0107366 0.21736 -0.0041911 -11.5158 -19.6902 -4.91865 14.5061 12.3022 -2.98309 0.0637966 -8.96842 1.75377 -0.00271589 -9.64817 -0.0103024 10.9546 -15.8347 -3.89645 17.2498 4.3931 -1.19418 -0.0313235 -7.40271 7.1667 3.14609e-05 -2.43966 0.00487879
2223.77 2574.18 948.266 75.319 16.8262 5.903 -0.0139651 -4.69722 3.8957 -0.0023204 1.43023 -3.92076 -4.33447 12.8674 0.531352 -8.54366 22.9176 2.80811 -7.61999 14.701 1.3772 0.000912204 0.232257 -3.00224e-05 32.1245 0.0327807 -0.347392 24.624 -36.327 -49.5276 64.2845 8.5082 5.51352 -0.00922057 -0.0522924 -4.20769e-06 8.83875e-09 5.01269e-08 -1.59028e-15 -13.1305 -2.51258 -6.32685 0.776726 -22.2188 68.8386 -83.0871 -16.861 -8.89526 -0.00599608 0.0340054 1.77936e-06 4.40067e-08 -2.49574e-07 1.43125e-14 15.1742 -22.3464 5.11286 20.184 -12.4035 3.83868 0.0130499 0.310165 -0.00295328 -4.39101 -19.6336 -3.69667 7.98465 12.6727 -1.91285 0.0604113 -9.70323 1.73032 -0.00171416 -9.69147 -0.00524848 10.41 -15.7268 -5.03587 16.3897 4.69389 -1.21227 -0.0397261 -8.00168 7.20498 8.12107e-05 -2.50885 0.00461362
2224.86 2568.69 946.564 76.242 16.3591 6.176 -0.0127506 -4.74258 3.78347 -0.00122208 1.4086 -3.93819 -4.54922 12.9858 0.561865 -8.90243 23.0275 2.90027 -7.87578 14.8137 1.42993 0.000962606 0.192219 5.60482e-06 32.2597 0.0259564 -0.652985 24.1749 -36.9271 -49.8947 64.2471 8.4932 5.4888 -0.00582214 -0.033019 -1.67762e-06 4.72179e-09 2.67786e-08 -0 -14.2849 -2.66987 -8.30673 4.06874 -21.1728 71.4876 -82.9995 -16.9492 -8.81857 -0.0211967 0.120212 2.22365e-05 6.74943e-08 -3.82779e-07 7.95139e-15 13.6391 -21.2967 3.48815 18.2462 -11.7948 2.6131 0.0074171 0.304805 0.00429567 0.0689265 -18.8926 -3.03147 2.69552 12.3314 -0.885949 0.0356598 -10.7222 1.74798 -0.00137964 -9.69701 -0.00228569 9.72322 -15.5175 -6.01408 15.4196 5.17129 -1.26324 -0.0505511 -9.24765 7.25269 -9.35566e-06 -2.57295 0.00332742
2225.05 2563.26 945.929 76.999 15.9003 6.348 -0.00754557 -4.75853 3.69925 -0.000771137 1.35451 -3.94456 -4.67978 13.1903 0.726261 -9.21793 23.322 3.172 -8.10242 15.0994 1.66459 -0.00100927 0.186368 -1.05514e-05 32.5072 0.0189097 -1.11012 23.4684 -38.209 -50.2744 64.485 8.46868 5.52804 -0.00564828 -0.032033 -1.57892e-06 1.39125e-09 7.89012e-09 4.77083e-15 -14.5627 -2.76601 -10.3061 6.70416 -21.2003 73.4388 -81.788 -16.8748 -8.42541 -0.00998097 0.0566049 4.93031e-06 5.21194e-08 -2.95584e-07 1.27222e-14 12.4898 -20.7461 1.65099 16.7237 -11.5038 1.27206 0.000873839 0.160481 0.00613126 0.946374 -18.0392 -3.32721 0.414339 11.8559 -0.397265 -0.0071327 -11.6847 1.76977 -0.000760065 -9.6886 -0.000909081 9.52389 -15.3587 -6.81125 14.44 5.78955 -1.34191 -0.0648642 -11.1607 7.28876 -0.000452746 -2.62795 0.00224878
2223.34 2558.1 945.931 77.233 15.5652 6.473 -0.00143503 -4.72186 3.64484 -0.00104943 1.26016 -3.92826 -4.59976 13.442 0.96679 -9.2257 23.7569 3.49614 -8.11419 15.4824 2.01002 -0.00365514 0.233933 0.000672345 32.7819 0.00857141 -1.26311 21.8277 -40.0323 -51.346 64.9539 8.44981 5.65111 -0.00731208 -0.0414688 -2.64612e-06 -1.56323e-09 -8.86541e-09 3.18055e-15 -14.3207 -2.81937 -11.6073 8.56729 -23.3091 74.1496 -78.9697 -16.7656 -7.62943 0.00191339 -0.0108514 1.81191e-07 2.10861e-08 -1.19585e-07 -7.95139e-15 11.9074 -20.8892 -0.0454685 15.9008 -11.671 0.0601677 0.00177555 -0.00308601 0.00212366 -1.4422 -17.4993 -4.37829 1.60577 11.8598 -0.653217 -0.0419211 -12.6802 1.78989 0.000256337 -9.6735 -0.000508282 9.51201 -15.2823 -7.48133 14.059 6.42063 -1.49917 -0.067055 -13.2582 7.30107 -0.00108305 -2.67997 0.00162345
2219.79 2553.74 946.024 77.252 15.4454 6.447 0.00405987 -4.62357 3.60954 -0.00163254 1.14829 -3.88413 -4.33541 13.7013 1.18787 -8.9386 24.244 3.76343 -7.92692 15.9033 2.35721 -0.00490563 0.318841 0.00199798 32.9852 -0.00938242 -0.937123 18.7447 -41.9048 -53.6474 65.8796 8.40698 5.87765 -0.00777241 -0.0440795 -2.98978e-06 -3.51892e-09 -1.99567e-08 -0 -14.2475 -2.85861 -12.0619 9.96265 -27.6573 73.8692 -74.3673 -16.6408 -6.51286 0.00262947 -0.0149125 3.42188e-07 2.49727e-09 -1.41626e-08 -3.18055e-15 11.667 -21.7759 -1.33667 15.5154 -12.3468 -0.831201 0.00612683 -0.0619133 0.000725972 -5.78973 -17.31 -5.71326 5.12641 12.3935 -1.42057 -0.0526804 -13.7994 1.81495 0.00117805 -9.65673 -0.000414933 8.8054 -15.2812 -8.0368 14.7382 6.89204 -1.74951 -0.0432208 -14.7574 7.29871 -0.00126671 -2.73826 0.00124404
2215.2 2550.39 946.365 77.713 15.6051 6.122 0.0109517 -4.48776 3.57435 -0.00205447 1.06508 -3.81859 -4.03932 13.9513 1.30931 -8.61131 24.6938 3.9496 -7.71866 16.3373 2.61857 -0.00464877 0.40596 0.00271872 32.9022 -0.0362557 -0.431232 14.7635 -43.4222 -56.8402 67.2171 8.30574 6.12824 -0.00433968 -0.0246116 -9.32062e-07 -2.02391e-09 -1.14782e-08 4.77083e-15 -14.6995 -2.88102 -12.0701 11.1559 -33.6395 73.2656 -68.0842 -16.3707 -5.24785 0.000579412 -0.00328601 1.66152e-08 7.28363e-10 -4.13066e-09 3.18055e-15 11.4057 -23.2316 -2.05946 15.0833 -13.3979 -1.29108 0.00607136 -0.0291778 0.000943615 -10.7003 -17.3025 -6.90393 9.16371 12.9391 -2.27727 -0.0395125 -14.7425 1.84793 0.00145168 -9.65285 -0.000340887 7.27837 -15.5351 -8.3283 15.6261 7.18488 -1.96416 -0.00809483 -15.2186 7.29769 -0.000507011 -2.80271 0.00165577
2210.5 2547.98 947.657 79.073 16.0345 5.39 0.0191382 -4.36719 3.51871 -0.00268772 1.04625 -3.7523 -3.88559 14.1824 1.33252 -8.5004 25.0598 4.10223 -7.64282 16.7696 2.78846 -0.00437013 0.476622 0.0027836 32.2472 -0.0697291 -0.307897 11.3801 -44.6271 -59.7271 68.4333 8.17579 6.28339 0.00164372 0.00932201 -1.33716e-07 -4.96717e-10 -2.81687e-09 4.77083e-15 -15.5332 -2.89268 -12.162 12.19 -40.3601 72.881 -60.459 -15.7892 -4.01264 0.0066438 -0.0376788 2.18455e-06 -4.1129e-09 2.33255e-08 -1.66979e-14 10.9314 -24.8664 -2.23817 14.3528 -14.5354 -1.36919 0.00318176 0.00897734 0.000302475 -15.4983 -17.2914 -7.67762 12.6079 12.9082 -2.91986 -0.0166616 -15.0024 1.89712 0.00127999 -9.68052 -0.000238207 5.66537 -16.2914 -8.11093 15.1086 7.50967 -1.98607 0.0348654 -15.1417 7.34777 0.000731277 -2.86206 0.00357391
2206.35 2546.33 950.181 81.2292 16.6423 4.243 0.0242936 -4.33117 3.4083 -0.00068547 1.11206 -3.66445 -3.94783 14.3636 1.36656 -8.66824 25.3117 4.30988 -7.70886 17.1488 2.95431 -0.00351913 0.533872 0.00254956 30.8642 -0.123868 -1.18153 10.1103 -45.698 -60.8589 68.9422 8.14149 6.30973 -0.00239348 -0.0135741 -2.83523e-07 1.81784e-08 1.03095e-07 -3.18055e-15 -16.4936 -2.90567 -12.6349 13.0638 -46.8629 72.8709 -52.2669 -14.874 -2.97797 0.0175579 -0.0995756 1.52571e-05 2.29245e-08 -1.30012e-07 8.74653e-15 10.1898 -26.2089 -2.17614 13.2922 -15.4449 -1.31185 0.00149251 0.0145809 -0.000148771 -20.3214 -17.2302 -8.04752 15.5059 12.1837 -3.31168 -0.0147104 -14.5377 1.95743 0.00130845 -9.74457 0.000224316 4.26068 -17.4695 -7.33694 12.264 8.00975 -1.71562 0.124579 -15.6202 7.54949 0.00254032 -2.91703 0.0093148
2202.78 2545.45 953.134 83.543 17.3305 2.836 0.023111 -4.42836 3.21089 0.00884893 1.28337 -3.48854 -4.13977 14.4468 1.56448 -8.91897 25.4201 4.63024 -7.7861 17.3687 3.23929 0.00128612 0.554467 0.00151506 28.8132 -0.2061 -3.38985 11.5732 -46.3825 -59.3564 68.7197 8.29062 6.267 -0.0298868 -0.169496 -4.42066e-05 1.48032e-07 8.39533e-07 7.95139e-15 -17.7232 -2.89275 -13.3722 13.9607 -52.0425 73.0712 -45.1657 -13.8564 -2.3852 0.0249294 -0.141381 3.07574e-05 5.86123e-08 -3.32407e-07 -6.36111e-15 9.09014 -26.99 -2.40069 11.8235 -15.9736 -1.49883 0.0016513 0.0163035 -0.000831177 -25.6627 -17.2494 -8.31314 18.6906 11.1858 -3.7055 -0.0637623 -14.204 2.0279 0.00177675 -9.81581 0.000707587 1.91662 -18.6341 -6.47828 7.9275 8.49964 -1.14453 0.290912 -17.504 7.92442 0.00700178 -2.98754 0.0239331
2199.63 2545.64 954.931 85.2505 18.0806 1.466 0.0143804 -4.63158 2.95038 0.0217953 1.53725 -3.23225 -4.34037 14.393 2.02337 -9.07244 25.3419 5.07673 -7.78667 17.3309 3.72152 0.00879336 0.488837 0.0020965 26.411 -0.270321 -6.51901 15.142 -45.9972 -55.699 68.2379 8.53995 6.21885 -0.0718541 -0.407498 -0.000255521 5.54635e-07 3.14549e-06 -1.74931e-14 -19.581 -2.79113 -14.0589 15.6286 -54.7706 73.5435 -41.1851 -13.1207 -2.39707 0.0328261 -0.186166 5.33294e-05 -2.96915e-08 1.68389e-07 3.97569e-15 7.68442 -27.3227 -3.29528 9.9982 -16.2131 -2.19047 0.00186947 0.0535976 -0.00195904 -31.4195 -17.5365 -8.7953 22.6776 10.4509 -4.37631 -0.15804 -15.0254 2.13284 0.00264467 -9.84908 0.000160405 -3.05983 -19.4447 -6.39494 4.49456 8.67631 -0.500628 0.430376 -20.7629 8.17678 0.0124688 -3.0799 0.0427681
2196.72 2546.59 954.518 85.8522 18.9114 0.487 -0.00127955 -4.83942 2.70099 0.0290728 1.78074 -3.0067 -4.49112 14.2071 2.73316 -9.14203 25.0554 5.65313 -7.7706 17.0197 4.41606 0.0123066 0.334974 0.00727696 24.1507 -0.266638 -9.54485 19.2846 -44.2302 -51.6832 67.8861 8.69363 6.17958 -0.096226 -0.545708 -0.000458251 1.13457e-06 6.43444e-06 -5.08889e-14 -22.0718 -2.60018 -14.4453 18.9108 -54.811 74.4779 -41.0548 -12.906 -2.81774 0.0444849 -0.252285 9.79381e-05 -2.73978e-07 1.55381e-06 7.95139e-15 6.25139 -27.4916 -4.90086 8.13827 -16.3428 -3.40227 0.00023352 0.104855 -0.000589342 -36.5041 -18.1565 -9.63947 26.9065 10.2861 -5.32849 -0.236017 -17.1285 2.26807 0.00354654 -9.82093 -0.000812975 -10.5075 -19.8486 -7.53622 4.08552 8.55528 -0.206613 0.34929 -24.5117 7.85901 0.0123104 -3.17369 0.0471828
2193.97 2547.31 952.165 85.4449 19.7378 0.071 -0.0150949 -4.92965 2.57039 0.0280266 1.8846 -2.99024 -4.62648 13.9485 3.5631 -9.28779 24.6431 6.32445 -7.89057 16.5386 5.24903 0.00939648 0.153205 0.0130914 22.5546 -0.196721 -11.3965 22.4916 -41.8189 -49.3096 67.666 8.60725 6.12315 -0.0754502 -0.427891 -0.000281737 9.51707e-07 5.3974e-06 -3.81667e-14 -24.7471 -2.46379 -14.5121 24.0652 -53.3643 75.9561 -43.0848 -13.1612 -3.0656 0.0445791 -0.252819 9.83531e-05 -3.23687e-07 1.83572e-06 4.77083e-15 5.20677 -27.6412 -6.93538 6.78253 -16.449 -4.91463 -0.000790755 0.102834 0.0022153 -39.73 -18.9383 -10.6721 30.1487 10.6227 -6.26589 -0.225941 -19.3357 2.41423 0.00344149 -9.74731 -0.000681604 -17.6675 -19.9694 -9.317 7.36419 8.54939 -0.555396 0.131232 -27.8137 7.11772 0.00670397 -3.25456 0.0292929
2191.73 2546.98 948.859 84.7157 20.3328 0.045 -0.0174451 -4.85586 2.62229 0.0221688 1.79811 -3.27486 -4.82572 13.7092 4.321 -9.66366 24.2564 7.01206 -8.25381 16.0576 6.06634 0.00492272 0.00844428 0.0129033 21.8657 -0.111356 -11.5434 24.0149 -39.9116 -49.5967 67.3796 8.36355 6.03408 -0.0246931 -0.140041 -3.01773e-05 3.13572e-07 1.77835e-06 -1.27222e-14 -26.9948 -2.52748 -14.457 30.5751 -52.4547 78.1045 -43.9039 -13.5915 -2.56382 0.0190766 -0.108189 1.80107e-05 3.37051e-08 -1.91151e-07 7.15625e-15 4.83282 -27.6459 -8.90675 6.31859 -16.4651 -6.35498 0.00418654 0.0375195 0.00211304 -40.7101 -19.5936 -11.4103 31.4027 11.0909 -6.78162 -0.148183 -20.0785 2.55242 0.00203933 -9.66679 9.15515e-05 -21.1991 -20.2067 -10.5059 13.2775 9.05088 -1.48963 0.119238 -30.2327 6.72163 0.00634418 -3.32345 0.0158371
2190.42 2545.29 945.504 84.2836 20.5244 0.103 -0.0111188 -4.68512 2.77949 0.0140495 1.61205 -3.7136 -5.05332 13.5502 4.85785 -10.1719 23.9844 7.60728 -8.75449 15.6854 6.71146 0.00268361 -0.0742566 0.0074583 21.8184 -0.0498491 -10.3181 23.7331 -38.9316 -52.3273 67.0186 8.17482 5.945 0.0141042 0.0799891 -9.84528e-06 7.43413e-08 4.2161e-07 -3.18055e-15 -28.4537 -2.7357 -14.2725 37.1841 -53.4903 80.9523 -41.2605 -13.6705 -1.46858 -0.0110969 0.0629334 6.09437e-06 2.19872e-07 -1.24696e-06 1.59028e-15 4.95693 -27.1648 -10.3794 6.51624 -16.1722 -7.42007 0.0112385 -0.0225641 0.000517629 -40.1454 -19.8685 -11.5944 30.661 11.3272 -6.68062 -0.0724098 -19.17 2.65454 0.000236255 -9.60401 -0.000482001 -19.8164 -20.8763 -10.3139 19.896 9.96008 -2.88431 0.346223 -31.4182 6.94551 0.0154277 -3.34881 0.0208573
2190.24 2542.76 942.287 84.1796 20.3505 0.121 -0.0038865 -4.50991 2.91475 0.00606894 1.43447 -4.09817 -5.19167 13.4495 5.12281 -10.552 23.7924 8.00129 -9.15094 15.4094 7.07396 0.002515 -0.0977556 0.00266912 21.97 -0.0158592 -8.39276 22.0109 -38.4121 -56.4629 66.8078 8.13962 5.90496 0.0213875 0.121295 -2.26386e-05 2.23798e-09 1.26923e-08 -1.59028e-15 -29.1455 -2.92949 -13.8181 42.939 -56.01 84.5859 -35.9541 -13.0703 -0.61495 -0.0187321 0.106235 1.7366e-05 3.80942e-07 -2.16043e-06 -4.77083e-15 5.30274 -25.9735 -11.0578 6.98684 -15.3972 -7.91838 0.0122239 -0.0406977 -6.16208e-05 -39.3176 -19.6218 -11.4566 28.9339 11.1787 -6.13112 -0.0080109 -17.9114 2.75186 -0.0012995 -9.55836 -0.00290828 -14.876 -21.7183 -8.89262 25.3782 10.8195 -4.5461 0.437345 -31.2995 7.23804 0.0220698 -3.2988 0.0274518
2191.03 2540.24 938.851 83.8857 19.9782 0.208 0.00302491 -4.39007 2.95798 0.00115127 1.3172 -4.3351 -5.15847 13.3369 5.1887 -10.5875 23.5678 8.15164 -9.23497 15.1454 7.15737 0.00337219 -0.0755376 0.00105448 22.1 -0.00273803 -6.23396 19.56 -37.7023 -60.8222 66.8573 8.18551 5.92274 0.0114969 0.065202 -6.54167e-06 -1.70753e-09 -9.68399e-09 -0 -29.3738 -3.00774 -13.1257 47.4385 -58.3089 88.5354 -30.6696 -12.1629 -0.461983 -0.0104989 0.0595421 5.45525e-06 2.2445e-07 -1.27292e-06 -0 5.85517 -24.1243 -10.8654 7.72282 -14.1622 -7.78498 0.00793925 -0.0340482 -0.000103011 -39.0535 -18.96 -11.3765 27.4669 10.781 -5.54196 0.0457502 -17.763 2.87925 -0.00211811 -9.51829 -0.00560258 -9.26204 -22.1664 -7.21241 28.5442 11.3038 -5.90174 0.239961 -30.5705 7.17376 0.015683 -3.2136 0.0201615
2192.34 2538.1 935.202 82.8699 19.552 0.516 0.00992817 -4.33156 2.92445 -0.000239981 1.25347 -4.46235 -4.95751 13.1884 5.19532 -10.2263 23.2492 8.11518 -8.95839 14.8519 7.09482 0.00422839 -0.0248451 0.000631999 22.3417 -0.00863669 -4.10201 16.922 -36.6379 -64.7025 67.0875 8.21872 5.9898 0.00222737 0.012632 -2.45534e-07 -1.38003e-09 -7.82649e-09 -1.59028e-15 -29.6245 -2.97116 -12.4023 50.4781 -59.1801 91.5707 -27.5339 -11.5373 -0.694899 -0.00298986 0.0169563 4.42415e-07 7.4497e-08 -4.22493e-07 -0 6.71763 -21.9315 -10.0225 8.91284 -12.6897 -7.16372 0.00293723 -0.019851 0.000364448 -39.4219 -18.1519 -11.5534 26.9702 10.4518 -5.27242 0.0637504 -19.2285 2.97118 -0.00178875 -9.48083 -0.00571268 -5.44262 -21.9183 -6.31367 29.3458 11.3661 -6.38713 0.00397619 -29.9153 6.89712 0.00509418 -3.15891 0.00474609
2193.78 2536.41 931.875 81.1644 19.1359 0.986 0.0132265 -4.29943 2.88271 -0.000318348 1.20213 -4.57501 -4.70426 13.0536 5.25497 -9.65384 22.8934 8.02343 -8.49404 14.5773 7.06357 0.00388306 0.0257117 0.000187379 22.9839 -0.022831 -2.22046 14.3458 -35.5218 -67.8698 67.3831 8.22267 6.0873 -0.00261659 -0.0148394 -3.38843e-07 -3.73845e-09 -2.12017e-08 1.59028e-15 -30.3 -2.90868 -11.9443 52.386 -58.6007 92.9436 -26.814 -11.3494 -0.911135 -0.000483803 0.00274378 1.15842e-08 4.00495e-09 -2.27132e-08 -6.36111e-15 7.88537 -19.9585 -8.84331 10.5699 -11.3682 -6.30395 -0.00220122 0.0069264 0.00120237 -40.0242 -17.4752 -11.8839 27.4451 10.4369 -5.42378 0.0478574 -21.4618 2.96473 -0.000706675 -9.45593 -0.0026766 -4.27253 -21.042 -6.44688 28.5239 11.0978 -6.04962 -0.09043 -29.2551 6.69537 0.000190744 -3.1479 -0.00329929
2195.1 2535 929.682 79.341 18.7718 1.37 0.0113969 -4.27288 2.87101 -0.000533636 1.15018 -4.69632 -4.52461 12.9956 5.40851 -9.14574 22.6302 8.01308 -8.08694 14.4131 7.17904 0.00227999 0.0444317 0.000252663 24.184 -0.02683 -1.02977 11.9881 -34.738 -70.0858 67.7503 8.22414 6.19297 -0.00758264 -0.0430033 -2.84557e-06 -6.82953e-09 -3.87321e-08 -1.59028e-15 -31.4979 -2.88409 -11.9588 53.736 -57.3895 92.8368 -27.4605 -11.4042 -1.03446 -0.000559683 0.00317412 1.55029e-08 -4.47345e-11 2.53813e-10 -4.77083e-15 9.10198 -18.7733 -7.56437 12.2968 -10.5712 -5.40344 -0.00553204 0.0380771 0.0011012 -40.3792 -17.1105 -12.1341 28.3058 10.7306 -5.80775 0.0308629 -23.2291 2.92154 0.000200518 -9.45143 0.000777404 -4.92702 -19.8093 -7.03881 26.8155 10.5846 -5.32909 -0.060376 -28.3054 6.72306 -0.000724407 -3.15728 -0.00450893
2196.14 2533.76 929.251 78.026 18.5281 1.469 0.00752882 -4.24961 2.88422 -0.00113182 1.09682 -4.79917 -4.47628 13.0498 5.623 -8.91141 22.5995 8.16638 -7.90721 14.4319 7.43111 0.000694045 0.0241393 0.000610714 25.8779 -0.0202755 -1.00948 10.2492 -34.576 -70.7956 68.3333 8.20758 6.29584 -0.0120147 -0.0681387 -7.14421e-06 -7.49258e-09 -4.24925e-08 -1.59028e-15 -33.0016 -2.87518 -12.5658 54.8478 -56.3014 91.8988 -28.3983 -11.5035 -1.12053 -0.000369592 0.00209606 6.7604e-09 -1.35142e-11 7.66641e-11 -7.15625e-15 10.109 -18.7491 -6.34558 13.6721 -10.545 -4.55338 -0.00300503 0.0555219 0.000307367 -40.2708 -17.0837 -12.1576 28.8233 11.1224 -6.13258 0.0247428 -23.8785 2.91895 0.00059517 -9.45968 0.00262869 -5.92863 -18.6705 -7.40637 24.6638 10.0149 -4.62348 0.0226741 -27.2498 6.96477 -0.0011481 -3.17235 -0.00487134
2196.79 2532.88 930.594 77.398 18.4657 1.314 0.00391853 -4.23585 2.89352 -0.0016995 1.03286 -4.87244 -4.53544 13.2055 5.83319 -8.97234 22.8699 8.45896 -7.94786 14.6583 7.72362 -0.000146168 -0.0169546 0.000576285 27.7715 -0.0192126 -2.27805 9.78641 -35.1596 -69.3708 69.1718 8.12547 6.39893 -0.00891771 -0.0505748 -3.93582e-06 -6.84735e-09 -3.88332e-08 -6.36111e-15 -34.4898 -2.82313 -13.701 55.8213 -55.6545 90.8587 -29.225 -11.5978 -1.19411 0.000440561 -0.00249855 9.60595e-09 3.14239e-12 -1.77554e-11 -8.74653e-15 10.9161 -19.917 -5.26964 14.6889 -11.3195 -3.77712 0.00458812 0.0586093 -0.00026447 -39.6226 -17.3651 -11.9598 28.6526 11.4328 -6.23076 0.019481 -23.3288 2.96204 0.000648126 -9.46101 0.0032556 -6.82302 -17.9913 -7.4619 22.4184 9.65919 -4.10035 0.0726785 -26.4216 7.16814 -0.00261411 -3.19579 -0.00894739
2196.96 2532.5 933.266 77.118 18.5945 1.161 -0.00154788 -4.241 2.8628 -0.00158828 0.961407 -4.9225 -4.6032 13.4234 5.97294 -9.13664 23.3919 8.75202 -8.03421 15.0768 7.94807 -0.000391548 -0.0606846 7.46902e-05 29.4481 -0.0261273 -4.45944 10.8421 -36.2349 -65.8529 70.2505 7.98164 6.52584 0.00249608 0.014156 -3.08352e-07 -4.22347e-09 -2.39524e-08 4.77083e-15 -35.7894 -2.70761 -14.9619 56.7805 -55.5844 90.3123 -30.1366 -11.7285 -1.28407 0.00201586 -0.0114325 2.01117e-07 8.69595e-11 -4.93154e-10 -1.19271e-14 11.7217 -21.9848 -4.29781 15.6438 -12.7129 -3.03501 0.0125898 0.0589634 -0.000341343 -38.2837 -17.9173 -11.6705 27.9465 11.6409 -6.12933 0.018542 -21.9274 3.03741 0.000731037 -9.4459 0.00402408 -8.23299 -17.7435 -7.64191 20.2647 9.52598 -3.64979 0.0383718 -25.7349 7.09908 -0.00606526 -3.22125 -0.0191811
2196.69 2532.54 936.529 76.792 18.8751 1.278 -0.00995514 -4.25967 2.77177 -0.000946147 0.898854 -4.96377 -4.60545 13.6614 5.99233 -9.21318 24.0058 8.89077 -8.04015 15.5994 8.03425 -0.000439875 -0.103905 -0.000364325 30.5827 -0.0233387 -6.78885 12.9583 -37.2263 -61.2442 71.537 7.84106 6.69935 0.0132569 0.0751835 -8.69784e-06 -3.86898e-09 -2.19421e-08 -1.11319e-14 -36.8731 -2.56734 -15.852 57.9156 -56.0347 90.5001 -31.3621 -11.9146 -1.4161 0.00433099 -0.0245623 9.28332e-07 4.0818e-10 -2.31489e-09 -4.77083e-15 12.7044 -24.4599 -3.28411 16.8009 -14.3967 -2.21739 0.0177374 0.0593438 -0.000145929 -36.2957 -18.6633 -11.4597 27.2571 11.8084 -6.00752 0.0343592 -19.9657 3.16456 0.00103885 -9.4237 0.0051608 -10.7357 -17.6855 -8.38902 18.5073 9.46905 -3.20982 -0.0210148 -24.4766 6.93535 -0.0101233 -3.22216 -0.0286457
2195.92 2532.68 939.386 76.329 19.2362 1.774 -0.0174513 -4.26644 2.63046 -0.000281617 0.856353 -5.00702 -4.54614 13.857 5.85586 -9.18754 24.4896 8.79577 -8.00181 16.0556 7.97295 -0.00010661 -0.142195 -0.000331044 31.1057 -0.00973925 -8.40958 15.0668 -37.6863 -57.2737 72.7967 7.77455 6.90114 0.0138538 0.0785688 -9.49875e-06 -1.29538e-09 -7.34633e-09 -7.95139e-15 -37.7436 -2.45183 -16.151 59.354 -56.6574 91.26 -32.704 -12.1022 -1.55834 0.00553524 -0.0313919 1.51636e-06 6.2822e-10 -3.56273e-09 4.77083e-15 13.7539 -26.6463 -2.15231 18.0179 -15.8763 -1.29016 0.0186782 0.0501892 0.00031157 -34.0227 -19.4231 -11.4829 27.0819 11.8979 -5.98794 0.0569471 -17.4786 3.2993 0.00135573 -9.40233 0.00584284 -13.7859 -17.5845 -9.72992 17.8618 9.22965 -2.86789 0.0544486 -21.8056 7.22387 -0.0107119 -3.18866 -0.0227372
2194.5 2532.33 940.842 75.892 19.5821 2.605 -0.0198689 -4.23546 2.47503 0.00028807 0.830606 -5.05587 -4.47589 13.9326 5.56614 -9.1745 24.6592 8.50109 -8.03158 16.2529 7.79506 0.000859714 -0.163954 -4.97235e-05 31.1775 -0.00952802 -8.59799 15.9369 -37.4862 -55.7736 73.7151 7.77186 7.06931 0.00727086 0.0412351 -2.61638e-06 -1.21317e-09 -6.88016e-09 -9.54166e-15 -38.3271 -2.3826 -16.0156 61.0089 -56.9262 92.2158 -33.5953 -12.1947 -1.63415 0.00478118 -0.0271154 1.13135e-06 3.61136e-10 -2.0481e-09 7.95139e-16 14.4715 -27.7936 -1.16853 18.8173 -16.624 -0.516892 0.0174114 0.0503755 -0.000714728 -31.8265 -19.9728 -11.8219 27.1999 11.839 -5.98016 0.0606737 -14.7016 3.31552 0.00132629 -9.38108 0.00529658 -15.8273 -17.4094 -11.2613 19.057 8.59338 -2.77486 0.278374 -17.6094 8.08279 -0.00624114 -3.14853 0.000826677
2192.59 2531.01 940.269 75.591 19.8259 3.668 -0.0176739 -4.16879 2.33596 0.000670154 0.808994 -5.10764 -4.44861 13.8301 5.20021 -9.26992 24.4388 8.13027 -8.17659 16.0611 7.542 0.00181541 -0.166553 5.86341e-05 31.154 -0.0348337 -7.12094 15.06 -36.5832 -57.3932 74.1153 7.80043 7.1515 -0.000159517 -0.000904664 -1.25934e-09 1.12311e-09 6.36954e-09 1.43125e-14 -38.5255 -2.35954 -15.612 62.7224 -56.5754 93.0369 -33.4766 -12.1174 -1.5782 0.00315072 -0.0178686 4.91303e-07 2.38424e-10 -1.35219e-09 1.11319e-14 14.5298 -27.3838 -0.816322 18.893 -16.3127 -0.294989 0.017707 0.110637 -0.00380429 -29.8443 -20.192 -12.4638 26.7947 11.6782 -5.78961 0.0428066 -12.1917 3.19068 0.00087065 -9.36231 0.00356796 -16.1865 -17.252 -12.7089 22.2897 7.64901 -2.94506 0.410492 -12.5526 8.72411 -0.000859965 -3.1206 0.0210182
2190.68 2528.76 937.888 75.264 19.9489 4.885 -0.0150571 -4.09444 2.2272 0.000418887 0.784176 -5.15563 -4.47431 13.5456 4.85749 -9.44976 23.8826 7.78867 -8.35285 15.502 7.23179 0.00225421 -0.159693 9.36134e-05 31.4572 -0.0635612 -4.48121 12.9657 -34.9439 -61.043 74.0743 7.84636 7.14866 -0.00672222 -0.0381236 -2.23642e-06 3.61326e-09 2.04918e-08 6.36111e-15 -38.3401 -2.38079 -14.74 64.3921 -55.9444 93.5687 -32.3336 -11.877 -1.41207 0.00122563 -0.00695091 7.43447e-08 1.72831e-11 -9.79273e-11 3.97569e-15 14.0737 -25.483 -1.15881 18.4597 -15.007 -0.632767 0.016985 0.20172 -0.003441 -27.8576 -20.1911 -13.2825 25.1615 11.6085 -5.33669 0.0250959 -10.6423 3.0693 0.0004092 -9.35556 0.00201126 -15.7659 -16.9805 -14.1784 26.8531 6.46366 -3.10289 0.314481 -7.69949 8.49459 0.000942175 -3.09558 0.0194534
2189.42 2526.16 934.847 74.67 19.9894 6.17 -0.0145011 -4.04282 2.15314 -0.000488753 0.761942 -5.19236 -4.52809 13.1677 4.58307 -9.61741 23.1804 7.4975 -8.45249 14.7677 6.85631 0.00271765 -0.154327 0.000152026 32.2667 -0.0724286 -1.65598 10.7806 -32.8005 -64.6922 73.9221 7.86683 7.11313 -0.00837148 -0.047477 -3.46843e-06 4.63108e-09 2.62641e-08 3.18055e-15 -37.8232 -2.44049 -13.0571 65.5459 -55.749 93.4885 -30.8149 -11.5706 -1.24536 8.9119e-05 -0.000505419 3.93064e-10 7.24658e-11 -4.11081e-10 -7.95139e-15 13.7227 -22.879 -1.66626 18.2142 -13.234 -1.06981 0.0110835 0.219273 -0.000130642 -25.7428 -20.2141 -14.1031 22.3262 11.8706 -4.76358 0.022495 -10.4915 3.09856 0.000363325 -9.36642 0.00186573 -15.6727 -16.3653 -15.7605 31.494 5.1046 -2.96117 0.134786 -3.97114 7.80615 0.000286461 -3.07418 0.00751403
2189.11 2524.14 932.54 73.702 20.027 7.407 -0.0173366 -4.03387 2.11007 -0.00141598 0.7512 -5.2142 -4.56474 12.8191 4.33841 -9.6882 22.5471 7.20105 -8.44373 14.0883 6.41501 0.00318396 -0.159308 0.000178327 33.3733 -0.0591124 0.393262 9.44711 -30.7655 -66.6311 73.9242 7.82731 7.09476 -0.001269 -0.00719688 -7.96993e-08 3.60104e-09 2.04226e-08 9.54166e-15 -36.9987 -2.50713 -10.5027 65.2227 -56.3526 92.1335 -29.8312 -11.3672 -1.11243 0.000438312 -0.00248579 9.50814e-09 2.63953e-09 -1.49694e-08 7.95139e-15 14.0412 -20.538 -1.66565 18.8181 -11.6408 -1.09919 0.000320156 0.177344 0.00093846 -23.9237 -20.3727 -14.8653 19.146 12.5215 -4.27956 0.0352567 -11.7496 3.25374 0.000325038 -9.38576 0.00193231 -15.9908 -15.4626 -17.2325 35.2166 3.75056 -2.51614 0.025011 -1.64135 7.36562 -0.000157923 -3.07061 -8.5456e-06
2189.28 2523.36 931.952 72.414 20.2109 8.483 -0.0198514 -4.07817 2.09136 -0.00179302 0.754469 -5.22289 -4.50301 12.551 4.07513 -9.58869 22.049 6.79485 -8.31118 13.5441 5.91182 0.00178485 -0.191614 -0.000567423 34.3095 -0.0264671 1.1655 9.15704 -29.3238 -66.3753 74.0978 7.75638 7.10603 0.010394 0.0589476 -5.34685e-06 3.89697e-09 2.21007e-08 -1.59028e-15 -35.8692 -2.53659 -7.46179 62.0654 -57.1031 88.542 -30.228 -11.4494 -0.933627 0.000874676 -0.00496054 3.78637e-08 7.49771e-09 -4.25217e-08 3.18055e-15 15.059 -18.8627 -0.715105 20.2923 -10.4657 -0.440069 -0.0170437 0.181798 0.00014894 -22.6839 -20.7768 -15.5452 16.4835 13.4803 -3.97485 0.0531532 -14.1563 3.35847 -6.77411e-05 -9.38378 0.00079954 -15.8395 -14.8025 -18.2263 37.5179 2.62038 -1.95144 0.00390645 -0.54129 7.2897 -8.51199e-06 -3.08514 -0.0016255
2189.11 2523.95 933.197 71.036 20.6985 9.268 -0.0119219 -4.18772 2.0858 -0.00169981 0.764535 -5.22319 -4.27056 12.3328 3.82408 -9.27075 21.5722 6.21605 -8.01236 13.0143 5.36041 -0.00174184 -0.266946 -0.00435424 34.7254 0.0172995 0.599854 9.55169 -28.3939 -64.4139 74.4061 7.69091 7.14926 0.0208719 0.11837 -2.15602e-05 1.75406e-08 9.94778e-08 1.74931e-14 -34.4036 -2.51609 -4.63058 55.4457 -56.4933 82.5245 -32.4259 -11.8889 -0.778805 0.000241068 -0.00136717 2.87615e-09 1.05513e-08 -5.98391e-08 7.95139e-15 16.2775 -17.5239 1.12555 21.9786 -9.4253 0.827507 -0.0357286 0.209553 -0.00104384 -21.8602 -21.6406 -16.0744 14.5709 14.6586 -3.80669 0.0628014 -17.2872 3.30845 -0.000486734 -9.3162 -0.000384667 -14.4806 -15.0269 -18.5331 38.2992 1.95315 -1.48478 0.0129375 -0.419844 7.32269 -2.02764e-06 -3.10328 -0.00196448
2188.18 2525.53 935.485 69.879 21.5295 9.679 0.00864801 -4.36945 2.08244 -0.00164513 0.768971 -5.22029 -3.87531 12.0933 3.62814 -8.72351 20.9567 5.50886 -7.52515 12.3241 4.79624 -0.00436189 -0.385068 -0.0118653 34.5381 0.0553769 -1.12191 10.1838 -27.5847 -61.5225 74.8707 7.62616 7.23203 0.0303134 0.171915 -4.54774e-05 5.2005e-08 2.94935e-07 9.54166e-15 -32.5949 -2.45098 -2.72564 47.241 -53.1807 76.3282 -36.281 -12.5785 -0.943084 -0.000968439 0.00549229 4.64166e-08 8.23366e-09 -4.66954e-08 1.59028e-14 17.0457 -15.9199 3.31807 23.0608 -8.10977 2.29172 -0.043761 0.167482 -0.00201258 -21.0568 -23.0989 -16.3561 12.9739 15.9931 -3.62894 0.0617418 -20.6424 3.16548 -0.00163398 -9.14907 -0.000851325 -12.3252 -16.2074 -18.2471 37.8836 1.79879 -1.2429 0.0159086 -1.04339 7.3502 -3.799e-05 -3.11717 -0.00213311
2186.71 2527.45 937.521 69.262 22.5425 9.718 0.0293451 -4.60661 2.07991 -0.001625 0.760543 -5.21672 -3.41695 11.7965 3.44604 -8.01604 20.193 4.78333 -6.92087 11.4679 4.25171 -0.00461785 -0.538565 -0.0188711 33.8266 0.0731041 -3.42764 10.744 -26.7131 -58.5304 75.4575 7.55235 7.35123 0.0397328 0.225334 -7.81312e-05 9.59477e-08 5.44147e-07 6.36111e-15 -30.6911 -2.32555 -2.29078 40.4453 -47.1235 72.9065 -41.1333 -13.3172 -1.58364 -0.000539288 0.00305845 1.43936e-08 5.53636e-09 -3.13981e-08 1.19271e-14 17.0723 -13.8301 5.19337 23.2104 -6.45949 3.48832 -0.0345444 0.0754212 -0.00143405 -20.0339 -24.9775 -16.3022 11.1592 17.4464 -3.31844 0.0536711 -23.7736 3.04928 -0.00397817 -8.88603 -0.00202152 -10.6291 -17.7822 -17.7337 37.0619 1.9696 -1.23226 0.0092664 -2.09577 7.39039 -3.30614e-05 -3.12718 -0.00195791
2185.31 2529.09 938.092 69.407 23.4366 9.501 0.0356717 -4.85572 2.08265 -0.00107112 0.740622 -5.21285 -3.05227 11.4747 3.13888 -7.2961 19.4702 4.13317 -6.35749 10.6605 3.71156 -0.00441844 -0.713965 -0.0195288 32.8236 0.0697672 -5.41691 11.1378 -26.0603 -56.1161 75.9253 7.51074 7.46612 0.0434524 0.246429 -9.34447e-05 9.55484e-08 5.41882e-07 -1.27222e-14 -29.2097 -2.13346 -3.39406 36.3822 -39.4567 72.8542 -46.0527 -13.9666 -2.48036 0.00599564 -0.034003 1.7791e-06 7.43746e-09 -4.218e-08 -9.93923e-15 16.6078 -11.5693 6.38373 22.7368 -4.76967 4.20621 -0.0151331 -0.00116224 -0.000848818 -19.2017 -26.6849 -16.0492 9.41309 18.8399 -2.96998 0.00260567 -26.6318 2.92929 -0.00388654 -8.58308 -0.00243318 -10.5814 -19.0447 -17.5176 36.7145 2.27695 -1.43989 -0.00394374 -3.13755 7.45719 3.84771e-06 -3.13672 -0.00146568
2184.36 2530.31 937 70.288 24.0152 9.217 0.0293555 -5.06046 2.0931 4.01101e-05 0.717151 -5.20976 -2.89025 11.1697 2.58468 -6.72118 18.9886 3.55482 -5.9712 10.1385 3.0989 -0.00421444 -0.868923 -0.0129454 31.8896 0.0495781 -6.33115 11.3952 -26.1373 -54.6181 75.8247 7.57403 7.47997 0.0325492 0.184595 -5.24335e-05 3.56764e-08 2.02331e-07 3.02153e-14 -28.5088 -1.91635 -5.48096 34.6077 -31.3164 74.7532 -50.446 -14.4773 -3.32103 0.0263525 -0.149452 3.43693e-05 1.03298e-07 -5.85831e-07 5.56597e-15 16.0468 -9.6061 7.0571 22.1112 -3.34783 4.59548 -0.000217305 -0.0522402 -0.000801066 -19.1092 -27.6668 -15.8893 8.78977 19.8433 -2.90482 -0.15993 -29.4382 2.63336 -0.000735626 -8.32536 0.000279938 -12.4954 -19.636 -17.9329 37.2384 2.62797 -1.83651 -0.0156663 -3.85055 7.54391 6.72101e-05 -3.15116 -0.000857014
2183.68 2531.65 934.93 71.671 24.3144 8.937 0.0194133 -5.18494 2.10789 0.000755394 0.699243 -5.21023 -2.91088 10.9142 1.84033 -6.43774 18.7694 3.00787 -5.80424 9.9437 2.38752 -0.00254003 -0.951084 -0.00449211 31.3684 0.0168682 -6.01111 11.6215 -27.2684 -53.9662 74.7178 7.73432 7.30329 0.0140041 0.0794214 -9.70603e-06 5.74513e-09 3.25823e-08 -1.74931e-14 -28.4112 -1.74035 -7.84158 34.0265 -23.3126 77.0615 -54.0164 -14.856 -4.02944 0.0602806 -0.341864 0.000179837 5.81673e-07 -3.29883e-06 1.74931e-14 15.5727 -8.19887 7.60626 21.5726 -2.31906 4.94155 0.00545782 -0.0877591 -0.000514081 -20.1718 -27.7766 -16.0275 10.185 20.1617 -3.40972 -0.391656 -32.1686 2.22757 -0.000339338 -8.16749 0.00235409 -15.5438 -19.707 -18.7356 38.5349 2.96403 -2.32012 -0.0210011 -4.21265 7.63144 0.000173022 -3.17469 -0.000873786
2183.07 2533.81 932.745 73.216 24.4336 8.562 0.00617222 -5.23287 2.12054 0.000558007 0.692827 -5.21763 -3.00137 10.7595 1.11135 -6.44793 18.7033 2.56474 -5.78751 9.95877 1.70398 -0.00047761 -0.945814 0.000794941 31.429 -0.0149074 -4.95724 11.9509 -29.3803 -53.7104 72.5124 7.94875 6.95414 0.000618775 0.00350925 -1.89493e-08 -3.90855e-10 -2.21659e-09 -1.59028e-15 -28.4133 -1.62667 -10.1523 33.7034 -15.837 79.1783 -56.5382 -15.2578 -4.7239 0.0812889 -0.461002 0.000327027 1.66798e-06 -9.4596e-06 1.30105e-13 15.1567 -7.32629 8.21401 21.1057 -1.64422 5.38068 0.00622609 -0.104987 -0.000103772 -22.7058 -27.1192 -16.5124 13.3545 19.6793 -4.32613 -0.539534 -34.2383 1.97223 -0.00295297 -8.10762 0.0021325 -18.6167 -19.5321 -19.3723 40.4977 3.12037 -2.69896 -0.0189524 -4.33991 7.69259 0.000273324 -3.20541 -0.00174177
2182.71 2537.03 931.028 74.647 24.3666 7.933 -0.0145354 -5.23159 2.12556 0.000557699 0.707055 -5.22867 -3.02954 10.7635 0.60527 -6.55879 18.7237 2.35394 -5.78029 10.0792 1.23365 -0.000415712 -0.873996 0.00367072 32.008 -0.035004 -3.74172 12.3441 -32.0725 -53.3943 69.5559 8.2009 6.52838 -0.00594252 -0.0337017 -1.74771e-06 -4.58e-09 -2.59744e-08 -6.36111e-15 -28.2238 -1.54067 -12.3946 33.1405 -9.35275 81.1957 -58.0132 -15.9287 -5.6111 0.0593353 -0.336503 0.000174241 1.35403e-06 -7.67907e-06 7.15625e-14 14.7043 -6.84346 8.71893 20.5874 -1.24432 5.79615 0.00624792 -0.0972641 0.000174298 -26.6666 -25.8584 -17.1483 17.1537 18.5311 -5.2032 -0.52709 -34.534 1.99963 -0.00421742 -8.1016 0.00185732 -21.199 -19.1934 -19.4403 43.0637 2.9891 -2.85469 -0.0101234 -4.50536 7.71311 0.000182955 -3.23024 -0.00231843
2182.85 2541.06 929.986 75.985 24.0576 6.962 -0.0388511 -5.20918 2.11771 0.00197325 0.757873 -5.22702 -2.94266 10.9365 0.405456 -6.5586 18.8704 2.40336 -5.66709 10.2866 1.0555 -0.00195078 -0.768682 0.00595896 32.8772 -0.0460214 -2.69447 12.7403 -34.8746 -52.5831 66.351 8.47229 6.10454 -0.00993158 -0.0563248 -4.88163e-06 -1.09163e-08 -6.19094e-08 -1.59028e-15 -28.0197 -1.45513 -14.42 32.5664 -4.39467 83.1342 -58.4212 -16.9775 -6.68394 1.26599e-05 -7.17978e-05 7.93429e-12 1.13507e-06 -6.4373e-06 6.59965e-14 14.1588 -6.63608 8.76006 19.9117 -1.08617 5.90861 0.00657043 -0.0668844 0.000636707 -31.5746 -24.2301 -17.5856 20.7954 16.9707 -5.86014 -0.36635 -32.185 2.43171 -0.00329727 -8.09884 0.00296425 -23.6274 -18.6566 -18.9449 45.9218 2.74427 -2.91084 -0.000965749 -4.91808 7.72087 -0.000102356 -3.23665 -0.00210357
2183.38 2544.96 930.216 77.429 23.5501 5.783 -0.0498492 -5.17076 2.09024 0.0036434 0.857681 -5.19534 -2.79893 11.2265 0.435593 -6.36818 19.239 2.58395 -5.4378 10.6397 1.08071 -0.00251777 -0.678086 0.00609157 33.8223 -0.0540403 -2.17118 13.5436 -37.4632 -50.4738 63.2071 8.7652 5.73012 -0.0161619 -0.0916587 -1.29275e-05 -3.41439e-08 -1.9364e-07 9.54166e-15 -28.1933 -1.3688 -15.8577 32.8648 -1.21231 84.6404 -57.7224 -18.1934 -7.60396 -0.0574409 0.32576 0.000163293 4.61719e-06 -2.61854e-05 1.04481e-12 13.4754 -6.81117 8.28188 18.9705 -1.2567 5.65269 0.00613561 -0.0229272 0.000686075 -36.1313 -22.6946 -17.4991 24.1466 15.2462 -6.3924 -0.0970027 -27.279 3.36631 -0.000589644 -8.0724 0.00838102 -26.4415 -17.9125 -18.2736 48.3312 2.6115 -3.0342 0.000627587 -5.41433 7.72145 -0.000298324 -3.22587 -0.00226843
2183.92 2547.53 932.285 79.048 22.9915 4.748 -0.037605 -5.0944 2.03525 0.00334363 1.0023 -5.13327 -2.68223 11.5622 0.539257 -6.08767 19.8569 2.67097 -5.19126 11.1926 1.12927 -0.0017973 -0.642736 0.00422118 34.73 -0.0567197 -2.57553 15.8641 -39.7268 -45.9594 59.9743 9.10943 5.40646 -0.0242189 -0.137352 -2.90293e-05 -7.94449e-08 -4.50555e-07 9.54166e-15 -28.7967 -1.25905 -16.3178 34.8981 0.420435 85.3415 -56.0303 -18.9917 -7.91501 -0.0750021 0.42535 0.0002784 8.0322e-06 -4.55529e-05 3.18374e-12 12.5928 -7.62863 7.67691 17.6732 -1.8963 5.30343 0.00517866 -0.00150012 0.000966201 -38.7652 -21.6627 -16.864 26.9712 13.571 -6.74337 0.104216 -20.913 4.28041 0.00431087 -8.00056 0.0197874 -29.6132 -17.0136 -17.8893 49.6528 2.65376 -3.22158 -0.00647872 -5.62882 7.68217 -0.000252625 -3.20753 -0.00284234
2184 2547.88 935.884 80.724 22.5277 4.198 -0.0155136 -4.95659 1.94569 0.00111412 1.1646 -5.06139 -2.61737 11.9056 0.555207 -5.83882 20.6316 2.51865 -5.01854 11.9255 1.0546 -0.00148156 -0.64397 0.00310313 35.5609 -0.0550999 -4.12461 20.8661 -41.6458 -38.2212 56.14 9.52459 4.99675 -0.0284671 -0.161444 -4.01064e-05 -8.65212e-08 -4.90686e-07 9.54166e-15 -29.3634 -1.08471 -15.6461 38.5219 0.938737 85.2763 -53.9351 -18.8191 -7.56121 -0.0496465 0.281557 0.000121984 5.45444e-06 -3.09337e-05 1.45351e-12 11.4998 -9.18883 7.3505 16.0579 -3.02962 5.16135 0.00454949 -0.0371031 0.00232025 -39.0081 -21.093 -16.075 28.4471 12.1961 -6.66259 0.109123 -14.6582 4.37786 0.00824621 -7.85317 0.0225247 -32.5524 -15.9994 -18.0687 49.8937 2.69665 -3.26141 -0.0184722 -5.02256 7.60426 -9.70698e-05 -3.19093 -0.00233792
2183.25 2545.95 939.801 82.2147 22.223 4.243 -0.00155231 -4.75949 1.82134 -0.000772082 1.3065 -5.00462 -2.52387 12.2469 0.388525 -5.52696 21.436 2.12845 -4.83535 12.7697 0.807988 -0.00204872 -0.616708 0.003953 36.2589 -0.0604804 -6.45706 28.4779 -43.1148 -27.7691 51.278 10.0091 4.29654 -0.0239106 -0.135604 -2.8295e-05 -3.73691e-08 -2.11931e-07 2.38542e-14 -29.2892 -0.848031 -13.9146 42.029 0.678666 84.7767 -52.7524 -17.9358 -7.11884 -0.0174177 0.0987805 1.50144e-05 1.65086e-06 -9.36251e-06 1.43125e-13 10.253 -11.3339 7.38611 14.2397 -4.55482 5.28427 0.00310117 -0.0805842 0.00185123 -37.6705 -20.7275 -15.6419 27.8011 11.3374 -6.07674 0.0262615 -9.67862 3.7152 0.00661361 -7.63073 0.00470743 -34.4951 -14.9832 -18.7672 49.2972 2.53029 -2.9818 -0.0269967 -3.209 7.51986 8.5665e-05 -3.17894 -0.0009342
2181.45 2542.7 942.234 83.4722 22.0503 4.62 0.00160887 -4.55113 1.67793 -0.0010048 1.40252 -4.96821 -2.29131 12.5626 0.0654506 -4.94353 22.1471 1.57581 -4.43901 13.5918 0.436416 -0.00368913 -0.516218 0.00655855 36.7459 -0.0682054 -8.69636 37.0352 -44.2465 -16.6387 45.3608 10.593 3.27107 -0.0106754 -0.0605429 -5.64019e-06 -1.62379e-08 -9.209e-08 -1.59028e-14 -28.3401 -0.632279 -11.2574 43.8542 -0.192652 83.8425 -53.2299 -16.843 -6.58629 -0.00227629 0.0129095 2.56439e-07 2.22953e-07 -1.26443e-06 -6.36111e-15 8.86359 -13.5636 7.43984 12.2393 -6.1745 5.39434 0.00206133 -0.0549777 -0.000733511 -35.9995 -20.4559 -15.699 25.3628 10.8337 -5.20288 -0.0116684 -6.17406 3.06456 0.0019067 -7.3772 -0.0145787 -35.2488 -14.2771 -19.7019 47.9987 2.23456 -2.51721 -0.0232307 -0.395415 7.42512 0.000259653 -3.17046 -6.29231e-05
2178.64 2539.45 942.086 84.8212 21.9591 4.825 -0.00272013 -4.40668 1.54658 -0.000662562 1.44912 -4.93959 -1.91728 12.8155 -0.292856 -4.03229 22.6569 0.96486 -3.73538 14.2028 0.0439953 -0.00630922 -0.361619 0.00805682 37.0447 -0.0467342 -10.1281 44.311 -45.7374 -7.10285 38.9501 11.3078 2.12961 0.00479965 0.0272202 -1.14011e-06 -5.54605e-09 -3.14532e-08 1.90833e-14 -26.854 -0.549695 -8.18874 43.2841 -1.45554 82.2312 -54.7445 -15.8822 -5.76238 0.0015824 -0.00897423 1.23925e-07 -3.1118e-08 1.76479e-07 -0 7.24045 -15.1604 7.06556 9.96445 -7.40839 5.1311 0.00452765 0.0252728 -0.00178196 -34.7999 -20.3217 -15.8929 22.5173 10.3254 -4.35452 -0.0113579 -3.7439 2.84521 -0.000505127 -7.13088 -0.0125899 -35.2261 -14.2349 -20.4876 45.8845 2.05344 -2.12567 -0.00908789 2.64158 7.31084 0.000338865 -3.16935 4.79877e-05
2175.35 2536.84 939.518 86.5726 21.8861 4.531 -0.0136497 -4.36798 1.4623 -0.000850642 1.45656 -4.9065 -1.50092 12.989 -0.56721 -2.95829 22.9421 0.400921 -2.83127 14.5109 -0.258941 -0.00703061 -0.236353 0.00450356 37.2748 0.00930308 -10.4467 48.6554 -48.4328 -0.688093 33.1325 12.083 1.2388 0.0125755 0.0713191 -7.82669e-06 8.07293e-09 4.57839e-08 6.36111e-15 -25.3472 -0.628055 -5.72186 40.2221 -2.53964 80.1299 -55.9927 -15.3318 -5.01211 -4.75523e-05 0.000269683 1.11905e-10 -1.08474e-09 6.15189e-09 -9.54166e-15 5.30288 -15.7437 6.08785 7.321 -7.95345 4.37599 0.00713149 0.10239 -0.00101329 -34.051 -20.3549 -15.7689 20.6008 9.68213 -3.74805 -0.0216697 -2.14428 2.90554 -0.000750368 -6.90588 0.00533415 -34.7527 -14.9318 -20.7745 42.8199 2.12868 -1.94014 -2.40033e-05 4.63974 7.22626 0.000399711 -3.17616 0.000488572
2172.27 2534.85 935.592 88.8198 21.7804 3.793 -0.0234555 -4.42098 1.44999 -0.000437056 1.42785 -4.87804 -1.15183 13.1152 -0.763017 -2.03445 23.0943 -0.0513786 -1.98974 14.6075 -0.441038 -0.00432047 -0.220853 -0.00114598 37.5507 0.0449979 -9.48188 49.0607 -52.815 1.55198 29.0443 12.7173 0.815811 0.0104333 0.0591703 -5.38732e-06 -4.98053e-10 -2.82473e-09 -9.54166e-15 -24.1334 -0.773685 -4.68638 35.7149 -2.97218 78.3412 -56.0091 -15.0867 -4.56757 -0.00613414 0.0347884 1.86224e-06 -2.08584e-09 1.18295e-08 6.36111e-15 3.16932 -15.5438 4.63588 4.41188 -7.90925 3.28523 0.00635491 0.140509 0.000184119 -33.5741 -20.4106 -15.2248 19.9426 8.97282 -3.37205 -0.0412851 -1.39387 3.03321 -0.000544041 -6.70594 0.0185434 -33.4547 -16.2969 -20.3627 38.675 2.48953 -1.86967 0.00402189 4.51521 7.14856 0.00048576 -3.1839 0.00101931
2169.44 2533.3 931.904 91.4921 21.7016 2.884 -0.0212867 -4.52568 1.51302 0.00221169 1.34983 -4.88191 -0.91559 13.2357 -0.984325 -1.48304 23.2465 -0.401272 -1.42228 14.6819 -0.604004 -0.00190542 -0.294652 -0.0029861 37.8414 0.0181031 -7.16991 44.7268 -58.8398 -1.349 27.1945 13.0447 0.759767 0.00478135 0.0271164 -1.13144e-06 -6.74238e-09 -3.82379e-08 -1.27222e-14 -23.3122 -0.871249 -5.1572 31.3216 -2.95455 77.6681 -54.8732 -14.9234 -4.26353 -0.0122751 0.0696155 7.45725e-06 -7.40712e-09 4.2008e-08 9.54166e-15 1.10516 -15.1679 3.00429 1.53782 -7.68296 2.11949 0.0040973 0.138765 0.000868683 -33.5809 -20.3365 -14.6103 19.7576 8.38962 -3.09168 -0.0516422 -1.57323 3.16875 -0.00013096 -6.52979 0.0167272 -30.0459 -18.5409 -19.1205 32.8598 3.26599 -1.6108 0.0323414 2.0765 6.92725 0.000746677 -3.19801 -0.00445589
2166.2 2532.12 929.486 94.4663 21.7864 1.987 -0.0072719 -4.65378 1.63559 0.00572712 1.21921 -4.93068 -0.759324 13.3493 -1.29753 -1.2932 23.4608 -0.716713 -1.14809 14.8802 -0.877911 -0.0020521 -0.369023 -0.00179572 37.9869 -0.0409468 -3.84682 34.6848 -65.4353 -10.3107 27.1623 13.068 0.822946 0.000954907 0.00541555 -4.51285e-08 -9.28199e-09 -5.26409e-08 -0 -22.7458 -0.882318 -6.57198 27.7827 -3.09472 78.1591 -53.3861 -14.771 -4.00442 -0.0131332 0.0744821 8.5363e-06 -6.05157e-09 3.43202e-08 9.54166e-15 -0.765783 -15.1893 1.35163 -1.1073 -7.70685 0.972519 0.00196225 0.122515 0.000857037 -34.1434 -20.2856 -14.2359 19.0749 8.06259 -2.81551 -0.0483587 -2.54089 3.31305 -9.14145e-05 -6.38057 0.00774035 -23.2046 -22.0039 -16.6916 24.9366 4.75616 -0.862425 0.0652157 -2.16555 6.40086 1.84139e-06 -3.257 -0.0309833
2162.02 2531.56 928.42 97.7997 22.1413 0.942 0.0180367 -4.80921 1.80471 0.00541799 1.0492 -5.01683 -0.659032 13.4099 -1.63589 -1.32904 23.6608 -1.02664 -1.10452 15.1719 -1.25341 -0.00451723 -0.378072 -0.00052454 37.8075 -0.0861731 -0.667978 19.0949 -70.8302 -24.8956 27.9827 12.9193 0.841431 -0.000266471 -0.00151123 -3.51422e-09 -8.95835e-09 -5.08054e-08 -1.11319e-14 -22.1996 -0.821389 -8.3723 24.9322 -3.79715 79.2329 -52.1065 -14.629 -3.79459 -0.00888641 0.0503973 3.90824e-06 -1.40492e-09 7.96781e-09 -0 -2.52062 -15.6634 -0.387843 -3.54799 -8.0332 -0.254361 -0.000168714 0.099371 0.00090499 -35.2476 -20.5223 -14.0327 18.0246 7.77244 -2.52827 -0.043652 -3.51387 3.50202 -0.000719271 -6.26393 0.00424654 -12.5361 -26.5572 -12.1711 15.4272 7.1732 0.349735 0.0167571 -7.49538 5.57127 -0.00432947 -3.41492 -0.0841493
2157.22 2531.75 928.209 101.582 22.7452 -0.604 0.059306 -4.99965 2.02595 -0.00260941 0.851403 -5.1321 -0.627933 13.3713 -1.81291 -1.41099 23.7067 -1.2588 -1.22117 15.3702 -1.5733 -0.00921464 -0.317542 0.000279633 37.2551 -0.10135 0.66581 3.03277 -74.3056 -39.6742 28.7372 12.7617 0.795203 0.000340718 0.00193231 -5.7454e-09 -6.58403e-09 -3.73399e-08 -3.18055e-15 -21.6488 -0.715696 -10.3879 22.4336 -4.91591 80.3255 -51.0646 -14.5553 -3.63339 -0.00486983 0.0276182 1.1737e-06 -1.03793e-09 5.88633e-09 2.22639e-14 -4.29426 -16.1686 -2.28512 -5.92582 -8.34908 -1.6283 -0.00155322 0.0627355 0.000949101 -37.0734 -21.1199 -13.773 17.6836 7.18629 -2.27293 -0.058774 -3.58023 3.82297 -0.00149301 -6.1738 0.00869307 0.779161 -30.8913 -4.78554 6.16069 10.358 1.53387 -0.132641 -13.3023 4.79708 -0.0100406 -3.67431 -0.132137
2152.73 2532.76 928.205 105.605 23.4389 -2.779 0.105991 -5.20964 2.30624 -0.0161099 0.621041 -5.27818 -0.644921 13.2409 -1.71207 -1.41306 23.5376 -1.30758 -1.43076 15.3021 -1.66941 -0.0131739 -0.247674 0.000483296 36.5252 -0.0855954 -0.790966 -6.12858 -76.9283 -47.0722 28.8962 12.6868 0.697038 0.0029733 0.0168624 -4.37529e-07 -1.3044e-08 -7.39763e-08 1.59028e-15 -21.2078 -0.592918 -12.4965 20.2014 -6.04629 81.2029 -50.0285 -14.6187 -3.52749 -0.00483963 0.0274469 1.15919e-06 -4.27502e-09 2.42448e-08 -9.54166e-15 -6.12468 -16.2853 -4.19473 -8.32559 -8.3443 -3.02177 -0.000919392 0.0195817 0.000541012 -39.7557 -21.9396 -13.3776 18.7993 6.16901 -2.04625 -0.0900034 -2.42815 4.2282 -0.00168958 -6.09408 0.0129038 13.4942 -33.2519 4.19262 -0.263121 13.6269 2.02311 -0.307044 -19.1431 4.55876 -0.0110057 -3.9445 -0.128739
2149.47 2534.67 928.183 109.307 24.0752 -5.271 0.126063 -5.42489 2.63139 -0.0258534 0.334484 -5.4514 -0.65232 13.0674 -1.39329 -1.30645 23.2286 -1.1356 -1.62109 14.953 -1.48762 -0.0119805 -0.243407 -0.000224202 35.8909 -0.0504136 -4.51927 -6.31371 -79.6956 -45.1743 28.2973 12.7186 0.531587 0.006912 0.0391999 -2.36448e-06 -3.31714e-08 -1.88124e-07 -0 -20.924 -0.472386 -14.2461 18.1871 -7.16075 81.7328 -48.5653 -14.7919 -3.51797 -0.00688689 0.0390575 2.34733e-06 -7.13892e-09 4.04868e-08 1.90833e-14 -7.79907 -15.8273 -5.81285 -10.5448 -7.90946 -4.18141 0.000934345 -0.00775887 8.09177e-05 -43.3597 -22.7368 -13.1047 21.1294 4.93025 -1.82649 -0.104821 -0.660308 4.49598 -0.00105196 -6.02467 0.0114665 22.2227 -33.5593 11.8712 -2.65153 16.0623 1.61936 -0.406496 -24.527 5.01965 -0.00597473 -4.11178 -0.0772699
2147.76 2537.28 928.141 111.856 24.6105 -7.376 0.10047 -5.64322 2.95405 -0.0238606 0.0094166 -5.61959 -0.58723 12.89 -1.03641 -1.07715 22.9107 -0.856634 -1.57977 14.4731 -1.1601 -0.00715783 -0.322426 -0.000736588 35.5472 -0.0185753 -8.78718 0.463261 -82.3574 -36.3508 26.9338 12.888 0.329876 0.00951417 0.0539575 -4.47992e-06 -5.17088e-08 -2.93255e-07 1.43125e-14 -20.7455 -0.385279 -14.9423 16.0554 -8.63102 81.6686 -46.2852 -15.0019 -3.70869 -0.00567371 0.0321772 1.59317e-06 -8.74765e-09 4.96103e-08 -3.18055e-15 -8.9256 -14.8574 -6.87324 -12.1214 -7.13873 -4.89836 0.0031734 -0.00977665 5.03595e-05 -47.6131 -23.2681 -13.3776 23.698 3.96213 -1.70483 -0.0872417 0.361474 4.57053 -0.000107293 -5.99027 0.00871476 26.4317 -33.0847 16.6128 -2.04734 17.1674 0.789748 -0.378575 -29.0754 5.82991 -0.000317789 -4.14698 -0.0265551
2147.49 2540.13 927.749 112.568 25.0817 -8.382 0.0600652 -5.87248 3.20849 -0.0147789 -0.277694 -5.75367 -0.403801 12.7037 -0.835764 -0.695121 22.6312 -0.686003 -1.11477 14.0296 -0.926305 -0.00358964 -0.41748 -0.000101996 35.4403 -0.00813704 -11.7744 10.3522 -83.943 -24.7436 25.1639 13.188 0.205314 0.00842562 0.0477841 -3.51344e-06 -4.85112e-08 -2.75121e-07 6.36111e-15 -20.4637 -0.372318 -14.1219 13.3262 -10.7881 80.7191 -43.0583 -15.143 -3.9557 -0.000569127 0.00322768 1.60305e-08 -1.0843e-08 6.14937e-08 1.27222e-14 -9.21872 -13.5051 -7.22845 -12.6546 -6.16481 -5.08032 0.00612565 0.00141504 0.00026969 -51.8596 -23.2399 -14.3991 26.0104 3.52582 -1.77388 -0.0581631 -0.36508 4.55363 0.000655077 -6.00595 0.00895627 28.1176 -32.6045 18.6493 -0.472953 17.0554 0.0937711 -0.266684 -32.8455 6.52997 0.00165115 -4.10316 -0.00398944
2148.42 2542.58 926.471 111.37 25.5066 -8.05 0.0401354 -6.11803 3.3545 -0.00860788 -0.467601 -5.86271 -0.106147 12.4965 -0.857897 -0.119837 22.3605 -0.760671 -0.219314 13.6873 -0.935151 -0.00136259 -0.46427 0.000410255 35.3339 -0.0081948 -12.8682 16.9778 -83.6664 -16.8139 23.6909 13.4845 0.184111 0.0062234 0.0352946 -1.91683e-06 -3.10401e-08 -1.76037e-07 -2.22639e-14 -19.8619 -0.442058 -12.0043 9.93404 -13.4392 78.8754 -39.145 -15.0477 -3.79273 0.00330551 -0.0187465 5.4076e-07 -1.03602e-08 5.87557e-08 -6.36111e-15 -8.70472 -11.8577 -6.89436 -12.1017 -5.05529 -4.76662 0.00761236 0.0170876 0.00036944 -55.4854 -22.4394 -15.9723 28.5675 3.51927 -2.02773 -0.0424149 -2.7922 4.44049 0.000928004 -6.051 0.00833384 29.7196 -31.9873 19.0769 0.157453 16.0515 -0.150665 -0.135749 -35.8118 6.95402 0.00101008 -4.04989 0.000405445
2150.03 2544.19 924.256 108.826 25.833 -6.722 0.0330326 -6.35507 3.39284 -0.00670043 -0.555101 -5.98096 0.268103 12.2909 -1.02598 0.627128 22.075 -1.04946 0.853022 13.4296 -1.15171 0.00019451 -0.458158 0.000126696 35.069 -0.000791959 -12.758 20.4102 -81.4019 -12.5369 22.8752 13.6556 0.174843 0.00613436 0.0347897 -1.86238e-06 -1.62534e-08 -9.21778e-08 -7.95139e-15 -18.9637 -0.545447 -9.43299 6.61937 -15.7658 76.7792 -35.5216 -14.6967 -3.06818 0.0033323 -0.0188984 5.49563e-07 -8.25735e-09 4.68298e-08 1.27222e-14 -7.7332 -10.038 -6.06412 -10.8546 -3.86362 -4.1215 0.00569597 0.0303662 0.000178947 -57.9529 -21.0617 -17.5964 31.5246 3.69617 -2.37521 -0.0419591 -5.98975 4.25401 0.00107676 -6.08564 0.00346323 32.6147 -30.9485 19.0042 -1.01156 14.458 0.0845128 -0.0477183 -37.6482 7.11837 0.000622213 -4.02698 0.0014592
2151.67 2545.07 921.894 105.839 26.0455 -5.083 0.019534 -6.54483 3.36095 -0.00480747 -0.579871 -6.1252 0.656329 12.1263 -1.17844 1.40344 21.7962 -1.37508 1.74707 13.243 -1.38101 0.000525241 -0.427678 -0.000437162 34.5858 0.0133381 -12.6222 24.7418 -78.026 -8.009 22.4887 13.7229 0.135291 0.00704608 0.0399603 -2.45711e-06 -1.35142e-08 -7.66429e-08 6.36111e-15 -17.9488 -0.626424 -7.30069 4.25259 -17.1278 75.2176 -33.2284 -14.3113 -2.2241 0.00119113 -0.00675522 7.02175e-08 -4.99872e-09 2.83491e-08 6.36111e-15 -6.76319 -8.3144 -5.07812 -9.51313 -2.73381 -3.39628 0.00270082 0.0306055 -8.02445e-06 -58.8179 -19.7591 -18.7918 34.0641 3.84832 -2.69019 -0.0444692 -8.63249 4.14389 0.00121958 -6.07796 -0.00197332 36.5044 -29.6004 19.0056 -3.43336 12.605 0.55714 -0.0221525 -38.0967 7.09955 0.000648197 -4.03517 0.00189511
2152.82 2545.66 920.49 103.114 26.2118 -3.766 0.00465529 -6.66141 3.31073 -0.00230164 -0.591305 -6.25631 0.982949 12.0351 -1.14523 2.04561 21.5983 -1.53899 2.27435 13.161 -1.40098 0.00025437 -0.404882 -0.000715091 34.0199 0.0257819 -13.1102 30.2992 -75.1736 -2.97825 21.9965 13.7942 0.0711209 0.00739192 0.0419216 -2.70423e-06 -1.4854e-08 -8.42414e-08 1.43125e-14 -16.9697 -0.674489 -5.99955 2.99169 -17.556 74.2968 -32.523 -14.1117 -1.72331 -0.00151373 0.00858479 1.13403e-07 -1.08366e-09 6.14568e-09 9.54166e-15 -6.03109 -7.0701 -4.25349 -8.45703 -1.91477 -2.80804 0.000959747 0.0243198 -1.67629e-05 -57.976 -19.2251 -19.3766 35.1255 3.95379 -2.86919 -0.0433625 -9.7255 4.17941 0.000945914 -6.0286 -0.00426999 40.2324 -28.2665 19.1727 -6.00694 10.9333 0.991766 -0.0311311 -37.2542 6.98947 0.000187723 -4.05482 0.000383392
2153.13 2546.11 920.712 100.971 26.4135 -3.092 0.000503999 -6.69393 3.27516 -0.000922161 -0.610587 -6.29971 1.20486 12.0263 -0.841191 2.47227 21.5446 -1.43666 2.46094 13.2051 -1.10016 0.000222774 -0.405477 -0.000460411 33.6969 0.0341236 -14.1472 36.4025 -74.0035 2.1072 21.1653 13.9289 0.00325423 0.0072556 0.0411485 -2.60541e-06 -1.19318e-08 -6.76687e-08 6.36111e-15 -16.0245 -0.704511 -5.4441 2.3729 -17.4851 73.5488 -32.9856 -14.0943 -1.62209 -0.00397281 0.0225309 7.8113e-07 2.26331e-10 -1.28375e-09 9.54166e-15 -5.52185 -6.56476 -3.74514 -7.7284 -1.59113 -2.46152 0.000136812 0.0286995 3.52072e-06 -55.6875 -19.7481 -19.3848 34.2623 4.01635 -2.82582 -0.0396173 -8.95687 4.26709 0.000465127 -5.97385 -0.00380202 42.753 -27.316 19.3889 -7.72238 9.94739 1.23397 -0.0402377 -35.7457 6.87782 -0.000930358 -4.05694 -0.00297684
2152.46 2546.48 922.58 99.3782 26.7236 -3.053 0.00574451 -6.64801 3.25922 -2.74686e-05 -0.629826 -6.21142 1.31749 12.069 -0.286021 2.70154 21.615 -1.06841 2.46003 13.3345 -0.500302 0.00028501 -0.423066 0.000126301 33.8282 0.0359329 -15.2949 41.925 -74.533 6.46572 20.4815 14.0601 0.00264494 0.00603124 0.0342049 -1.80029e-06 -7.70195e-09 -4.368e-08 -4.77083e-15 -14.9606 -0.730093 -5.25553 1.7137 -17.4329 72.4009 -33.863 -14.0872 -1.69357 -0.00520357 0.0295109 1.34008e-06 4.21777e-10 -2.39204e-09 6.36111e-15 -5.11847 -6.75008 -3.5229 -7.1673 -1.73549 -2.33334 -0.000530582 0.0432125 1.49338e-05 -52.5744 -21.1749 -18.958 32.2058 4.0645 -2.63611 -0.029679 -6.80303 4.36239 0.00015363 -5.95642 -0.00211088 43.7897 -26.9197 19.6106 -8.14642 9.76705 1.25571 -0.0391177 -34.265 6.81652 -0.00152273 -4.01541 -0.00565884
2150.91 2547.23 925.76 98.0461 27.1386 -3.38 0.00941545 -6.54426 3.25115 0.00202856 -0.624136 -6.0215 1.34124 12.1339 0.419725 2.79289 21.7381 -0.517942 2.40767 13.49 0.27462 -1.4401e-05 -0.446186 0.000631547 34.3398 0.0313611 -16.1289 45.6709 -76.003 9.09565 20.5402 14.0746 0.0786476 0.00408514 0.023168 -8.25928e-07 -5.30011e-09 -3.00583e-08 1.59028e-15 -13.7755 -0.765614 -4.91803 0.817431 -17.6444 70.6219 -34.6248 -13.9902 -1.76683 -0.00449892 0.0255146 1.00172e-06 4.29268e-10 -2.43438e-09 -1.27222e-14 -4.6939 -7.24495 -3.46298 -6.56695 -2.0873 -2.32499 -0.000974782 0.0552349 5.9819e-06 -49.454 -23.0659 -18.3092 30.1944 4.27511 -2.53177 -0.0171886 -4.51825 4.43878 -0.000146431 -5.98997 -0.000532194 44.4013 -26.7014 20.1087 -7.69635 9.90179 1.09532 -0.0319554 -33.2456 6.80524 0.000437249 -3.92499 -0.00347678
2149 2549.02 929.665 96.6896 27.5282 -3.724 0.00622321 -6.41642 3.23923 0.00436888 -0.570571 -5.81159 1.29066 12.2265 1.16206 2.74559 21.8764 0.136069 2.3144 13.6513 1.08335 -0.00063214 -0.462606 0.000273202 34.965 0.0281516 -16.5554 47.6942 -77.6994 9.91622 21.2487 13.9627 0.147941 0.00296605 0.0168213 -4.35396e-07 -4.43878e-09 -2.51737e-08 -1.11319e-14 -12.8015 -0.803739 -4.13976 0.419946 -17.9667 68.5624 -35.2971 -13.8556 -1.83893 -0.00236191 0.0133951 2.76093e-07 3.13563e-10 -1.77824e-09 3.18055e-15 -4.24511 -7.64334 -3.55518 -5.92076 -2.36604 -2.41793 -0.0011847 0.0671646 -0.000243229 -46.8066 -24.9453 -17.5748 28.8256 4.85369 -2.69111 -0.0133664 -3.45786 4.46842 -0.000282507 -6.05615 0.00110445 46.0658 -26.0045 21.1892 -7.07439 9.7375 0.796502 -0.0349 -32.9826 6.76532 0.00433719 -3.80399 0.00242391
2147.62 2552.27 933.108 95.2236 27.6693 -3.873 0.00167814 -6.30293 3.22444 0.00473852 -0.477886 -5.64966 1.16568 12.3628 1.85025 2.52638 22.0537 0.840398 2.14103 13.8461 1.81574 -0.000870851 -0.456508 -0.00166388 35.4417 0.0289353 -16.6352 49.1756 -79.6207 9.83495 21.9348 13.826 0.135425 0.00298476 0.0169274 -4.40909e-07 -4.14018e-09 -2.348e-08 1.43125e-14 -12.5397 -0.801337 -3.17661 1.44618 -18.0883 66.9634 -36.16 -13.7896 -1.97114 6.66849e-05 -0.000378189 2.20078e-10 1.65597e-10 -9.3911e-10 -1.59028e-14 -3.86559 -7.81171 -3.90803 -5.37779 -2.47807 -2.68817 -0.00171486 0.0928595 -0.000422247 -44.7366 -26.412 -16.7477 28.0003 5.82155 -3.11396 -0.0156503 -4.18321 4.48211 0.000118137 -6.13146 0.00335687 49.2624 -24.3448 22.6786 -6.85782 9.01185 0.504242 -0.0405812 -33.5739 6.67442 0.00623837 -3.68379 0.00574463
2147.36 2556.24 934.713 93.8761 27.4073 -3.834 -0.00150511 -6.22717 3.21621 0.00294288 -0.383797 -5.55664 0.973949 12.5321 2.40404 2.13876 22.2883 1.52861 1.8626 14.0725 2.4074 -0.000529184 -0.423097 -0.00443094 35.6264 0.0265783 -16.4387 50.5349 -82.1296 9.17777 22.0802 13.7667 0.0524372 0.00319309 0.0181089 -5.04604e-07 -3.14264e-09 -1.78228e-08 6.36111e-15 -13.2788 -0.718901 -2.87103 4.26003 -17.6506 66.7087 -37.3506 -13.859 -2.1967 0.00161544 -0.00916162 1.29155e-07 3.23238e-10 -1.83323e-09 -1.90833e-14 -3.58509 -7.8306 -4.60701 -4.9805 -2.47592 -3.20201 -0.0025614 0.103092 0.000396901 -43.2249 -27.1677 -15.8506 27.4009 6.82247 -3.5517 -0.0134136 -5.88883 4.47401 0.00073482 -6.20619 0.0047933 52.8802 -22.0649 23.826 -7.27833 8.10014 0.446162 -0.0147649 -34.8834 6.64029 0.00490891 -3.59672 0.0045657
2147.73 2559.31 934.309 92.9992 26.869 -3.652 -0.00775245 -6.18304 3.22572 0.00107891 -0.320403 -5.51647 0.731658 12.6649 2.74166 1.62575 22.4997 2.10803 1.46211 14.2283 2.81598 0.000336305 -0.36151 -0.00613972 35.5102 0.0163253 -15.9195 46.5803 -85.299 2.88791 21.8283 13.7983 0.000131741 0.00270117 0.0153191 -3.61104e-07 -1.48633e-09 -8.42927e-09 1.43125e-14 -14.8619 -0.564541 -3.96381 8.58472 -16.2191 68.3553 -38.7778 -14.0814 -2.51926 0.00123048 -0.00697839 7.49335e-08 6.21452e-10 -3.5245e-09 -1.27222e-14 -3.28725 -7.792 -5.62692 -4.55203 -2.42305 -3.94757 -0.00119101 0.0509092 0.000942301 -42.3626 -27.1389 -15.1974 26.916 7.30338 -3.70429 -0.00960085 -6.78925 4.4481 0.00104445 -6.28593 0.00296448 55.2157 -20.3863 24.0686 -8.19787 7.70938 0.65649 0.0317733 -36.4414 6.67801 0.00455122 -3.56639 0.00464794
2147.45 2560.37 933.034 92.7895 26.3769 -3.302 -0.0210254 -6.14531 3.26588 0.00115799 -0.297411 -5.50342 0.475533 12.6854 2.78161 1.07829 22.5535 2.43788 0.968771 14.2054 2.9791 0.00156832 -0.283412 -0.00552547 35.2155 0.00657655 -14.8443 -3.64721 -87.7502 -49.5264 21.8181 13.8204 0.0409958 0.00173867 0.0098605 -1.49611e-07 -1.08861e-10 -6.1742e-10 3.18055e-15 -16.8182 -0.394977 -6.27993 13.4243 -13.651 71.4734 -40.2261 -14.4107 -2.90043 -0.000219548 0.00124512 2.38555e-09 8.79824e-10 -4.98968e-09 -6.36111e-15 -2.8053 -7.66033 -6.85783 -3.86124 -2.31053 -4.85248 0.00444997 -0.0345482 0.000439142 -42.5461 -26.4628 -15.3082 26.9877 6.97744 -3.52617 -0.00749763 -5.62909 4.4752 0.000563869 -6.38892 -0.00362962 55.7114 -20.1239 23.6225 -9.58423 8.04197 1.03717 0.0478208 -37.7475 6.64545 0.00729315 -3.59667 0.00849574
2145.47 2559.66 932.084 93.2261 26.1968 -2.756 -0.0367322 -6.09621 3.3404 0.00275084 -0.300843 -5.50208 0.239034 12.5896 2.51461 0.54853 22.3961 2.43853 0.426631 13.9938 2.86416 0.00241552 -0.21437 -0.00342791 34.8668 0.0053884 -13.1528 -56.8138 -85.3224 -104.279 22.569 13.7138 0.131862 0.00199946 0.0113395 -1.97859e-07 2.17693e-10 1.2346e-09 1.59028e-15 -18.5239 -0.279188 -8.84836 17.7252 -10.5183 74.945 -41.6076 -14.7525 -3.25624 -0.000446115 0.00253004 9.84968e-09 1.02541e-09 -5.81538e-09 -6.36111e-15 -2.14986 -7.47479 -8.15584 -2.94509 -2.18432 -5.8227 0.00857933 -0.0680853 0.000612703 -43.9988 -25.4187 -16.4014 27.9938 6.0581 -3.18237 -0.00487704 -2.68503 4.52144 -0.000499308 -6.53303 -0.0115576 55.1549 -21.0735 23.0894 -11.5248 8.7086 1.5491 0.0284983 -38.7399 6.4909 0.00933181 -3.66742 0.0106118
2141.96 2558.43 931.454 94.1396 26.3429 -2.117 -0.0402263 -6.04109 3.44124 0.00440643 -0.317353 -5.51785 0.0150125 12.4328 2.04249 -0.00622903 22.0926 2.18371 -0.139277 13.693 2.50061 0.00228598 -0.171058 -0.00141596 34.4173 0.00719208 -11.1386 -59.8309 -81.8948 -108.277 24.1093 13.451 0.218069 0.0055889 0.0316962 -1.5459e-06 -4.25081e-09 -2.41074e-08 -1.59028e-14 -19.3938 -0.248861 -10.7189 21.048 -7.74747 77.8488 -43.0271 -14.9835 -3.44905 0.0013978 -0.00792732 9.66983e-08 7.93563e-10 -4.50051e-09 -3.18055e-15 -1.51204 -7.44621 -9.32274 -2.07999 -2.18831 -6.71286 0.00399329 -0.0261621 0.000764879 -46.3437 -24.2946 -18.0889 29.5962 5.03267 -2.8469 -0.0016426 0.548693 4.50179 -0.000861991 -6.72134 -0.0148947 54.6474 -22.433 22.9604 -13.8236 9.23737 2.10653 0.00764833 -39.6898 6.29666 0.00735869 -3.74368 0.00730429
2138.33 2558.09 930.177 95.2584 26.5893 -1.593 -0.0267461 -6.0095 3.55288 0.00556879 -0.363465 -5.58464 -0.228237 12.2841 1.54037 -0.640401 21.767 1.85191 -0.68477 13.4254 2.00962 0.00150678 -0.149759 -0.000303711 33.7057 0.00398717 -9.19576 -53.9584 -78.9863 -103.063 26.1967 13.0764 0.303636 0.0122011 0.0691958 -7.36759e-06 -1.39299e-08 -7.90003e-08 1.59028e-15 -18.998 -0.289981 -11.5491 22.9826 -6.04397 79.7237 -44.4085 -15.0573 -3.39264 0.00172564 -0.00978662 1.47378e-07 5.59332e-10 -3.1721e-09 3.18055e-15 -1.01509 -7.66567 -10.1154 -1.42305 -2.37108 -7.32803 -0.00433958 0.0320474 0.000232279 -48.7444 -23.3404 -19.615 31.088 4.28673 -2.62975 0.00457807 2.64808 4.43043 8.23915e-05 -6.93069 -0.0115031 54.3878 -23.5121 23.218 -15.8645 9.44021 2.54739 -0.0125973 -40.74 6.14804 0.00324402 -3.79592 0.00200333
2136.24 2559.42 928.06 96.1229 26.7111 -1.237 -0.00876742 -6.03252 3.66051 0.00605046 -0.471462 -5.73714 -0.520825 12.1799 1.1773 -1.34407 21.5169 1.62557 -1.18781 13.231 1.58167 0.000922514 -0.133967 0.000260058 32.6789 -0.00517692 -7.54269 -44.8735 -76.3712 -94.7064 28.6498 12.6501 0.450729 0.0179564 0.101836 -1.59575e-05 -1.99568e-08 -1.13181e-07 3.18055e-15 -17.1543 -0.358372 -11.366 23.0359 -5.67643 80.4039 -45.4246 -15.1323 -3.26473 -0.0034908 0.0197973 6.03086e-07 2.19477e-09 -1.24473e-08 -0 -0.558541 -7.98807 -10.3018 -0.816731 -2.63071 -7.48879 -0.00690523 0.0504285 -0.000191765 -50.3135 -22.7385 -20.4243 31.9526 3.93259 -2.54991 0.0100448 3.38717 4.37106 0.00125022 -7.11912 -0.00549876 53.8353 -24.1424 23.3605 -17.0451 9.39758 2.76782 -0.0422639 -41.4625 6.08101 -4.44905e-05 -3.81308 -0.00145981
2136.78 2562.48 926.183 96.2642 26.6266 -0.917 0.00243474 -6.11233 3.76004 0.00580183 -0.660677 -5.97676 -0.852573 12.1161 1.03151 -2.01087 21.3602 1.57934 -1.65378 13.0873 1.36381 0.00048504 -0.122412 0.000990409 31.5878 -0.0171587 -6.27289 -35.279 -73.4797 -85.9632 31.4505 12.2073 0.712929 0.0208797 0.118414 -2.15763e-05 -1.32033e-08 -7.48798e-08 -0 -14.141 -0.395779 -10.1852 21.1082 -6.54089 79.7394 -45.7061 -15.3221 -3.3061 -0.0107863 0.061172 5.75799e-06 5.06565e-09 -2.87287e-08 -3.18055e-15 0.00731855 -8.17127 -9.8007 -0.0424053 -2.80556 -7.14262 -0.00441788 0.0328336 -0.000256432 -50.54 -22.5134 -20.4046 32.2679 3.89267 -2.5856 0.00521615 3.54834 4.34663 0.00132436 -7.25741 -0.0020839 52.702 -24.447 22.9656 -17.2646 9.21932 2.75528 -0.0807398 -41.1418 6.05709 -0.00164453 -3.80121 -0.00342617
2139.8 2566.89 925.871 95.5383 26.387 -0.555 0.00459189 -6.21903 3.84439 0.00440282 -0.907547 -6.25601 -1.16263 12.0712 1.09139 -2.50349 21.2505 1.68956 -2.07603 12.9418 1.40891 6.59807e-06 -0.13203 0.00187155 30.8298 -0.0257801 -5.61161 -27.2057 -70.0008 -78.3559 34.7667 11.7236 1.09081 0.023746 0.13467 -2.79067e-05 1.80884e-08 1.02584e-07 1.59028e-15 -10.584 -0.357273 -8.13697 17.7521 -8.22485 77.6531 -45.0816 -15.4528 -3.40401 -0.0131985 0.0748522 8.62135e-06 8.5246e-09 -4.83452e-08 -1.27222e-14 0.671784 -8.17832 -8.71649 0.89608 -2.86089 -6.37744 -0.00181472 0.00394558 -0.000138967 -49.4915 -22.6432 -19.7531 32.3103 4.11548 -2.7379 -0.00853825 3.91919 4.31753 0.000823455 -7.34383 -0.000592516 50.891 -24.6333 21.9504 -16.7105 8.98426 2.52964 -0.148155 -39.382 5.96488 -0.00246136 -3.7749 -0.00667705
2144.15 2571.79 927.559 94.1559 26.0714 -0.182 0.00308524 -6.31091 3.9019 0.00220531 -1.15038 -6.49646 -1.39589 12.0192 1.3004 -2.79167 21.1239 1.92086 -2.44416 12.7503 1.67336 -9.40972e-05 -0.166752 0.00205799 30.6402 -0.028177 -5.91445 -21.0934 -65.8712 -71.6776 38.8464 11.1478 1.55989 0.0273935 0.155356 -3.71385e-05 6.85794e-08 3.88933e-07 -0 -7.23879 -0.253021 -5.75426 14.2388 -9.95206 74.6618 -43.8218 -15.3405 -3.27738 -0.009587 0.0543706 4.54877e-06 5.94325e-09 -3.37058e-08 -6.36111e-15 1.32215 -8.28731 -7.24614 1.83968 -2.97013 -5.33678 -0.000132002 -0.0247734 -3.62935e-05 -47.5623 -23.0725 -18.7488 32.0258 4.55786 -2.96792 -0.019551 4.60178 4.27298 0.000565448 -7.39667 0.00029273 48.3648 -24.9048 20.4289 -15.4776 8.88555 2.15455 -0.216212 -36.3722 5.83801 -0.00332587 -3.74102 -0.0113422
2148.4 2576.27 930.697 92.37 25.7047 0.21 0.00617895 -6.36212 3.921 0.000354482 -1.34819 -6.64857 -1.52286 11.9379 1.58413 -2.93554 20.9354 2.23688 -2.69307 12.5082 2.05858 0.000382983 -0.202906 0.00132053 31.0105 -0.0287914 -7.15415 -17.0787 -60.9665 -65.6655 43.6528 10.5245 2.13503 0.0202378 0.114774 -2.02701e-05 4.6172e-08 2.61854e-07 -6.36111e-15 -4.75173 -0.145418 -3.87197 11.9391 -10.9765 71.9928 -42.5631 -15.0819 -2.97478 -0.00402098 0.0228041 8.00187e-07 2.02072e-09 -1.14601e-08 -9.54166e-15 1.89279 -8.7214 -5.64623 2.6706 -3.27651 -4.196 0.000615365 -0.0406827 4.70171e-07 -45.1159 -23.6599 -17.6442 31.2551 5.13174 -3.20136 -0.0224749 5.16413 4.23451 0.000492688 -7.43503 0.000860539 45.4582 -25.3411 18.58 -13.7381 9.17833 1.79709 -0.232459 -32.8641 5.83903 -0.00385597 -3.69775 -0.0140845
2151.9 2579.92 934.673 90.1816 25.2497 0.766 0.0193574 -6.37607 3.88088 -0.000598781 -1.50063 -6.72289 -1.52149 11.8158 1.88387 -2.96297 20.7046 2.59242 -2.73244 12.2589 2.49937 0.00111272 -0.223783 0.000887802 31.6986 -0.034109 -8.70326 -15.5387 -55.253 -60.9146 48.4897 10.0561 2.87726 -0.015687 -0.0889653 -1.21789e-05 -1.19267e-07 -6.76396e-07 -1.27222e-14 -3.27714 -0.0720803 -2.98112 11.4482 -11.0539 70.6191 -41.9 -14.9103 -2.7954 0.000626429 -0.00355265 1.9421e-08 -1.27259e-09 7.2172e-09 6.36111e-15 2.40555 -9.45189 -4.17611 3.39654 -3.76319 -3.13772 0.00108542 -0.0433103 4.27532e-06 -42.3889 -24.1642 -16.6364 29.966 5.7611 -3.38464 -0.0210138 5.17154 4.21154 0.000499908 -7.46479 0.00102211 43.4971 -25.5881 16.775 -12.2277 9.75309 1.65914 -0.180491 -29.7945 6.04618 -0.00295249 -3.66265 -0.0112336
2155.38 2582.98 939.231 87.5088 24.616 1.64 0.0383557 -6.37444 3.76869 -0.000984996 -1.62914 -6.76927 -1.39897 11.6602 2.18245 -2.86559 20.5044 2.94165 -2.57088 12.061 2.97543 0.00184495 -0.238835 0.00147638 32.3607 -0.0454618 -9.87075 -16.3112 -49.1223 -58.0406 52.1666 9.82739 3.66336 -0.0654947 -0.371434 -0.000212294 -8.39695e-07 -4.76215e-06 -4.45278e-14 -2.49112 -0.00766934 -2.85784 12.2704 -10.4088 70.4023 -41.9223 -14.9447 -2.89652 0.00348183 -0.0197464 5.99989e-07 -1.87109e-09 1.06115e-08 1.59028e-14 2.84727 -10.3211 -3.03766 4.00023 -4.33229 -2.30854 0.00184039 -0.0449261 3.02509e-05 -39.1506 -24.4076 -15.6877 28.2718 6.42791 -3.44941 -0.00979265 4.46081 4.11651 0.000715093 -7.48766 0.00185403 44.3715 -25.02 15.5926 -12.1317 10.1031 1.80545 -0.103412 -27.6789 6.32879 -0.00132394 -3.67152 -0.00472863
2159.69 2586.11 944.274 84.5363 23.7448 2.76 0.0492594 -6.3697 3.59339 -0.00104572 -1.75139 -6.83347 -1.21477 11.4872 2.49701 -2.68102 20.3738 3.26217 -2.33613 11.9134 3.47197 0.00269463 -0.262169 0.00248262 32.6739 -0.0622431 -10.352 -18.6346 -43.282 -57.1499 53.6333 9.56186 4.08523 -0.0683302 -0.387514 -0.000231073 -1.68181e-06 -9.53804e-06 -1.33583e-13 -1.87311 0.100258 -2.8694 13.1727 -9.59796 70.3483 -42.1358 -15.1048 -3.16302 0.00413653 -0.0234594 8.4684e-07 7.98489e-10 -4.52846e-09 -1.27222e-14 3.0652 -11.1641 -2.32283 4.28445 -4.88483 -1.77563 0.00280109 -0.045712 2.30174e-05 -34.4305 -24.6276 -14.3914 26.1875 7.3021 -3.31517 0.0302791 2.9745 3.73258 0.00127149 -7.51646 0.0050869 48.6456 -23.3858 15.2878 -14.1649 9.78987 2.13007 -0.0546653 -26.0375 6.54177 -0.000671242 -3.7333 0.00215639
2164.83 2589.81 949.444 81.7913 22.6723 3.806 0.0417153 -6.35117 3.39305 -0.000931937 -1.86001 -6.92417 -1.08161 11.3014 2.86667 -2.5666 20.2648 3.61745 -2.21832 11.7486 3.9761 0.00342915 -0.302717 0.00332849 32.3816 -0.0946838 -10.3497 -21.5101 -38.3803 -57.8874 52.526 9.11044 3.80556 0.000468142 0.00265496 -1.08464e-08 -2.04698e-06 -1.1609e-05 -2.03555e-13 -0.990025 0.286895 -2.60322 13.1922 -9.19191 69.5518 -41.8616 -15.2002 -3.33295 0.00334097 -0.0189476 5.52424e-07 3.91812e-09 -2.22208e-08 1.27222e-14 2.88333 -11.8875 -2.06866 4.01355 -5.36775 -1.5679 0.00325896 -0.0253579 -0.00107719 -27.1818 -25.2839 -12.1849 23.3653 8.77884 -2.92282 0.090245 0.579004 3.03372 0.00201418 -7.55587 0.0116076 54.7082 -21.0012 15.4518 -17.6626 8.78489 2.44674 -0.0470242 -23.7272 6.68103 -0.00104506 -3.80583 0.0105519
2169.82 2594.1 954.042 79.817 21.5103 4.519 0.0234012 -6.30965 3.21376 -0.000956101 -1.93452 -7.02593 -1.10955 11.1066 3.30075 -2.70124 20.0825 4.07429 -2.33388 11.4937 4.45518 0.00325998 -0.358872 0.00380737 31.3581 -0.152092 -10.1865 -24.1898 -34.6096 -59.7848 49.2677 8.86552 2.95011 0.0811953 0.460471 -0.000326275 -8.4865e-06 -4.81294e-05 -3.55904e-12 0.238979 0.540523 -2.1815 12.6594 -9.35343 68.0669 -40.8717 -15.0747 -3.14221 0.00300303 -0.017031 4.46321e-07 4.89658e-09 -2.77698e-08 -3.18055e-15 2.29666 -12.3786 -2.37636 3.19397 -5.70667 -1.7673 0.00195254 0.0379261 -0.00216243 -17.3363 -26.4544 -8.80959 19.4231 11.2687 -2.38519 0.109052 -2.69538 2.44346 0.00192816 -7.56645 0.0215522 59.8029 -18.6696 15.4151 -20.8799 7.53534 2.60853 -0.0662429 -19.9732 6.75163 -0.00178839 -3.81356 0.0185883
2173.93 2598.46 957.395 78.833 20.3209 4.922 0.013495 -6.26017 3.05624 -0.00123487 -1.96267 -7.13243 -1.30259 10.9258 3.74302 -3.08098 19.7986 4.59369 -2.61908 11.1627 4.86862 0.00200163 -0.416259 0.00342487 29.6089 -0.214054 -9.92533 -26.3667 -31.6443 -62.4284 44.6727 9.24155 1.99302 0.114238 0.64785 -0.00064586 -1.26518e-05 -7.17517e-05 -7.94185e-12 1.58842 0.80201 -1.96101 12.4917 -9.97003 66.651 -39.467 -14.7783 -2.62733 0.00452264 -0.0256492 1.01231e-06 2.39291e-09 -1.3571e-08 9.54166e-15 1.48095 -12.4843 -3.33568 2.08532 -5.78815 -2.44797 -0.00225459 0.107328 -0.000989474 -6.51629 -27.5545 -4.71002 14.269 14.6752 -1.92178 0.0417558 -6.2706 2.48072 -0.00088378 -7.49918 0.0241446 62.0829 -17.1183 14.8168 -22.5164 6.59125 2.59287 -0.0724415 -15.1539 6.74689 -0.00212057 -3.71799 0.0192837
2177.72 2602.21 959.189 78.666 19.0543 5.184 0.0189858 -6.243 2.88587 -0.0015509 -1.95529 -7.24392 -1.5507 10.7975 4.13151 -3.49076 19.4923 5.07031 -2.89528 10.859 5.21232 0.000745973 -0.450971 0.00210869 27.3725 -0.231741 -9.60204 -27.9377 -28.9915 -65.1886 39.6832 10.1738 1.34875 0.0970575 0.550423 -0.000466204 -7.42187e-06 -4.20915e-05 -2.72255e-12 2.75512 0.995839 -2.15049 12.8818 -10.9034 65.8361 -37.8979 -14.4826 -2.11145 0.00657085 -0.0372651 2.13684e-06 -2.55744e-09 1.45039e-08 -3.18055e-15 0.68054 -12.1346 -4.83384 1.01445 -5.54667 -3.52655 -0.00683707 0.112603 0.000491391 2.45384 -27.9186 -1.10666 8.27156 18.2532 -1.35944 -0.0780782 -9.0792 3.01584 -0.00471244 -7.37728 0.0107894 61.568 -16.4175 13.5615 -22.7626 6.178 2.52004 -0.0506154 -10.7155 6.68286 -0.0017291 -3.56924 0.0110587
2182.1 2605.07 959.58 78.739 17.6523 5.466 0.030142 -6.30059 2.68325 -0.00157955 -1.93922 -7.3489 -1.70354 10.7538 4.44414 -3.65075 19.2681 5.40028 -2.96282 10.6767 5.50453 0.000207451 -0.453579 0.000992499 25.0911 -0.183215 -9.26448 -28.8605 -26.2417 -67.3901 35.275 11.222 1.0888 0.0619855 0.351533 -0.000190154 -2.28011e-06 -1.29312e-05 -2.41722e-13 3.56619 1.08312 -2.60417 13.1356 -11.9957 65.4667 -36.1553 -14.2768 -1.8518 0.00623058 -0.0353354 1.92126e-06 -3.26189e-09 1.84989e-08 -6.36111e-15 0.0785269 -11.4507 -6.48072 0.203309 -5.05882 -4.71306 -0.00639589 0.0625165 0.000370661 7.7432 -27.4835 0.949341 2.52799 21.0972 -0.387776 -0.159336 -10.3337 3.47534 -0.0056219 -7.26166 -0.00485229 59.5189 -16.1068 11.6853 -23.0015 6.08592 2.55123 -0.0122782 -8.04128 6.71218 -0.000597485 -3.4551 0.00518591
2187.1 2607.1 958.858 78.381 16.1162 5.809 0.0348738 -6.43495 2.48128 -0.00119718 -1.93575 -7.43243 -1.6551 10.7896 4.71156 -3.40412 19.1668 5.56845 -2.6969 10.6411 5.7688 0.00012705 -0.437938 0.000582297 23.1287 -0.106403 -8.90292 -29.0621 -23.1932 -68.755 32.0629 12.0405 1.00319 0.0349963 0.198473 -6.06136e-05 -3.19986e-07 -1.81473e-06 -3.81667e-14 4.06892 1.08456 -3.05485 12.2801 -13.0556 64.9531 -34.1271 -14.1113 -1.84235 0.00410118 -0.0232589 8.32427e-07 -5.64332e-10 3.20046e-09 -6.36111e-15 -0.288754 -10.7032 -7.81106 -0.308307 -4.52143 -5.66736 -0.00335883 0.0310153 -0.000113256 9.45942 -26.458 1.39731 -1.31003 22.6017 0.643474 -0.138481 -10.1023 3.68143 -0.00373228 -7.17115 -0.00947984 57.4326 -15.6 9.43004 -24.3658 5.85481 2.70615 0.0236709 -7.60867 6.96117 0.00139503 -3.42328 0.011727
2191.53 2608.46 957.389 77.268 14.5412 6.141 0.0327323 -6.60344 2.34549 -0.000700273 -1.95234 -7.49156 -1.40993 10.8713 4.98329 -2.80133 19.1647 5.64165 -2.1474 10.71 6.02325 0.00021904 -0.419122 0.000321902 21.6692 -0.0513072 -8.46378 -28.5409 -19.894 -69.5677 30.1369 12.5498 0.929085 0.0219986 0.12476 -2.39506e-05 3.47048e-08 1.96821e-07 1.90833e-14 4.44773 1.05005 -3.47525 10.0416 -13.9207 64.0215 -31.7927 -13.8604 -1.84543 0.00276285 -0.0156689 3.77784e-07 1.15999e-09 -6.57858e-09 -9.54166e-15 -0.366872 -10.1092 -8.5266 -0.428866 -4.10327 -6.17994 -0.00475789 0.0558707 0.000454636 8.63709 -25.0384 0.819794 -1.78298 22.7713 0.892762 -0.0702229 -8.96362 3.79156 -0.00134447 -7.10305 -0.00606203 56.0324 -14.6624 7.18198 -26.3728 5.23308 2.76351 0.0293024 -8.94958 7.20095 0.00211676 -3.453 0.020109
2193.56 2609.05 955.62 75.603 13.0855 6.464 0.0301131 -6.76281 2.30375 -0.000595719 -1.9765 -7.54056 -1.05924 10.9626 5.24713 -2.03785 19.2384 5.65841 -1.49868 10.8378 6.24823 0.000292927 -0.407425 0.000175222 20.7678 -0.0326668 -7.81145 -27.6374 -16.5758 -70.4848 29.2181 12.7731 0.899572 0.0168089 0.0953277 -1.39831e-05 2.18934e-08 1.24163e-07 -3.18055e-15 4.83039 1.02306 -4.05206 7.2228 -14.6122 63.0739 -29.3932 -13.4609 -1.66106 0.00234848 -0.0133189 2.72962e-07 1.79031e-09 -1.01534e-08 9.54166e-15 -0.0544126 -9.79924 -8.56094 -0.0049367 -3.91177 -6.21844 -0.0137384 0.1418 0.00262211 6.18738 -23.3675 -0.262169 1.39013 21.8689 -0.0635688 -0.0185606 -7.20817 3.92417 2.48748e-06 -7.06499 -0.00222654 55.1302 -13.6031 5.23088 -27.1427 4.47245 2.50903 0.00374315 -11.0461 7.15478 0.000801294 -3.49633 0.0164666
2191.91 2608.41 953.949 73.952 11.8749 6.853 0.0275543 -6.89277 2.33212 -0.0011992 -1.98224 -7.59807 -0.722889 11.0242 5.43786 -1.33348 19.3773 5.617 -0.965412 11.0029 6.41717 0.000213451 -0.409055 0.000339955 20.4319 -0.0288506 -6.9581 -27.0055 -13.6266 -71.9691 28.9453 12.7093 1.02909 0.0113243 0.0642234 -6.34678e-06 6.76025e-09 3.83393e-08 -2.22639e-14 5.1802 1.0218 -5.0729 5.04766 -15.3096 62.8516 -27.2422 -12.9805 -1.33299 0.00200168 -0.0113521 1.98297e-07 1.07157e-09 -6.07706e-09 1.59028e-14 0.677564 -9.8831 -7.98658 1.00149 -4.02308 -5.84358 -0.0270673 0.275578 0.00492193 2.71992 -21.5443 -1.54901 6.87728 20.2287 -1.81254 0.0391194 -4.51555 4.11143 -0.000189135 -7.06773 -0.0010329 54.4867 -12.9388 3.71947 -25.2737 4.06822 2.07529 -0.0164663 -12.8997 6.91077 -0.000705213 -3.53685 0.00554956
2186.16 2606.29 952.698 72.69 10.9794 7.337 0.0221445 -6.98869 2.39059 -0.00231961 -1.94764 -7.67219 -0.486474 11.0197 5.51661 -0.820123 19.5308 5.53708 -0.67311 11.1502 6.55161 4.11871e-05 -0.425255 0.000749374 20.5707 -0.0249474 -6.14975 -27.1934 -11.4265 -73.9309 29.1525 12.4184 1.32742 0.00222641 0.0126266 -2.45323e-07 9.42136e-10 5.34318e-09 -2.54444e-14 5.46199 1.04543 -6.67264 4.33275 -16.051 63.8014 -25.6088 -12.5642 -1.06158 0.00184268 -0.0104503 1.68046e-07 -8.70108e-11 4.93499e-10 -0 1.78257 -10.459 -6.94992 2.52115 -4.4825 -5.14789 -0.0324891 0.385474 0.00187516 -0.669206 -19.7985 -2.71362 12.5441 18.5242 -3.59548 0.100266 -0.559432 4.31819 -0.00116439 -7.11903 -0.000464431 54.2514 -13.0154 2.6944 -21.2667 4.33111 1.75518 -0.0110708 -14.0312 6.72197 -0.00107653 -3.57034 -0.00154749
2176.97 2602.58 951.928 71.838 10.3846 7.862 0.0134944 -7.05679 2.45616 -0.00298946 -1.86902 -7.76786 -0.355777 10.925 5.51512 -0.510887 19.6018 5.47878 -0.57754 11.1724 6.70197 0.00015013 -0.458873 0.00111285 20.7781 -0.0308145 -5.6707 -27.9421 -10.2287 -75.8439 29.481 12.1207 1.62077 -0.00614586 -0.0348549 -1.86936e-06 -7.35106e-11 -4.16892e-10 1.27222e-14 5.75082 1.10812 -8.6089 5.2249 -16.5892 65.7172 -24.7956 -12.3109 -0.979516 0.00259119 -0.0146954 3.32298e-07 -1.71153e-09 9.70652e-09 -3.18055e-15 3.00515 -11.5 -5.79442 4.1908 -5.23131 -4.34399 -0.0225169 0.364422 -0.0044533 -2.31209 -18.3502 -3.41235 16.6622 17.4622 -4.88851 0.124817 4.11471 4.43538 -0.0021785 -7.20975 0.00398904 54.9199 -13.8143 2.16723 -17.3723 5.18598 1.67752 0.00757489 -14.6632 6.67537 -0.000438584 -3.59066 -0.0025499
2165.96 2597.62 951.536 71.296 9.98705 8.284 0.00537223 -7.1023 2.53142 -0.00238971 -1.77117 -7.88791 -0.273964 10.7439 5.50941 -0.322698 19.4978 5.50512 -0.533528 10.9749 6.89165 0.00112558 -0.509337 0.000706138 20.4025 -0.0592343 -5.66211 -27.733 -10.1782 -77.0132 29.0767 11.8904 1.86869 -0.00772677 -0.0438207 -2.95478e-06 -2.16515e-09 -1.22792e-08 1.27222e-14 6.21045 1.2384 -10.3828 7.22637 -16.7092 67.9308 -24.8781 -12.2078 -1.03854 0.00485198 -0.027517 1.16511e-06 -5.19175e-09 2.94439e-08 3.18055e-15 3.99378 -12.7678 -5.01075 5.52159 -6.0983 -3.76482 -0.00838157 0.220461 -0.00568519 -0.95554 -17.1885 -3.36641 18.5347 17.3983 -5.5175 0.170832 7.95085 4.2646 -0.00374578 -7.30535 0.0161417 56.8077 -14.9495 2.17019 -15.9706 6.23101 1.86611 0.0327903 -15.3091 6.73288 0.00131984 -3.62082 0.000964326
2154.98 2592.25 951.257 71.001 9.62477 8.46 -0.00180599 -7.13191 2.61682 -0.00113913 -1.69597 -8.01861 -0.162049 10.5193 5.55471 -0.125637 19.1941 5.60851 -0.382383 10.5558 7.07444 0.00277393 -0.572129 -0.000778547 19.0864 -0.0905086 -5.89123 -24.9507 -11.1027 -76.9598 27.212 11.6074 2.19828 -0.0031491 -0.0178594 -4.90795e-07 -4.23938e-09 -2.40426e-08 -9.54166e-15 7.00418 1.4351 -11.4987 9.45751 -16.5855 69.7737 -25.5094 -12.1737 -1.09883 0.00926021 -0.0525173 4.24395e-06 -2.18358e-08 1.23837e-07 -0 4.53473 -13.892 -4.93228 6.23912 -6.86426 -3.66899 -0.000419191 0.0643439 -0.00266512 3.41761 -15.982 -2.52437 18.573 18.3474 -5.65471 0.331093 9.15875 3.70922 -0.00591706 -7.35245 0.0344546 59.2609 -15.9004 2.50604 -17.4386 6.99361 2.27684 0.0570431 -16.3295 6.82431 0.0038835 -3.69407 0.0080554
2145.19 2587.14 950.602 70.98 9.12779 8.334 -0.0122048 -7.16442 2.69884 -0.000414035 -1.66931 -8.13158 0.0251289 10.296 5.65712 0.179151 18.742 5.7108 -0.037464 10.0174 7.18346 0.00374129 -0.642281 -0.00234422 17.1415 -0.0848324 -5.83102 -20.2769 -12.283 -75.9174 24.3078 11.6068 2.23833 0.003348 0.0189874 -5.54752e-07 -5.60717e-09 -3.17998e-08 -0 8.06088 1.64813 -11.76 11.4033 -16.5669 71.0535 -26.1461 -12.1445 -1.08726 0.0146903 -0.0833127 1.06804e-05 -5.91209e-08 3.35291e-07 6.36111e-15 4.57213 -14.5294 -5.52276 6.28492 -7.31495 -4.06712 0.00261244 -0.0209704 -0.000529278 9.45693 -14.2649 -1.27338 17.7841 20.2955 -5.71615 0.491405 6.91338 3.1685 -0.00704574 -7.31118 0.0462413 61.006 -16.3364 2.674 -20.019 7.24788 2.69885 0.046709 -17.7119 6.86522 0.00459072 -3.81035 0.0129402
2136.17 2582.41 949.095 71.225 8.41309 7.933 -0.0236604 -7.22134 2.76969 -0.000480981 -1.68504 -8.2041 0.266214 10.094 5.79056 0.606675 18.2319 5.75063 0.447571 9.49459 7.21175 0.00318206 -0.707251 -0.00253215 15.3083 -0.0407096 -5.10354 -16.1652 -12.8722 -74.8627 21.9186 12.2149 1.70557 0.0119867 0.0679798 -7.11092e-06 -2.82648e-08 -1.60298e-07 6.36111e-15 9.02644 1.80132 -11.4639 13.1527 -16.6266 72.0888 -26.4869 -12.1178 -1.05899 0.017703 -0.100399 1.55104e-05 -7.83362e-08 4.44267e-07 -9.54166e-15 4.23851 -14.6073 -6.40418 5.83456 -7.38353 -4.70133 0.0035323 -0.0399177 -9.41946e-05 15.2479 -11.9448 -0.242804 17.0497 23.2485 -6.11499 0.475905 2.11098 3.19256 -0.00537721 -7.207 0.0389564 60.9842 -16.2901 2.24751 -21.3593 7.20539 2.86047 -0.0156264 -19.3417 6.80897 0.00233809 -3.93842 0.0103438
2125.95 2577.31 946.669 71.661 7.54624 7.376 -0.0280971 -7.31339 2.83713 -0.000683825 -1.71818 -8.23173 0.499876 9.91849 5.91665 1.06338 17.7754 5.7279 0.917725 9.08844 7.20995 0.00198181 -0.753716 -0.00142894 14.2173 0.000852294 -3.77219 -14.3462 -12.5709 -74.718 21.3629 13.0024 1.1173 0.0224959 0.12758 -2.50458e-05 -5.00573e-08 -2.83889e-07 2.54444e-14 9.50531 1.85523 -11.1735 14.9381 -16.389 73.1919 -26.6804 -12.1166 -1.08066 0.0158802 -0.090061 1.24807e-05 -5.30367e-08 3.00786e-07 -3.18055e-15 3.67777 -14.3807 -7.13302 5.0727 -7.22234 -5.23416 0.00386375 -0.0393495 8.24262e-05 19.6101 -9.42545 0.212382 16.8173 26.9461 -7.03988 0.375235 -3.22235 3.69836 -0.00183994 -7.10749 0.0207627 59.0567 -16.1184 1.27626 -20.154 7.33513 2.6983 -0.0909296 -21.2921 6.68648 -0.000263225 -4.0436 0.00323925
2112.49 2571.15 943.598 72.276 6.71467 6.761 -0.0245468 -7.43043 2.91251 -0.000762309 -1.74281 -8.22694 0.667904 9.77983 6.006 1.40422 17.4615 5.69139 1.22206 8.85085 7.23266 0.00115222 -0.777125 -0.000203955 13.8935 0.0136379 -2.19043 -14.8413 -11.6725 -75.6389 22.8858 13.2955 1.00851 0.0305571 0.173297 -4.62115e-05 9.78509e-10 5.54943e-09 -1.90833e-14 9.36259 1.83421 -11.3072 16.452 -15.6492 74.2598 -26.9344 -12.1383 -1.1058 0.0097727 -0.0554237 4.72669e-06 -2.17877e-08 1.23564e-07 -3.18055e-15 2.92138 -14.2525 -7.38558 4.04803 -7.10084 -5.40904 0.00670606 -0.064334 0.000461555 22.5556 -7.1185 0.219514 17.3039 30.5534 -8.45065 0.332934 -7.38099 4.16766 0.000194195 -7.06007 0.00678642 56.2951 -16.24 0.341341 -17.1426 7.98637 2.42455 -0.114774 -23.4592 6.58944 -0.00107332 -4.10866 -0.00185366
2094.84 2564.23 939.949 73.184 6.10581 6.053 -0.0198762 -7.5454 2.99436 -0.00142777 -1.74682 -8.20622 0.736657 9.70922 6.05536 1.53391 17.3297 5.70397 1.31401 8.78592 7.29282 0.00104557 -0.777543 0.00103327 13.9304 0.00962435 -0.675541 -16.6175 -10.7318 -77.1056 25.9489 12.9583 1.25688 0.0316341 0.179405 -4.95264e-05 -1.52074e-08 -8.62452e-08 3.18055e-15 8.75488 1.77953 -12.0283 16.71 -14.5989 75.0279 -27.1804 -12.1953 -1.11871 0.00342329 -0.0194144 5.79984e-07 -7.57967e-09 4.29865e-08 -0 1.97398 -14.5532 -6.98106 2.77416 -7.25446 -5.08608 0.0107127 -0.118992 0.000704101 24.748 -5.03455 0.141665 18.6178 32.7407 -10.1705 0.289615 -9.88584 4.31227 0.000316371 -7.06126 0.00256697 54.0826 -16.8551 0.128713 -14.3592 9.11871 2.30291 -0.0788731 -25.2537 6.5869 -0.00110968 -4.13297 -0.00296893
2073.36 2557.24 935.509 74.637 5.80433 5.158 -0.0180025 -7.64119 3.06824 -0.00399155 -1.73364 -8.18368 0.713832 9.73145 6.08495 1.4415 17.3544 5.80378 1.23163 8.85746 7.37298 0.0033322 -0.746801 0.00315665 13.9915 0.00576598 0.486188 -18.5705 -10.281 -78.4278 29.502 12.333 1.47162 0.0281304 0.159535 -3.91633e-05 -5.53145e-09 -3.13705e-08 -0 7.89026 1.7116 -13.1823 15.0301 -13.7277 75.3379 -27.216 -12.2915 -1.17093 2.26891e-05 -0.000128676 2.54667e-11 -2.48833e-09 1.41119e-08 -1.27222e-14 0.811573 -15.3374 -6.00482 1.20127 -7.73893 -4.33957 0.00979994 -0.153724 0.000168654 26.8764 -2.88766 0.16892 20.2173 32.4748 -11.6381 0.151817 -11.3561 4.20707 -0.000242882 -7.06228 0.00557084 53.3303 -17.8193 1.07434 -13.6168 10.2699 2.47843 -0.0560279 -25.7867 6.64068 -0.00172629 -4.12518 -0.00201628
2049.11 2550.51 930.199 77.007 5.80655 4.023 -0.0139259 -7.72835 3.12641 -0.00989781 -1.71651 -8.18398 0.633292 9.83965 6.12138 1.16999 17.4593 5.98723 1.00507 9.00594 7.46563 0.0112897 -0.670675 0.00501785 13.8957 0.00197262 0.838603 -20.0591 -10.6517 -79.066 32.4897 11.7478 1.58579 0.0238499 0.135259 -2.81515e-05 -1.03563e-08 -5.87337e-08 3.18055e-15 6.77682 1.63644 -14.3553 11.9328 -13.4863 75.0969 -26.9222 -12.3151 -1.20292 -0.000656137 0.00372114 2.13068e-08 -2.07234e-09 1.17529e-08 -0 -0.599963 -16.3391 -4.76766 -0.73602 -8.39221 -3.42212 0.00440751 -0.132336 -0.000495212 28.7842 -0.486718 0.202024 21.0114 29.7782 -11.8522 0.0354882 -12.7514 4.06985 -0.00209043 -7.01582 0.0108651 54.2315 -18.6898 3.30019 -15.6326 10.7834 2.90577 -0.0737937 -24.4499 6.72331 -0.00238542 -4.09586 5.83078e-05
2022.53 2543.85 924.657 80.4579 6.09442 2.683 0.00294477 -7.83047 3.18776 -0.0183102 -1.72231 -8.24475 0.523488 9.99201 6.18996 0.809357 17.6106 6.21115 0.662188 9.18644 7.59436 0.026039 -0.564461 0.00267716 13.6497 -0.00739105 -0.173657 -21.0605 -12.0168 -78.6571 34.4518 11.3921 1.70254 0.0177438 0.10063 -1.55819e-05 -4.33528e-08 -2.45866e-07 9.54166e-15 5.22031 1.56488 -15.1144 8.7175 -13.9922 74.2974 -26.2853 -12.161 -1.11421 -0.000758551 0.00430196 2.84773e-08 -1.14056e-09 6.46844e-09 -3.18055e-15 -2.20312 -17.1429 -3.60258 -2.94555 -8.94098 -2.58954 0.000616108 -0.0727399 -0.000449257 29.1723 1.87014 0.211765 20.679 25.7607 -10.4527 0.066786 -14.649 4.13035 -0.00433655 -6.91762 0.0128292 56.3098 -19.0304 6.6306 -19.7386 10.2223 3.29446 -0.0695596 -21.4942 6.87036 -0.00196407 -4.0499 0.00304898
1993.58 2536.86 919.999 84.6988 6.67014 1.238 0.0340553 -7.95668 3.28037 -0.0245623 -1.77682 -8.38419 0.429423 10.1337 6.30419 0.527012 17.8176 6.38237 0.306251 9.39261 7.78207 0.0421767 -0.483968 -0.00398235 13.3704 -0.0172942 -2.67759 -21.8062 -14.3345 -77.1322 35.4598 11.2889 1.80078 0.0105664 0.0599248 -5.5256e-06 -4.18738e-08 -2.37478e-07 -3.18055e-15 3.13777 1.52347 -15.1228 6.09924 -15.1702 72.9723 -25.141 -11.8599 -0.918517 -0.0036275 0.0205726 6.51245e-07 -9.96488e-10 5.65126e-09 -3.18055e-15 -3.73259 -17.4563 -2.75135 -5.03956 -9.17272 -1.99658 0.00105333 -0.0371961 -0.00304784 26.6974 3.53164 0.525788 19.9607 21.7262 -8.32075 0.13475 -16.9828 4.41325 -0.00370114 -6.81829 0.0113481 58.898 -18.6656 10.6758 -24.555 8.66974 3.33654 -0.0291694 -18.0458 7.03943 -0.000527507 -3.99165 0.00528603
1962.92 2529.65 917.083 89.1989 7.48662 -0.237 0.0621798 -8.08868 3.39478 -0.0242464 -1.86971 -8.56515 0.397318 10.2294 6.44321 0.489645 18.0584 6.40496 0.105487 9.61704 7.96974 0.0489507 -0.477517 -0.00763179 13.1903 -0.0133055 -6.05096 -22.4407 -17.235 -74.8387 35.6893 11.3579 1.84177 0.00380508 0.0215797 -7.16566e-07 -1.57113e-08 -8.9103e-08 3.18055e-15 0.730915 1.52767 -14.3148 3.58824 -16.8746 71.2378 -23.0366 -11.3989 -0.730022 -0.00979169 0.0555314 4.74508e-06 4.56768e-09 -2.59047e-08 -3.18055e-15 -4.70447 -17.2156 -2.23709 -6.36395 -9.00742 -1.62255 0.00243512 -0.117148 -0.0146188 21.1136 3.99911 1.4647 19.4497 18.5478 -6.58346 0.142405 -19.3457 4.70882 -0.000449421 -6.76598 0.0113549 61.2476 -17.6234 14.8881 -28.8376 6.55262 2.91924 0.00804128 -15.235 7.15271 0.000546743 -3.93396 0.00469745
1932.38 2522.82 916.334 93.5528 8.3613 -1.649 0.0646234 -8.21374 3.48084 -0.0177427 -1.94784 -8.71535 0.450747 10.2683 6.52913 0.74157 18.2902 6.23713 0.161367 9.81895 8.01079 0.0421727 -0.529533 -0.00306006 13.2253 0.00680831 -9.193 -23.0959 -20.1051 -72.4833 35.1905 11.5687 1.8178 -0.00237866 -0.0134901 -2.80023e-07 -8.10364e-09 -4.59579e-08 -1.27222e-14 -1.58409 1.54165 -12.9911 -0.127636 -18.823 69.2506 -19.5069 -10.7233 -0.747738 -0.0137347 0.0778933 9.33613e-06 3.32634e-08 -1.88646e-07 1.27222e-14 -4.67394 -16.5709 -1.98844 -6.32779 -8.52589 -1.41235 0.00483498 -0.334425 -0.0209613 13.9825 3.27971 2.69568 18.6898 16.6372 -5.56717 0.111214 -21.2551 4.8173 0.0013396 -6.74362 0.0108948 62.6613 -16.1416 18.5836 -31.7707 4.33167 2.10814 0.0518359 -13.2294 7.25243 0.00030419 -3.89569 0.00225918
1904.64 2517.06 917.894 97.6436 9.0269 -2.835 0.0404415 -8.37121 3.51024 -0.00968158 -1.96106 -8.79902 0.598915 10.2851 6.4327 1.18036 18.4939 5.87587 0.422461 9.96014 7.78077 0.027465 -0.593922 0.00423878 13.4009 0.0280202 -11.1826 -23.8224 -22.3075 -70.7514 34.0658 11.8759 1.69705 -0.00654845 -0.0371381 -2.12229e-06 -2.69302e-08 -1.52729e-07 6.36111e-15 -3.32788 1.50273 -11.6188 -6.11401 -20.5368 67.1291 -14.6043 -9.93305 -0.96563 -0.0149383 0.0847191 1.10441e-05 1.43364e-07 -8.13057e-07 -0 -3.57132 -15.8505 -1.90506 -4.81826 -7.98433 -1.33818 0.0161057 -0.505458 0.00581436 7.9592 2.09632 3.50234 16.7827 15.7363 -4.78979 0.0603935 -22.2374 4.77491 0.000175714 -6.70644 0.0082993 62.9279 -14.5896 21.1408 -32.9946 2.42143 1.18416 0.135949 -11.3015 7.41541 -0.000368402 -3.88683 0.0019898
1881.79 2512.91 921.865 101.409 9.27464 -3.675 0.0118466 -8.61706 3.51914 -0.00407235 -1.91009 -8.8393 0.80751 10.3323 6.0746 1.65349 18.7042 5.366 0.772088 10.0652 7.26891 0.0121343 -0.644481 0.00722245 13.6312 0.0358452 -11.8494 -24.4292 -23.5755 -69.788 32.6921 12.1604 1.46 -0.00899355 -0.0510049 -4.00304e-06 -4.47775e-08 -2.53946e-07 -6.36111e-15 -4.26153 1.38679 -10.569 -14.0699 -21.4973 65.1961 -9.18707 -9.1866 -1.06241 -0.0196989 0.111718 1.92048e-05 3.04511e-07 -1.72697e-06 2.22639e-14 -1.70329 -15.3297 -1.7193 -2.23844 -7.62895 -1.22967 0.0264101 -0.401058 0.042076 4.81394 1.40254 3.68407 13.6749 14.9994 -3.8635 0.00922152 -21.9753 4.79904 -0.00175856 -6.64165 0.0081469 62.3929 -13.2413 22.1814 -32.4122 1.20318 0.578023 0.235415 -8.79847 7.55344 -3.22159e-05 -3.89869 0.00653581
1864.21 2510.46 927.977 104.649 9.04799 -4.151 -0.003043 -8.9464 3.5684 -0.00167668 -1.83197 -8.86984 1.01521 10.4326 5.51276 2.07434 18.9712 4.78273 1.14583 10.2427 6.58227 0.00202815 -0.668037 0.00566253 14.1205 0.0291936 -11.5783 -24.632 -23.9951 -69.261 31.7756 12.2992 1.13126 -0.0116865 -0.0662776 -6.75927e-06 -6.14597e-08 -3.48555e-07 6.36111e-15 -4.55511 1.23333 -9.92603 -22.5188 -21.5281 63.8806 -4.45959 -8.54541 -0.84752 -0.0276248 0.156668 3.77681e-05 2.8934e-07 -1.64093e-06 -4.77083e-15 0.49855 -15.1016 -1.2184 0.80433 -7.52356 -0.905612 0.0194298 -0.087648 0.0423314 4.82367 1.65018 3.48384 10.3266 13.6787 -2.91379 -0.007409 -20.5304 4.98556 -0.00171187 -6.56409 0.012689 61.5128 -12.3593 21.6049 -30.0794 1.16248 0.631973 0.299133 -5.90464 7.4456 0.00104266 -3.91119 0.0121854
1850.64 2509.32 935.238 107.226 8.44488 -4.354 -0.00533702 -9.2906 3.6735 -0.00115841 -1.75179 -8.89747 1.1551 10.5964 4.92096 2.37138 19.301 4.24973 1.49391 10.5852 5.8911 -0.00111708 -0.660654 0.00299778 15.1814 0.0227479 -10.9439 -24.0858 -23.8196 -68.7303 31.8989 12.2298 0.833769 -0.0133201 -0.0755423 -8.78105e-06 -3.82779e-08 -2.17085e-07 6.36111e-15 -4.53883 1.10238 -9.62328 -30.1103 -20.7716 63.3377 -1.12458 -7.99315 -0.523599 -0.0337653 0.191492 5.64247e-05 1.45825e-07 -8.27016e-07 -0 2.66049 -15.2125 -0.426396 3.75568 -7.64337 -0.358606 0.00630222 0.162399 0.014217 7.12655 2.66125 3.12301 7.83237 11.7052 -2.15593 0.00614678 -18.3805 5.19525 -5.47384e-05 -6.49161 0.016302 60.065 -12.3481 19.5777 -26.0538 2.86362 1.21403 0.353897 -3.51984 7.06272 0.00122864 -3.90892 0.0120769
1838.95 2509.02 942.19 109.324 7.68158 -4.446 -0.00420867 -9.58113 3.78754 -0.00108489 -1.66669 -8.91321 1.15583 10.8254 4.51369 2.44276 19.6647 3.92819 1.70334 11.049 5.38407 4.81562e-05 -0.628272 0.0014157 16.7721 0.0252413 -10.4714 -22.2291 -23.518 -67.9602 32.6974 12.0394 0.876535 -0.0131757 -0.0747232 -8.59166e-06 -6.90719e-08 -3.91726e-07 -3.18055e-15 -4.33433 1.03885 -9.83029 -36.8437 -19.4954 63.303 0.96692 -7.44995 -0.340433 -0.0348706 0.19776 6.01793e-05 1.26147e-07 -7.15417e-07 -0 4.47874 -15.808 0.374792 6.15838 -8.05464 0.212028 0.00168673 0.192958 -0.00420988 10.4471 3.88432 2.7348 6.46124 9.63777 -1.57169 0.0140531 -16.0713 5.2771 0.00105853 -6.43094 0.0137826 56.9 -13.5112 16.4596 -20.4157 6.44421 1.6086 0.455556 -2.36494 6.70792 0.000144238 -3.8926 0.00658736
1826.99 2509.55 947.291 111.37 7.03565 -4.525 -0.0027037 -9.80036 3.85372 -0.000923351 -1.56878 -8.92434 1.00604 11.095 4.39054 2.27577 19.9965 3.85608 1.69115 11.494 5.19141 0.00200873 -0.576064 0.00195984 18.2855 0.00794591 -10.2256 -18.1109 -23.6423 -66.9423 32.6424 11.9269 1.74182 -0.0166891 -0.0946483 -1.37845e-05 -5.93124e-07 -3.36377e-06 -3.18055e-15 -3.7794 1.06612 -10.861 -44.0452 -18.0092 63.2251 2.32003 -6.83502 -0.295219 -0.0299956 0.170113 4.45288e-05 1.84101e-07 -1.04409e-06 5.56597e-15 5.68689 -17.0937 0.81439 7.66118 -8.92594 0.551949 0.00232387 0.0996946 -0.00496376 13.7361 4.7268 2.42169 5.73999 8.14587 -1.08432 0.00256429 -14.0008 5.20911 0.00111243 -6.3858 0.00726516 50.7866 -15.7294 12.5838 -13.3879 11.3401 1.13443 0.535586 -2.43327 6.60685 -0.000591791 -3.87431 0.00137956
1813.62 2511.33 949.433 113.658 6.7404 -4.576 -0.00163482 -9.97191 3.84952 -0.000587716 -1.46557 -8.95474 0.790074 11.3459 4.45574 2.02623 20.2071 3.90666 1.53379 11.7735 5.26267 0.00455803 -0.496259 0.00470881 18.9458 -0.0491863 -9.82524 -10.9645 -24.6825 -65.5028 29.9729 12.0098 3.44137 -0.026649 -0.151134 -3.51471e-05 -1.86723e-06 -1.05896e-05 -1.62208e-13 -2.72483 1.16811 -12.6961 -53.117 -16.4011 62.662 3.25168 -6.23004 -0.277459 -0.0213228 0.120928 2.25019e-05 1.17379e-07 -6.65689e-07 -9.93923e-15 6.17647 -18.9745 0.763942 8.19208 -10.223 0.566674 0.00297546 0.00238511 -0.00265226 16.0563 4.81951 2.32185 5.23659 7.54279 -0.751814 -0.00711477 -12.5275 5.05556 0.00092473 -6.36303 0.00167003 41.7439 -18.3963 8.11363 -5.48369 16.5044 -0.290713 0.448215 -3.39085 6.66341 0.000112223 -3.86215 -0.00078281
1799.22 2515.13 948.333 116.163 6.84474 -4.542 -0.00309848 -10.1182 3.78764 0.000105721 -1.37695 -9.02097 0.646311 11.5077 4.51688 1.93819 20.2475 3.89689 1.44358 11.823 5.38623 0.0082855 -0.402908 0.00726457 18.5474 -0.0929206 -8.75429 -1.64431 -26.7063 -63.3781 24.3741 12.3061 4.84168 -0.0318035 -0.180366 -5.00585e-05 -2.89803e-06 -1.64356e-05 -4.19833e-13 -1.32101 1.30523 -14.8167 -64.1926 -14.5848 61.5515 3.98287 -5.92289 -0.255629 -0.0126602 0.0717992 7.93243e-06 1.14654e-08 -6.50233e-08 -1.92821e-14 6.14837 -20.9646 0.397974 8.09765 -11.6075 0.34902 0.00350662 -0.0650932 -0.00112297 16.6668 4.22392 2.5449 4.96512 7.63126 -0.644203 0.00523208 -11.962 4.91476 0.00122878 -6.37059 -0.000767213 31.5717 -20.6185 3.27964 2.24198 20.6441 -2.22813 0.163679 -4.9582 6.68357 0.000821529 -3.85774 -0.00187669
1785.29 2521.74 944.601 118.635 7.20618 -4.377 -0.00650972 -10.2354 3.70511 0.000955598 -1.3125 -9.11963 0.689556 11.5283 4.42024 2.13662 20.1367 3.71923 1.61226 11.6782 5.34657 0.0104287 -0.340784 0.00667962 17.6853 -0.0676217 -6.72619 7.26959 -29.0549 -60.8218 17.7613 13.0209 4.60531 -0.0231821 -0.131472 -2.6597e-05 -2.11154e-06 -1.19751e-05 -2.22639e-13 0.0684709 1.46227 -16.5395 -75.7346 -12.6291 60.2322 4.76344 -6.02627 -0.247575 -0.00694933 0.0394116 2.39009e-06 -1.26515e-08 7.17502e-08 -8.34896e-15 6.03873 -22.545 0.129955 7.95907 -12.7052 0.179986 0.00459523 -0.0708494 0.00224455 15.3253 3.33003 3.01204 5.20905 7.95782 -0.718909 0.0304052 -12.3695 4.85522 0.00234969 -6.4127 0.000605821 22.7781 -21.7463 -1.36797 8.57387 22.6897 -4.06019 -0.159842 -6.9187 6.60225 -0.00014721 -3.86444 -0.00371833
1773.4 2531.41 939.438 120.77 7.65511 -4.075 -0.00945177 -10.3033 3.64064 0.00128087 -1.26164 -9.23418 0.915039 11.3822 4.16409 2.51213 19.9108 3.42707 2.02215 11.3826 5.09155 0.00864723 -0.332536 0.00356207 17.1056 -0.00610677 -4.1466 13.1547 -30.699 -58.9041 12.9108 14.1967 2.87654 -0.0106111 -0.0601784 -5.57247e-06 -6.78143e-07 -3.84594e-06 -2.8625e-14 1.30176 1.64172 -17.5421 -85.6187 -10.9044 59.1592 5.67343 -6.32502 -0.197427 -0.00345053 0.019569 5.89252e-07 -4.67786e-09 2.65295e-08 -5.56597e-15 6.30504 -23.5118 0.378077 8.32186 -13.3723 0.37272 0.00313896 0.0395628 0.0102667 12.4158 2.50356 3.52581 5.91712 8.21821 -0.870008 0.0491557 -13.5334 4.8897 0.00437153 -6.49082 0.00567196 16.8946 -21.7106 -5.30057 12.8973 22.2659 -5.23897 -0.336003 -8.88504 6.51656 -0.00215916 -3.88482 -0.00603175
1764.2 2543.92 933.988 122.395 8.13305 -3.663 -0.0122913 -10.311 3.61166 0.000817554 -1.20686 -9.34721 1.19779 11.0919 3.87343 2.85867 19.5557 3.14408 2.45245 10.9445 4.76661 0.00492531 -0.360972 0.00101671 17.096 0.0293623 -2.00056 15.1898 -31.0435 -58.5649 11.0441 15.1688 1.17464 -0.00384375 -0.021799 -7.31204e-07 -9.95072e-08 -5.64333e-07 -1.43125e-14 2.55676 1.81843 -17.9629 -92.1706 -9.96544 58.5364 6.55929 -6.46251 -0.0774442 -0.0012456 0.00706415 7.67867e-08 -4.87977e-11 2.76852e-10 8.74653e-15 7.16933 -23.9857 1.32879 9.45518 -13.7002 1.08057 -0.00260565 0.280087 0.017498 8.79134 1.85377 3.95719 6.6691 8.41605 -1.01303 0.0564522 -15.1132 4.97073 0.00657152 -6.59981 0.0115094 13.7322 -20.8649 -8.4406 15.4142 19.8492 -5.47968 -0.31564 -10.3508 6.51061 -0.00335175 -3.91574 -0.00699113
1756.86 2559.09 928.748 123.575 8.70535 -3.219 -0.0141032 -10.2696 3.61283 -3.4287e-06 -1.14131 -9.44187 1.38733 10.7049 3.68292 3.01249 19.0206 2.98734 2.657 10.3451 4.57775 0.00243926 -0.407814 0.000244093 17.4875 0.0359539 -1.23401 14.7031 -30.2214 -59.2551 11.4219 15.4612 0.484941 -0.0014477 -0.00821029 -1.03725e-07 -2.55851e-09 -1.451e-08 1.43125e-14 3.95207 1.95126 -18.1406 -94.7501 -10.1246 58.3374 7.21932 -6.21169 0.0263352 -0.00128817 0.00730556 8.21245e-08 -1.01809e-09 5.77385e-09 -2.38542e-14 8.50783 -24.143 2.88616 11.2136 -13.7947 2.24332 -0.00301387 0.512693 0.0123879 5.25408 1.27328 4.36898 7.17396 8.6862 -1.12522 0.0663213 -16.9119 5.04299 0.00809279 -6.72634 0.0138093 12.0816 -19.7325 -10.917 16.7306 16.5651 -4.95116 -0.183977 -10.9824 6.54766 -0.00284594 -3.95054 -0.00526227
1749.52 2577.69 923.555 124.574 9.4409 -2.928 -0.0078143 -10.2136 3.62717 -0.00113877 -1.07814 -9.50492 1.37366 10.2585 3.69153 2.9033 18.2839 3.06634 2.52028 9.55544 4.68203 0.00277504 -0.47474 0.00020942 18.0661 0.0593727 -2.17558 14.144 -28.6225 -59.341 12.6142 15.3087 0.568049 -0.00258986 -0.0146878 -3.31957e-07 1.01865e-07 5.77705e-07 1.59028e-14 5.23526 2.0021 -18.323 -93.5207 -11.3173 58.7185 7.61606 -5.85199 0.0474356 -0.00393915 0.02234 7.67952e-07 -1.43346e-08 8.12957e-08 -9.54166e-15 9.88832 -24.01 4.61265 13.0518 -13.6387 3.53222 0.00593743 0.526534 -0.000893944 1.9478 0.619865 5.08414 7.64258 9.12625 -1.26788 0.0783357 -18.9219 5.07501 0.00910557 -6.85928 0.0114746 11.2643 -18.8427 -12.492 17.2565 13.5625 -4.12225 -0.0715515 -10.682 6.56704 -0.00130107 -3.98709 -0.00314451
1740.56 2601.19 918.202 125.762 10.3033 -3.023 0.00925461 -10.1844 3.64459 -0.00350952 -1.03629 -9.53536 1.12578 9.77208 3.94028 2.53766 17.3963 3.43591 2.10156 8.57301 5.14541 0.00564685 -0.568294 -0.000425641 19.0252 0.138834 -4.38721 15.3816 -26.4243 -57.7 13.2515 15.0985 0.923156 -0.00721788 -0.0409346 -2.57838e-06 2.62763e-07 1.4902e-06 1.59028e-15 5.82183 1.95719 -18.4902 -88.7953 -13.1475 60.1346 7.88111 -5.93293 -3.48427e-05 -0.00713812 0.0404823 2.52172e-06 -1.3319e-07 7.5536e-07 6.36111e-15 10.5946 -23.4758 5.83666 14.0525 -13.1796 4.41545 0.00656471 0.301998 -0.00442117 -1.69727 -0.217295 6.5077 8.69652 9.76346 -1.57946 0.055051 -20.901 5.05264 0.0102132 -6.99181 0.00765535 11.6377 -18.7001 -12.6245 16.916 11.7189 -3.29 -0.0519425 -9.79282 6.54856 0.000691811 -4.03084 -0.00312335
1729.57 2630.54 913.023 127.45 11.1446 -3.641 0.0265552 -10.2006 3.67039 -0.0069425 -1.0226 -9.53868 0.701358 9.24634 4.41059 1.95123 16.4591 4.07373 1.5519 7.47799 5.88943 0.00948513 -0.675472 -0.00195284 20.7472 0.26349 -7.11442 18.1031 -23.5398 -54.7341 12.8729 15.03 1.21278 -0.0116572 -0.0661113 -6.7254e-06 3.68509e-07 2.08992e-06 -3.18055e-15 5.34801 1.85789 -18.4039 -80.9863 -14.807 62.834 8.03083 -6.56202 -0.0843215 -0.00875165 0.049633 3.7906e-06 -4.6619e-07 2.6439e-06 1.47101e-14 9.98535 -22.4682 6.02085 13.3727 -12.4574 4.46859 -0.00516401 0.0720897 -0.000645941 -6.29637 -1.33556 8.76403 10.5797 10.6325 -2.14854 -0.0292371 -22.3032 4.99534 0.0109833 -7.11579 0.00570935 13.738 -19.4659 -10.9539 15.3614 11.5473 -2.51085 -0.0948639 -9.05283 6.47989 0.00256935 -4.08408 -0.00466437
1718.06 2665.01 908.806 129.736 11.7547 -4.683 0.0299839 -10.2431 3.71131 -0.00907131 -1.02901 -9.5148 0.220796 8.70445 5.03557 1.24656 15.5654 4.85058 1.00905 6.43805 6.72467 0.0132381 -0.760683 -0.00314528 23.2683 0.366958 -9.83259 20.0909 -20.1581 -51.8202 12.3089 15.0978 1.13559 -0.0109836 -0.0622909 -5.97056e-06 3.27066e-07 1.85488e-06 -2.22639e-14 3.9777 1.77863 -17.7981 -70.8171 -15.4156 66.3179 7.9752 -7.19275 -0.156756 -0.00952738 0.0540325 4.49237e-06 -8.69225e-07 4.92962e-06 4.3186e-14 7.97638 -21.0386 5.12883 10.8343 -11.54 3.69912 -0.0118322 0.0173346 -0.00129624 -11.4944 -2.78524 11.4385 12.5897 12.0451 -2.81524 -0.173482 -22.6438 4.93818 0.00955822 -7.2193 0.00468391 17.4007 -20.596 -7.70692 12.5736 12.9724 -1.85406 -0.117376 -9.14049 6.38648 0.00332168 -4.13831 -0.00529348
1708.58 2702.24 906.53 132.442 11.9663 -5.809 0.0178516 -10.2687 3.76476 -0.00797655 -1.03738 -9.46077 -0.156149 8.23665 5.70207 0.564903 14.8068 5.58443 0.547637 5.6455 7.45658 0.017181 -0.799765 -0.00241338 26.1836 0.375455 -12.4194 19.3315 -16.9942 -49.961 12.6105 15.1105 0.777224 -0.00571181 -0.0323933 -1.61464e-06 1.45346e-07 8.243e-07 3.18055e-15 2.24653 1.77799 -16.6922 -60.4361 -14.7316 69.0602 7.84576 -7.1759 -0.160062 -0.0106535 0.0604191 5.61713e-06 -8.95252e-07 5.07723e-06 3.26007e-14 5.07024 -19.4006 3.5579 7.01962 -10.5126 2.48026 -0.00796917 0.0825033 -0.00190732 -15.4128 -4.30783 13.7086 13.1564 14.7155 -2.95477 -0.399858 -21.8588 4.95075 0.00546785 -7.28751 0.00334909 21.4315 -21.1947 -3.89073 8.97934 15.2529 -1.37605 -0.0918388 -10.2983 6.35471 0.00277012 -4.18269 -0.00396997
1703.05 2739.84 907.037 135.177 11.7308 -6.658 0.00170273 -10.2397 3.81916 -0.00483489 -1.03015 -9.3788 -0.304448 7.95409 6.28531 0.0494886 14.2886 6.16133 0.230934 5.23311 7.96347 0.0217337 -0.803541 -0.00094725 28.7856 0.280713 -14.9186 15.8002 -14.4752 -49.2602 14.0751 14.8575 0.522717 0.0019025 0.0107896 -1.79134e-07 1.758e-08 9.9701e-08 1.59028e-14 0.675808 1.84534 -15.5403 -53.4235 -13.4663 69.7553 7.83145 -6.78444 -0.094955 -0.010428 0.05914 5.38182e-06 -5.84863e-07 3.31692e-06 1.47101e-14 2.03105 -17.837 1.74184 2.94959 -9.50595 1.17018 -0.00256172 0.132505 0.000699156 -15.7293 -5.36068 14.9056 10.7038 19.3943 -1.63061 -0.709791 -20.3732 5.07624 0.000984013 -7.31948 0.00288816 24.6382 -20.6989 -0.740916 4.84589 17.278 -0.839623 -0.0611622 -12.0857 6.38911 0.00191108 -4.21776 -0.00223884
1701.85 2776.29 910.63 137.591 11.1249 -7.032 -0.00762142 -10.1535 3.86694 -0.00220917 -0.999456 -9.27634 -0.240797 7.89371 6.67424 -0.228535 14.0728 6.5359 0.0807076 5.18109 8.2279 0.0236631 -0.812187 -0.000847897 30.4986 0.147401 -17.3042 10.7048 -12.515 -49.5198 16.4713 14.2995 0.646301 0.00937892 0.0531905 -4.35346e-06 7.48918e-10 4.24743e-09 2.38542e-14 -0.639566 1.92904 -14.906 -51.3642 -12.2132 68.9001 7.70344 -6.56231 0.011131 -0.0070141 0.0397789 2.43485e-06 -2.07597e-07 1.17734e-06 -1.59028e-14 -0.469355 -16.4671 -0.0575627 -0.43369 -8.57734 -0.0800381 -0.000861106 0.115092 0.000938113 -11.3777 -5.8716 14.7912 4.70723 26.2874 1.72541 -0.925203 -18.6544 5.26996 -0.000932418 -7.3391 0.00261972 27.0258 -19.0779 1.13692 0.0663447 18.1532 0.0746506 -0.0479945 -13.7475 6.36454 0.00157206 -4.25117 -0.00114026
1703.94 2810.84 917.093 139.534 10.3286 -6.921 -0.00907639 -10.0492 3.91937 -0.00100658 -0.946933 -9.16042 -0.111561 7.98733 6.79814 -0.34826 14.1298 6.69878 0.0176908 5.3475 8.26335 0.0185857 -0.854559 -0.00119322 31.1932 0.0463334 -19.3806 4.92247 -11.0127 -50.7239 19.5049 13.5473 1.22902 0.0118545 0.0672302 -6.95497e-06 1.04224e-08 5.91081e-08 9.54166e-15 -1.89707 1.99902 -15.0138 -52.814 -10.8713 67.7939 6.95687 -6.54243 0.139508 -0.00114686 0.00650416 6.50951e-08 -1.758e-08 9.97011e-08 4.77083e-15 -2.06919 -15.2267 -1.69518 -2.62955 -7.68834 -1.21493 -0.000349424 0.0628613 0.000148024 -3.54771 -6.69971 13.6323 -3.65703 34.7318 6.62205 -0.772579 -17.0127 5.45106 -8.23929e-05 -7.36659 0.00156619 29.3981 -16.5992 1.87391 -5.40751 17.485 1.29914 -0.0492335 -14.6812 6.24559 0.00154561 -4.2849 -0.000553823
1707.66 2843.29 925.596 141.097 9.53345 -6.514 -0.00762555 -9.97793 3.99625 -0.000457389 -0.884854 -9.02623 -0.0862117 8.12417 6.67875 -0.420999 14.3598 6.66886 -0.0565685 5.58965 8.07433 0.0100787 -0.906197 -0.00048118 30.9323 0.0115806 -20.8106 -1.16322 -9.85261 -52.9036 23.0472 12.7218 2.10388 0.00639003 0.0362397 -2.02085e-06 1.72053e-08 9.7576e-08 4.77083e-15 -3.38667 2.04678 -15.5875 -55.4682 -9.1678 67.2052 5.30682 -6.81365 0.248984 0.00307712 -0.0174512 4.68617e-07 -8.03414e-09 4.55639e-08 3.18055e-15 -2.70506 -13.9965 -3.03294 -3.55012 -6.78607 -2.15023 0.00151543 -0.00297927 -0.000554034 4.54937 -8.81317 12.2595 -11.2488 43.3135 11.2069 -0.384478 -15.722 5.55798 0.00125881 -7.38856 0.00097974 32.2046 -13.6432 1.89006 -10.9774 15.5193 2.40078 -0.0532067 -14.5656 6.14125 0.00132491 -4.31556 0.000168076
1711.75 2873.81 934.635 142.494 8.87626 -6.07 -0.0059202 -9.96459 4.10091 -0.000212373 -0.839427 -8.85614 -0.238847 8.24019 6.41242 -0.523168 14.6528 6.50181 -0.198212 5.84141 7.71182 0.00499707 -0.924954 0.000716637 29.74 0.0191924 -21.2658 -7.33983 -8.83304 -56.0238 26.9544 11.9184 2.7988 0.000450967 0.00255756 -1.00651e-08 -3.96123e-09 -2.24654e-08 9.54166e-15 -5.27846 2.07221 -16.0778 -58.1303 -6.92175 66.994 3.06171 -7.52948 0.27877 0.00358298 -0.0203201 6.35356e-07 1.81731e-09 -1.03065e-08 -1.98785e-15 -2.52835 -12.8301 -4.03932 -3.3809 -5.93915 -2.86687 0.00553242 -0.0830919 -0.00232388 9.89013 -12.2033 11.3616 -14.4754 50.4227 12.866 -0.351446 -14.9404 5.57247 0.00294188 -7.37732 -7.84186e-05 34.8261 -10.5611 1.51014 -15.3059 12.9309 2.97639 -0.0426338 -13.5563 6.11865 0.000925191 -4.33639 0.00150538
1715.88 2902.8 942.398 143.758 8.4335 -5.745 -0.00368446 -9.99626 4.2013 -0.000339146 -0.84286 -8.63726 -0.485497 8.33388 6.10351 -0.658987 14.9265 6.28235 -0.38521 6.08602 7.26392 0.00398093 -0.900162 0.00168029 27.5824 0.0246362 -20.6355 -12.8452 -7.56906 -59.7654 30.5619 11.3502 2.83953 0.00575328 0.0326284 -1.63817e-06 -1.96117e-08 -1.11223e-07 1.90833e-14 -7.38743 2.06974 -16.014 -61.8123 -3.95354 66.4198 1.10312 -8.65478 0.10085 0.00781519 -0.0443222 3.02279e-06 2.05501e-07 -1.16546e-06 -1.59028e-15 -1.89258 -11.9244 -4.91051 -2.56458 -5.29658 -3.51134 0.0113764 -0.158873 -0.00238915 11.308 -16.2588 10.8493 -12.2042 54.6933 10.4881 -0.771949 -14.7787 5.55259 0.00509456 -7.33759 0.000972014 36.1682 -7.50215 0.890104 -17.3665 10.2437 2.95878 -0.0219827 -12.153 6.09336 0.000977289 -4.33461 0.00208093
1720.63 2930.55 947.336 144.815 8.20605 -5.485 -0.0016049 -10.0402 4.24683 0.000119277 -0.914344 -8.37795 -0.673922 8.41666 5.7955 -0.778393 15.1223 6.04058 -0.578206 6.27273 6.77763 0.00439558 -0.843948 0.0019164 24.6397 0.0132008 -19.1769 -16.3069 -5.76314 -63.4397 32.7803 11.2412 2.37639 0.0191922 0.108844 -1.82296e-05 -3.69987e-08 -2.0983e-07 -3.18055e-15 -9.36359 2.04275 -15.1779 -67.9315 -0.0779667 65.1293 0.306426 -9.75947 -0.442066 0.0275197 -0.156072 3.74815e-05 1.32824e-06 -7.53282e-06 8.66701e-14 -1.23128 -11.2855 -5.93286 -1.68459 -4.86413 -4.28175 0.0149916 -0.148508 -0.000138466 9.20382 -20.4634 10.0729 -7.07094 55.4202 6.13152 -1.09921 -15.3274 5.58981 0.00467873 -7.30657 0.00513867 35.6924 -4.5559 0.114534 -17.197 7.65021 2.49656 -0.00897795 -10.9215 5.97683 0.0017994 -4.30119 6.34971e-05
1726.72 2956.99 948.866 145.516 8.17818 -5.069 -0.00102483 -10.0698 4.21918 0.00127175 -1.03427 -8.10695 -0.720981 8.45961 5.44243 -0.879986 15.1877 5.69761 -0.788444 6.31752 6.2272 0.00573072 -0.766611 0.000855668 21.584 -0.00248282 -17.3 -16.9338 -3.62094 -66.4421 32.9846 11.6145 1.93224 0.023087 0.130933 -2.63793e-05 8.93644e-09 5.0681e-08 -7.95139e-15 -10.8854 1.99105 -13.548 -76.1717 4.71708 63.5428 1.07938 -10.0794 -1.12755 0.0594312 -0.337047 0.000174805 5.62308e-06 -3.18901e-05 1.57596e-12 -0.93745 -10.6104 -7.24927 -1.30793 -4.42643 -5.26679 0.00328897 0.0561786 -0.00393106 4.69862 -24.4926 8.28845 -2.90267 52.8845 2.96091 -0.952381 -16.3182 5.65338 0.000420954 -7.32713 0.0168582 33.8418 -1.89958 -0.751784 -15.5159 5.19141 1.77846 -0.0129351 -10.2877 5.78477 0.0026537 -4.23998 -0.00292288
1734.04 2981.76 947.718 145.56 8.3823 -4.332 -0.00306201 -10.0666 4.15783 9.78629e-05 -1.14806 -7.87336 -0.655173 8.40852 4.99499 -0.954828 15.0908 5.16592 -0.994565 6.17999 5.58172 0.00799919 -0.677873 -0.000730608 19.2921 -0.0197325 -15.3702 -14.9512 -1.53411 -68.4137 31.5437 12.1699 1.73825 0.0127266 0.0721763 -8.01596e-06 -1.50716e-08 -8.54755e-08 4.77083e-15 -11.7694 1.88193 -11.168 -84.7258 10.0603 62.331 2.82107 -9.32652 -1.37484 0.0804572 -0.456286 0.00032037 8.28479e-06 -4.69854e-05 3.4016e-12 -1.24206 -9.54375 -8.81135 -1.77553 -3.7083 -6.4117 -0.0363662 0.43305 -0.0130502 -1.21674 -28.0866 5.00027 -0.907637 47.808 1.88174 -0.505344 -17.0668 5.60462 -0.00486399 -7.42048 0.0372217 31.6437 0.248249 -1.59915 -12.9769 3.09166 1.02702 -0.0226549 -10.3223 5.59262 0.00251275 -4.16638 -0.00375623
1742.04 3004.67 945.199 144.676 8.85746 -3.324 -0.00758093 -10.0218 4.13079 -0.00520144 -1.2137 -7.73564 -0.556901 8.24881 4.4763 -0.966249 14.8597 4.49648 -1.08102 5.92485 4.92423 0.00925498 -0.599379 -0.00148656 18.1982 -0.0348485 -13.7306 -11.5587 0.28122 -69.3138 29.6392 12.4986 1.62842 0.00137474 0.00779652 -9.35336e-08 -4.59523e-08 -2.60608e-07 -7.95139e-15 -11.9857 1.67593 -8.30736 -91.3744 15.0896 61.8948 3.42215 -8.19954 -1.18366 0.111217 -0.630714 0.000612145 -3.85777e-06 2.18785e-05 7.33913e-13 -2.0608 -8.161 -10.5761 -2.97243 -2.72111 -7.65856 -0.0990802 0.763851 -0.00609825 -7.82832 -30.922 0.159846 0.388142 40.8451 1.54076 -0.224032 -16.8739 5.42989 -0.0089269 -7.55445 0.0505235 29.8429 1.71279 -2.2575 -9.71648 1.85872 0.440268 -0.02522 -11.0001 5.46078 0.00144837 -4.098 -0.00285086
1751.05 3026.59 941.971 142.779 9.54887 -2.233 -0.0119694 -9.95719 4.17545 -0.0110728 -1.21755 -7.73618 -0.462343 8.04123 3.98196 -0.879267 14.5783 3.87855 -0.898203 5.67358 4.44183 0.00729757 -0.567543 -0.00126423 17.8424 -0.02267 -12.6633 -8.07041 1.82475 -69.3792 28.4189 12.5661 1.46181 -0.00483734 -0.0274339 -1.15809e-06 -7.02995e-08 -3.98688e-07 -7.95139e-15 -11.5303 1.39112 -5.55968 -94.9216 18.8158 62.1813 0.684879 -7.76384 -1.39809 0.210071 -1.1912 0.00218381 -2.63457e-05 0.000149414 3.43524e-11 -3.11099 -7.04175 -12.6511 -4.49278 -1.84075 -9.09082 -0.153229 0.802103 0.0154534 -14.2146 -32.5872 -5.6697 2.36653 32.7721 0.791946 -0.230787 -15.4429 5.34819 -0.0114738 -7.67955 0.0431423 28.5742 2.59901 -2.66653 -5.74615 1.84545 0.0786792 -0.0163619 -12.3689 5.41648 1.80378e-06 -4.04771 -0.00302973
1762.76 3049.3 937.703 140.203 10.273 -1.258 -0.012769 -9.92223 4.26624 -0.0121236 -1.14366 -7.887 -0.335724 7.8771 3.63014 -0.662155 14.3188 3.50087 -0.42163 5.48211 4.25725 0.00323099 -0.594664 -0.00137213 17.1749 0.0112511 -12.3504 -4.9214 3.1625 -68.8996 28.201 12.5484 1.30275 -0.0072008 -0.0408377 -2.5662e-06 -7.62066e-08 -4.32189e-07 -0 -10.4183 1.11102 -3.54669 -95.4235 20.7162 62.787 -6.02266 -8.22763 -2.37839 0.362253 -2.05354 0.00649249 1.68214e-05 -9.53989e-05 1.40064e-11 -4.18931 -6.76941 -15.1936 -6.05748 -1.46551 -10.8671 -0.159787 0.567499 0.0196919 -19.1544 -32.8457 -11.3023 5.41208 24.5953 -0.499973 -0.260746 -12.8621 5.53536 -0.0136751 -7.78891 0.0192401 27.5878 3.27357 -2.97198 -1.66882 2.97462 -0.15598 0.0144519 -14.337 5.45706 -0.00184436 -4.02705 -0.00427908
1779.36 3074.7 931.776 137.726 10.7706 -0.584 -0.0102241 -9.94253 4.3377 -0.00593334 -0.966604 -8.13388 -0.167772 7.7742 3.47617 -0.377595 14.0857 3.41046 0.149107 5.31756 4.34095 0.000199131 -0.650465 -0.0023189 15.3341 0.0257944 -12.6952 -1.91765 4.31549 -68.2474 28.4636 12.535 1.166 -0.00680314 -0.0385825 -2.29059e-06 -5.80687e-08 -3.29324e-07 1.74931e-14 -8.68537 0.907152 -2.64094 -93.8973 21.0568 63.3121 -15.1564 -9.06966 -3.16437 0.438338 -2.48436 0.00950474 7.12752e-05 -0.000404222 2.51404e-10 -5.3161 -7.30884 -18.0237 -7.691 -1.60191 -12.8791 -0.119825 0.338386 0.00549199 -21.8667 -31.8667 -15.4838 9.24079 17.315 -1.7523 -0.121759 -9.21991 5.86335 -0.0152419 -7.91581 -0.0065981 26.6347 4.1204 -3.39572 1.60885 4.96086 -0.386385 0.0862186 -16.5062 5.52422 -0.00440254 -4.04852 -0.00399659
1801.75 3103.94 924.563 136.088 10.8486 -0.391 -0.00885404 -9.99029 4.34033 0.00446004 -0.681474 -8.36854 -0.0469594 7.66282 3.48565 -0.177992 13.8344 3.51546 0.491579 5.09339 4.54878 -0.000530628 -0.71359 -0.00265386 12.217 0.0215803 -13.2973 1.3759 5.28339 -67.7953 28.3334 12.5246 0.98812 -0.00473677 -0.0268636 -1.11044e-06 -3.07508e-08 -1.74397e-07 -7.95139e-15 -6.38006 0.795154 -2.78738 -92.2715 20.7097 63.6878 -23.5504 -10.1752 -2.85942 0.329475 -1.86787 0.00537103 5.23577e-06 -2.96936e-05 1.35879e-12 -6.58775 -7.82395 -20.4732 -9.51726 -1.7171 -14.6185 -0.0728908 0.25848 -0.00423274 -22.7819 -30.0611 -17.7165 13.2951 11.8242 -2.43153 0.0911231 -4.65937 6.03748 -0.0141664 -8.06625 -0.0203627 25.5372 5.28915 -3.97891 3.72703 7.62456 -0.679522 0.228082 -17.9177 5.59821 -0.00740735 -4.12157 -0.00232225
1828.96 3136.39 917.816 135.461 10.5327 -0.667 -0.00917016 -10.0312 4.26916 0.0113353 -0.342713 -8.52086 -0.0856086 7.47059 3.55793 -0.203145 13.4999 3.68495 0.383925 4.70095 4.70529 0.00102513 -0.772272 -0.00158634 8.51068 0.0410516 -13.7212 4.91702 5.96675 -67.7136 27.2276 12.5516 0.746105 -0.00249207 -0.0141332 -3.07361e-07 -1.05206e-08 -5.96653e-08 -7.95139e-15 -3.63624 0.751694 -3.55602 -92.0784 20.3621 64.0998 -29.1205 -11.3868 -2.06843 0.143281 -0.812531 0.00101597 -1.0904e-05 6.18399e-05 5.8727e-12 -7.84568 -7.2377 -21.8884 -11.3957 -1.08667 -15.5926 -0.0397637 0.218589 -0.00178951 -23.0853 -27.8452 -18.4556 17.16 8.69072 -2.70213 0.267627 0.487926 5.89601 -0.0109474 -8.20757 -0.0181662 24.2525 6.36019 -4.61984 4.91168 11.1446 -1.08001 0.43493 -17.5041 5.74856 -0.0095775 -4.23983 -0.00169108
1859.51 3170.27 914.003 135.422 9.93341 -1.186 -0.00863285 -10.0677 4.14711 0.0106414 -0.0480956 -8.5926 -0.272296 7.22441 3.58261 -0.450224 13.0665 3.81099 -0.0743773 4.09706 4.6205 0.00350191 -0.813252 -0.000179633 5.06673 0.0832806 -13.7933 8.28463 6.30083 -67.8037 25.1552 12.7913 0.493038 -0.00132135 -0.00749375 -8.64102e-08 -2.4994e-09 -1.41748e-08 -9.54166e-15 -0.733177 0.751794 -4.53158 -94.1524 20.1623 64.9038 -31.9379 -12.2266 -1.65342 0.0327707 -0.185851 5.31496e-05 -8.665e-07 4.91417e-06 5.28767e-14 -8.67282 -4.95483 -21.9802 -12.7818 0.644635 -15.5755 -0.0184204 0.110787 0.00411358 -23.6354 -25.259 -18.4562 20.3054 7.43293 -2.8752 0.35776 6.12209 5.48503 -0.00737546 -8.31709 -0.00878222 23.1458 6.76849 -5.34303 5.50673 15.7553 -1.55844 0.615043 -14.2127 5.96672 -0.00966682 -4.37928 -0.00189248
1891.88 3203.9 914.181 135.309 9.32313 -1.504 -0.00397275 -10.1224 3.9982 0.00521988 0.137107 -8.65423 -0.520711 6.97175 3.40134 -0.766167 12.4916 3.71315 -0.594918 3.32274 4.18081 0.00548909 -0.827572 0.000438294 2.35258 0.110311 -13.4941 11.0972 6.42006 -67.5369 22.7041 13.2645 0.289768 -0.000787238 -0.00446465 -3.06719e-08 -1.32497e-09 -7.51426e-09 -1.19271e-14 1.66336 0.816435 -4.78633 -96.7156 19.835 66.156 -32.6216 -12.4631 -1.57325 0.00535693 -0.0303806 1.42023e-06 2.16727e-09 -1.22912e-08 1.25234e-14 -9.20074 -1.30037 -21.0415 -13.7489 3.22273 -14.7221 -0.0190983 0.048212 0.00391526 -24.2468 -22.6803 -18.183 22.9894 7.61882 -3.34565 0.332839 11.0569 5.12464 -0.00403345 -8.39854 -0.00178577 22.3391 5.79854 -6.18893 6.24282 21.7802 -2.36738 0.632821 -9.16105 6.07262 -0.0081943 -4.512 -0.00144093
1926.25 3237.35 918.527 135.147 8.27533 -2.119 2.56257e-15 -10.1986 3.83882 3.34831e-15 0.229183 -8.65166 -0.633816 6.89646 3.34217 -1.05266 12.0808 3.77325 -0.973333 2.52148 3.36646 2.48513e-14 -0.916732 -5.56668e-15 -0.229183 0 -13.4072 14.4883 6.73553 -67.2689 19.7164 14.2589 0.135213 -3.97569e-15 1.5704e-14 3.97569e-15 -3.97569e-15 1.5704e-14 3.97569e-15 4.40722 0.972063 -6.35931 -103.978 19.2392 67.8054 -33.8399 -12.4407 -1.64873 -0 2.90226e-14 -1.59028e-15 -0 2.90226e-14 -1.59028e-15 -8.87353 3.45196 -19.1287 -12.8493 6.26805 -13.0922 6.36111e-15 9.54166e-15 9.54166e-15 -25.5539 -18.5728 -17.7692 23.4701 6.31147 -2.73277 1.55651e-14 19.0795 4.92744 1.77869e-14 -8.47978 -3.21571e-15 22.8806 5.28461 -7.38476 5.36365 27.5134 -2.48348 6.36437e-15 1.83346 5.78687 3.19102e-15 -4.64096 1.59551e-15
1957.87 3267.76 921.804 133.696 8.97841 -0.406 -4.90442e-15 -10.3132 3.66693 -1.07842e-14 0.229183 -8.99544 -1.03739 6.4956 2.06574 -1.10766 10.8439 2.32874 -1.14536 1.61313 2.43915 -1.24256e-15 -0.916732 -2.18691e-15 -1.26051 3.18055e-15 -11.7456 14.6564 6.53851 -65.0998 18.7714 14.4185 0.077675 7.95139e-16 9.34288e-15 1.59028e-15 7.95139e-16 9.34288e-15 1.59028e-15 3.46905 1.1287 -0.0553466 -94.4577 18.7055 69.4559 -29.1434 -11.9803 -1.21073 -1.59028e-15 -1.30323e-14 -8.97035e-15 -1.59028e-15 -1.30323e-14 -8.97035e-15 -11.7892 7.06759 -17.8534 -17.1796 8.87929 -11.5378 3.18055e-15 6.36111e-15 -1.59028e-15 -23.3543 -19.7167 -17.5574 30.6276 11.8415 -6.92697 3.68552e-15 13.8656 4.87014 6.23422e-15 -8.42248 -4.82285e-15 20.6232 -1.34707 -8.55787 11.4079 38.2322 -7.11774 3.18792e-15 -3.89611 5.84417 3.19128e-15 -4.69825 -3.19128e-15
